match_id,minute,game_version,game_duration,blue_gold,red_gold,gold_diff,blue_xp,red_xp,xp_diff,blue_cs,red_cs,cs_diff,blue_kills,red_kills,kill_diff,blue_towers_destroyed,red_towers_destroyed,tower_diff,blue_dragons,red_dragons,dragon_diff,blue_dragons_to_soul,red_dragons_to_soul,blue_has_soul,red_has_soul,blue_elders,red_elders,blue_heralds,red_heralds,blue_barons,red_barons,blue_inhibs_alive,red_inhibs_alive,blue_nexus_turrets_alive,red_nexus_turrets_alive,blue_win
NA1_5645237317,0,16.18.817.5716,1623,2500,2500,0,0,0,0,0,0,0,0,0,0,0,0,0,0,0,0,4,4,0,0,0,0,0,0,0,0,3,3,2,2,0
NA1_5645237317,1,16.18.817.5716,1623,2515,2520,-5,0,0,0,0,1,-1,0,0,0,0,0,0,0,0,0,4,4,0,0,0,0,0,0,0,0,3,3,2,2,0
NA1_5645237317,2,16.18.817.5716,1623,3851,3837,14,2456,2503,-47,38,38,0,0,0,0,0,0,0,0,0,0,4,4,0,0,0,0,0,0,0,0,3,3,2,2,0
NA1_5645237317,3,16.18.817.5716,1623,5342,5469,-127,4995,5316,-321,80,86,-6,0,0,0,0,0,0,0,0,0,4,4,0,0,0,0,0,0,0,0,3,3,2,2,0
NA1_5645237317,4,16.18.817.5716,1623,6732,7302,-570,6711,7033,-322,110,117,-7,0,1,-1,0,0,0,0,0,0,4,4,0,0,0,0,0,0,0,0,3,3,2,2,0
NA1_5645237317,5,16.18.817.5716,1623,8496,8401,95,8748,8385,363,145,142,3,1,1,0,0,0,0,0,0,0,4,4,0,0,0,0,0,0,0,0,3,3,2,2,0
NA1_5645237317,6,16.18.817.5716,1623,10420,10381,39,10840,11061,-221,177,181,-4,2,2,0,0,0,0,0,0,0,4,4,0,0,0,0,0,0,0,0,3,3,2,2,0
NA1_5645237317,7,16.18.817.5716,1623,12727,12468,259,13438,13691,-253,214,224,-10,4,3,1,0,0,0,0,1,-1,4,3,0,0,0,0,0,0,0,0,3,3,2,2,0
NA1_5645237317,8,16.18.817.5716,1623,14721,14401,320,14821,14453,368,234,231,3,6,5,1,0,0,0,0,1,-1,4,3,0,0,0,0,0,0,0,0,3,3,2,2,0
NA1_5645237317,9,16.18.817.5716,1623,15979,15985,-6,16631,16846,-215,265,273,-8,6,5,1,0,0,0,0,1,-1,4,3,0,0,0,0,0,0,0,0,3,3,2,2,0
NA1_5645237317,10,16.18.817.5716,1623,18259,18603,-344,18662,18986,-324,296,300,-4,8,8,0,0,0,0,0,1,-1,4,3,0,0,0,0,0,0,0,0,3,3,2,2,0
NA1_5645237317,11,16.18.817.5716,1623,21851,19671,2180,22414,20132,2282,338,317,21,12,8,4,0,0,0,0,1,-1,4,3,0,0,0,0,0,0,0,0,3,3,2,2,0
NA1_5645237317,12,16.18.817.5716,1623,23293,23073,220,24848,23265,1583,371,359,12,12,10,2,0,0,0,0,1,-1,4,3,0,0,0,0,0,0,0,0,3,3,2,2,0
NA1_5645237317,13,16.18.817.5716,1623,25509,24777,732,27952,26250,1702,412,406,6,13,10,3,0,0,0,0,2,-2,4,2,0,0,0,0,0,0,0,0,3,3,2,2,0
NA1_5645237317,14,16.18.817.5716,1623,27794,26200,1594,30203,28799,1404,430,438,-8,15,10,5,0,0,0,0,2,-2,4,2,0,0,0,0,0,0,0,0,3,3,2,2,0
NA1_5645237317,15,16.18.817.5716,1623,30155,28830,1325,33726,31712,2014,483,476,7,16,11,5,0,0,0,0,2,-2,4,2,0,0,0,0,0,0,0,0,3,3,2,2,0
NA1_5645237317,16,16.18.817.5716,1623,31736,30592,1144,36122,34331,1791,522,523,-1,16,11,5,0,0,0,0,2,-2,4,2,0,0,0,0,0,0,0,0,3,3,2,2,0
NA1_5645237317,17,16.18.817.5716,1623,33159,33347,-188,37697,37504,193,549,546,3,16,13,3,0,1,-1,0,2,-2,4,2,0,0,0,0,0,1,0,0,3,3,2,2,0
NA1_5645237317,18,16.18.817.5716,1623,34268,36684,-2416,38726,42436,-3710,565,580,-15,16,17,-1,0,1,-1,0,3,-3,4,1,0,0,0,0,0,1,0,0,3,3,2,2,0
NA1_5645237317,19,16.18.817.5716,1623,35616,39556,-3940,40860,45646,-4786,597,625,-28,16,18,-2,0,2,-2,0,3,-3,4,1,0,0,0,0,0,1,0,0,3,3,2,2,0
NA1_5645237317,20,16.18.817.5716,1623,39259,41872,-2613,43912,48598,-4686,610,645,-35,19,20,-1,1,2,-1,0,3,-3,4,1,0,0,0,0,0,1,0,0,3,3,2,2,0
NA1_5645237317,21,16.18.817.5716,1623,40727,44112,-3385,45623,51644,-6021,638,679,-41,19,21,-2,1,3,-2,0,3,-3,4,1,0,0,0,0,0,1,0,0,3,3,2,2,0
NA1_5645237317,22,16.18.817.5716,1623,41831,49073,-7242,46701,56974,-10273,655,723,-68,19,25,-6,1,5,-4,0,3,-3,4,1,0,0,0,0,0,1,0,0,3,3,2,2,0
NA1_5645237317,23,16.18.817.5716,1623,43364,50817,-7453,49431,58950,-9519,700,744,-44,19,26,-7,1,6,-5,0,3,-3,4,1,0,0,0,0,0,1,0,0,3,3,2,2,0
NA1_5645237317,24,16.18.817.5716,1623,44687,52986,-8299,50913,62897,-11984,726,808,-82,19,26,-7,1,6,-5,0,4,-4,4,0,0,1,0,0,0,1,0,0,3,3,2,2,0
NA1_5645237317,25,16.18.817.5716,1623,48250,55134,-6884,55335,64947,-9612,778,845,-67,20,26,-6,2,6,-4,0,4,-4,4,0,0,1,0,0,0,1,0,0,3,3,2,2,0
NA1_5645237317,26,16.18.817.5716,1623,50365,56589,-6224,56934,66430,-9496,804,872,-68,20,26,-6,3,6,-3,0,4,-4,4,0,0,1,0,0,0,1,0,0,3,3,2,2,0
NA1_5645237317,27,16.18.817.5716,1623,52675,62677,-10002,58255,72284,-14029,808,906,-98,21,31,-10,3,8,-5,0,4,-4,4,0,0,1,0,0,0,1,0,0,2,3,0,2,0
NA1_5645237317,27,16.18.817.5716,1623,52698,62699,-10001,58255,72284,-14029,808,906,-98,21,31,-10,3,8,-5,0,4,-4,4,0,0,1,0,0,0,1,0,0,2,3,0,2,0
NA1_5646584801,0,16.18.817.5716,1524,2500,2500,0,0,0,0,0,0,0,0,0,0,0,0,0,0,0,0,4,4,0,0,0,0,0,0,0,0,3,3,2,2,1
NA1_5646584801,1,16.18.817.5716,1524,2505,2500,5,0,0,0,0,0,0,0,0,0,0,0,0,0,0,0,4,4,0,0,0,0,0,0,0,0,3,3,2,2,1
NA1_5646584801,2,16.18.817.5716,1524,3700,4392,-692,2085,2729,-644,31,41,-10,0,1,-1,0,0,0,0,0,0,4,4,0,0,0,0,0,0,0,0,3,3,2,2,1
NA1_5646584801,3,16.18.817.5716,1524,5085,6049,-964,4853,5037,-184,69,85,-16,0,1,-1,0,0,0,0,0,0,4,4,0,0,0,0,0,0,0,0,3,3,2,2,1
NA1_5646584801,4,16.18.817.5716,1524,6335,7857,-1522,6872,7193,-321,100,115,-15,0,2,-2,0,0,0,0,0,0,4,4,0,0,0,0,0,0,0,0,3,3,2,2,1
NA1_5646584801,5,16.18.817.5716,1524,7697,9640,-1943,9064,9663,-599,137,154,-17,0,3,-3,0,0,0,0,0,0,4,4,0,0,0,0,0,0,0,0,3,3,2,2,1
NA1_5646584801,6,16.18.817.5716,1524,9183,11315,-2132,11608,11681,-73,180,182,-2,0,4,-4,0,0,0,0,0,0,4,4,0,0,0,0,0,0,0,0,3,3,2,2,1
NA1_5646584801,7,16.18.817.5716,1524,10405,12714,-2309,13502,14325,-823,206,219,-13,0,4,-4,0,0,0,0,1,-1,4,3,0,0,0,0,0,0,0,0,3,3,2,2,1
NA1_5646584801,8,16.18.817.5716,1524,11713,14302,-2589,15552,16863,-1311,238,266,-28,0,4,-4,0,0,0,0,1,-1,4,3,0,0,0,0,0,0,0,0,3,3,2,2,1
NA1_5646584801,9,16.18.817.5716,1524,13271,16043,-2772,17677,19567,-1890,273,312,-39,0,4,-4,0,0,0,0,1,-1,4,3,0,0,0,0,0,0,0,0,3,3,2,2,1
NA1_5646584801,10,16.18.817.5716,1524,16332,18233,-1901,20494,21271,-777,306,339,-33,3,6,-3,0,0,0,0,1,-1,4,3,0,0,0,0,0,0,0,0,3,3,2,2,1
NA1_5646584801,11,16.18.817.5716,1524,18199,19833,-1634,22794,23457,-663,336,377,-41,4,6,-2,0,0,0,0,1,-1,4,3,0,0,0,0,0,0,0,0,3,3,2,2,1
NA1_5646584801,12,16.18.817.5716,1524,20439,21680,-1241,24926,25417,-491,361,403,-42,5,6,-1,1,0,1,0,1,-1,4,3,0,0,0,0,0,0,0,0,3,3,2,2,1
NA1_5646584801,13,16.18.817.5716,1524,22644,24492,-1848,27604,27792,-188,378,417,-39,7,9,-2,1,0,1,0,1,-1,4,3,0,0,0,0,0,0,0,0,3,3,2,2,1
NA1_5646584801,14,16.18.817.5716,1524,25253,26282,-1029,31552,30171,1381,432,456,-24,9,9,0,1,0,1,0,1,-1,4,3,0,0,0,0,0,0,0,0,3,3,2,2,1
NA1_5646584801,15,16.18.817.5716,1524,27919,28066,-147,35007,32850,2157,467,483,-16,11,10,1,1,0,1,1,1,0,3,3,0,0,0,0,0,0,0,0,3,3,2,2,1
NA1_5646584801,16,16.18.817.5716,1524,30108,30143,-35,37669,35508,2161,515,528,-13,11,10,1,2,1,1,1,1,0,3,3,0,0,0,0,1,0,0,0,3,3,2,2,1
NA1_5646584801,17,16.18.817.5716,1524,32323,31549,774,41351,37404,3947,562,562,0,12,10,2,2,1,1,1,1,0,3,3,0,0,0,0,1,0,0,0,3,3,2,2,1
NA1_5646584801,18,16.18.817.5716,1524,35970,32770,3200,44168,39283,4885,582,589,-7,15,10,5,4,1,3,1,1,0,3,3,0,0,0,0,1,0,0,0,3,3,2,2,1
NA1_5646584801,19,16.18.817.5716,1524,38177,35389,2788,46839,42385,4454,628,625,3,15,11,4,5,1,4,1,1,0,3,3,0,0,0,0,1,0,0,0,3,3,2,2,1
NA1_5646584801,20,16.18.817.5716,1524,40455,37457,2998,49590,44987,4603,658,666,-8,17,11,6,5,2,3,1,1,0,3,3,0,0,0,0,1,0,0,0,3,3,2,2,1
NA1_5646584801,21,16.18.817.5716,1524,42218,39073,3145,52229,47334,4895,704,706,-2,17,11,6,5,2,3,2,1,1,2,3,0,0,0,0,1,0,0,0,3,3,2,2,1
NA1_5646584801,22,16.18.817.5716,1524,45916,40432,5484,59045,48811,10234,726,728,-2,20,11,9,5,2,3,2,1,1,2,3,0,0,0,0,1,0,1,0,3,3,2,2,1
NA1_5646584801,23,16.18.817.5716,1524,47737,41329,6408,61204,49543,11661,763,736,27,20,11,9,5,2,3,2,1,1,2,3,0,0,0,0,1,0,1,0,3,3,2,2,1
NA1_5646584801,24,16.18.817.5716,1524,52225,42894,9331,65615,50773,14842,786,737,49,25,12,13,7,2,5,2,1,1,2,3,0,0,0,0,1,0,1,0,3,3,2,2,1
NA1_5646584801,25,16.18.817.5716,1524,56102,44322,11780,69336,53088,16248,821,769,52,29,12,17,9,2,7,2,1,1,2,3,0,0,0,0,1,0,1,0,3,2,2,2,1
NA1_5646584801,25,16.18.817.5716,1524,57273,44617,12656,70129,53156,16973,825,771,54,30,12,18,9,2,7,2,1,1,2,3,0,0,0,0,1,0,1,0,3,1,2,0,1
NA1_5645198853,0,16.18.817.5716,1826,2500,2500,0,0,0,0,0,0,0,0,0,0,0,0,0,0,0,0,4,4,0,0,0,0,0,0,0,0,3,3,2,2,0
NA1_5645198853,1,16.18.817.5716,1826,2510,2505,5,0,0,0,0,0,0,0,0,0,0,0,0,0,0,0,4,4,0,0,0,0,0,0,0,0,3,3,2,2,0
NA1_5645198853,2,16.18.817.5716,1826,3909,3834,75,2658,2570,88,43,38,5,0,0,0,0,0,0,0,0,0,4,4,0,0,0,0,0,0,0,0,3,3,2,2,0
NA1_5645198853,3,16.18.817.5716,1826,6167,5542,625,5438,4812,626,92,66,26,2,1,1,0,0,0,0,0,0,4,4,0,0,0,0,0,0,0,0,3,3,2,2,0
NA1_5645198853,4,16.18.817.5716,1826,7529,7211,318,7207,6848,359,126,97,29,2,2,0,0,0,0,0,0,0,4,4,0,0,0,0,0,0,0,0,3,3,2,2,0
NA1_5645198853,5,16.18.817.5716,1826,9263,8497,766,9428,8729,699,164,129,35,3,2,1,0,0,0,0,0,0,4,4,0,0,0,0,0,0,0,0,3,3,2,2,0
NA1_5645198853,6,16.18.817.5716,1826,11127,10710,417,11624,11274,350,203,176,27,4,3,1,0,0,0,0,0,0,4,4,0,0,0,0,0,0,0,0,3,3,2,2,0
NA1_5645198853,7,16.18.817.5716,1826,12533,12407,126,13592,13558,34,237,211,26,4,4,0,0,0,0,0,1,-1,4,3,0,0,0,0,0,0,0,0,3,3,2,2,0
NA1_5645198853,8,16.18.817.5716,1826,14568,13697,871,16197,15329,868,277,243,34,5,4,1,0,0,0,0,1,-1,4,3,0,0,0,0,0,0,0,0,3,3,2,2,0
NA1_5645198853,9,16.18.817.5716,1826,17230,15832,1398,18557,17406,1151,304,273,31,8,6,2,0,0,0,0,1,-1,4,3,0,0,0,0,0,0,0,0,3,3,2,2,0
NA1_5645198853,10,16.18.817.5716,1826,19148,17343,1805,21002,19634,1368,341,315,26,8,6,2,0,0,0,0,1,-1,4,3,0,0,0,0,0,0,0,0,3,3,2,2,0
NA1_5645198853,11,16.18.817.5716,1826,20960,18756,2204,23291,21358,1933,375,343,32,9,6,3,0,0,0,0,1,-1,4,3,0,0,0,0,0,0,0,0,3,3,2,2,0
NA1_5645198853,12,16.18.817.5716,1826,22953,20371,2582,25267,23194,2073,391,370,21,12,7,5,0,0,0,0,1,-1,4,3,0,0,0,0,0,0,0,0,3,3,2,2,0
NA1_5645198853,13,16.18.817.5716,1826,24962,22491,2471,28383,25453,2930,436,398,38,12,8,4,0,0,0,1,1,0,3,3,0,0,0,0,0,0,0,0,3,3,2,2,0
NA1_5645198853,14,16.18.817.5716,1826,26325,25160,1165,30660,29534,1126,469,434,35,12,10,2,0,0,0,1,1,0,3,3,0,0,0,0,0,0,0,0,3,3,2,2,0
NA1_5645198853,15,16.18.817.5716,1826,28706,27133,1573,32634,32361,273,497,466,31,12,11,1,1,0,1,1,1,0,3,3,0,0,0,0,0,0,0,0,3,3,2,2,0
NA1_5645198853,16,16.18.817.5716,1826,30410,30129,281,34758,36315,-1557,517,509,8,13,13,0,1,0,1,1,1,0,3,3,0,0,0,0,0,0,0,0,3,3,2,2,0
NA1_5645198853,17,16.18.817.5716,1826,32246,31627,619,38318,38420,-102,569,541,28,13,13,0,1,0,1,1,1,0,3,3,0,0,0,0,1,0,0,0,3,3,2,2,0
NA1_5645198853,18,16.18.817.5716,1826,34195,33948,247,40955,41549,-594,602,586,16,14,14,0,1,0,1,1,2,-1,3,2,0,0,0,0,1,0,0,0,3,3,2,2,0
NA1_5645198853,19,16.18.817.5716,1826,36093,35622,471,43894,43971,-77,628,609,19,15,15,0,2,0,2,1,2,-1,3,2,0,0,0,0,1,0,0,0,3,3,2,2,0
NA1_5645198853,20,16.18.817.5716,1826,38644,37349,1295,47336,46097,1239,669,634,35,16,16,0,3,0,3,1,2,-1,3,2,0,0,0,0,1,0,0,0,3,3,2,2,0
NA1_5645198853,21,16.18.817.5716,1826,40082,39768,314,48362,49001,-639,684,654,30,16,18,-2,3,0,3,1,2,-1,3,2,0,0,0,0,1,0,0,0,3,3,2,2,0
NA1_5645198853,22,16.18.817.5716,1826,41510,42179,-669,50725,52853,-2128,717,712,5,16,19,-3,3,0,3,1,2,-1,3,2,0,0,0,0,1,0,0,0,3,3,2,2,0
NA1_5645198853,23,16.18.817.5716,1826,44246,45211,-965,54243,55314,-1071,750,731,19,18,21,-3,3,2,1,1,2,-1,3,2,0,0,0,0,1,0,0,0,3,3,2,2,0
NA1_5645198853,24,16.18.817.5716,1826,46337,47369,-1032,56577,57760,-1183,762,746,16,20,23,-3,3,2,1,1,2,-1,3,2,0,0,0,0,1,0,0,0,3,3,2,2,0
NA1_5645198853,25,16.18.817.5716,1826,48214,48938,-724,58854,59564,-710,801,773,28,20,23,-3,3,2,1,1,3,-2,3,1,0,0,0,0,1,0,0,0,3,3,2,2,0
NA1_5645198853,26,16.18.817.5716,1826,49689,51327,-1638,60863,62378,-1515,835,816,19,20,24,-4,3,2,1,1,3,-2,3,1,0,0,0,0,1,0,0,0,3,3,2,2,0
NA1_5645198853,27,16.18.817.5716,1826,52400,55710,-3310,63709,69245,-5536,861,837,24,21,27,-6,3,3,0,1,3,-2,3,1,0,0,0,0,1,0,0,1,3,3,2,2,0
NA1_5645198853,28,16.18.817.5716,1826,53989,59939,-5950,64937,73543,-8606,869,865,4,22,31,-9,3,4,-1,1,3,-2,3,1,0,0,0,0,1,0,0,1,3,3,2,2,0
NA1_5645198853,29,16.18.817.5716,1826,55711,62017,-6306,67442,76211,-8769,909,911,-2,22,31,-9,3,5,-2,1,3,-2,3,1,0,0,0,0,1,0,0,1,3,3,2,2,0
NA1_5645198853,30,16.18.817.5716,1826,56581,66122,-9541,68128,81363,-13235,918,945,-27,22,35,-13,3,6,-3,1,4,-3,3,0,0,1,0,0,1,0,0,1,3,3,2,2,0
NA1_5645198853,30,16.18.817.5716,1826,56869,67602,-10733,68248,83125,-14877,918,954,-36,22,36,-14,3,6,-3,1,4,-3,3,0,0,1,0,0,1,0,0,1,2,3,0,2,0
NA1_5643969922,0,16.18.817.5716,1421,2500,2500,0,0,0,0,0,0,0,0,0,0,0,0,0,0,0,0,4,4,0,0,0,0,0,0,0,0,3,3,2,2,0
NA1_5643969922,1,16.18.817.5716,1421,2505,2500,5,0,0,0,0,0,0,0,0,0,0,0,0,0,0,0,4,4,0,0,0,0,0,0,0,0,3,3,2,2,0
NA1_5643969922,2,16.18.817.5716,1421,4332,4042,290,2479,2117,362,38,28,10,1,1,0,0,0,0,0,0,0,4,4,0,0,0,0,0,0,0,0,3,3,2,2,0
NA1_5643969922,3,16.18.817.5716,1421,5885,5517,368,3924,3877,47,61,53,8,2,2,0,0,0,0,0,0,0,4,4,0,0,0,0,0,0,0,0,3,3,2,2,0
NA1_5643969922,4,16.18.817.5716,1421,7613,7809,-196,6376,6544,-168,105,95,10,2,4,-2,0,0,0,0,0,0,4,4,0,0,0,0,0,0,0,0,3,3,2,2,0
NA1_5643969922,5,16.18.817.5716,1421,9245,9898,-653,8099,8668,-569,134,126,8,3,6,-3,0,0,0,0,0,0,4,4,0,0,0,0,0,0,0,0,3,3,2,2,0
NA1_5643969922,6,16.18.817.5716,1421,11437,12087,-650,10292,10682,-390,173,159,14,5,8,-3,0,0,0,0,0,0,4,4,0,0,0,0,0,0,0,0,3,3,2,2,0
NA1_5643969922,7,16.18.817.5716,1421,13243,13412,-169,12232,12612,-380,203,192,11,6,8,-2,0,0,0,0,1,-1,4,3,0,0,0,0,0,0,0,0,3,3,2,2,0
NA1_5643969922,8,16.18.817.5716,1421,14742,14757,-15,14736,14521,215,249,223,26,6,8,-2,0,0,0,0,1,-1,4,3,0,0,0,0,0,0,0,0,3,3,2,2,0
NA1_5643969922,9,16.18.817.5716,1421,16860,16649,211,17448,16917,531,290,257,33,7,9,-2,0,0,0,0,1,-1,4,3,0,0,0,0,0,0,0,0,3,3,2,2,0
NA1_5643969922,10,16.18.817.5716,1421,18675,18084,591,19711,19275,436,329,294,35,7,9,-2,0,0,0,0,1,-1,4,3,0,0,0,0,0,0,0,0,3,3,2,2,0
NA1_5643969922,11,16.18.817.5716,1421,20000,20959,-959,21614,22140,-526,362,329,33,7,12,-5,0,0,0,0,1,-1,4,3,0,0,0,0,0,0,0,0,3,3,2,2,0
NA1_5643969922,12,16.18.817.5716,1421,22445,22905,-460,24483,24815,-332,385,367,18,9,13,-4,0,0,0,0,1,-1,4,3,0,0,0,0,0,0,0,0,3,3,2,2,0
NA1_5643969922,13,16.18.817.5716,1421,24451,25049,-598,26774,27612,-838,414,397,17,10,14,-4,0,0,0,1,1,0,3,3,0,0,0,0,0,0,0,0,3,3,2,2,0
NA1_5643969922,14,16.18.817.5716,1421,26353,27608,-1255,29649,29951,-302,449,423,26,11,16,-5,0,0,0,1,1,0,3,3,0,0,0,0,0,0,0,0,3,3,2,2,0
NA1_5643969922,15,16.18.817.5716,1421,27927,29409,-1482,32207,32752,-545,485,466,19,11,16,-5,0,0,0,1,1,0,3,3,0,0,0,0,0,0,0,0,3,3,2,2,0
NA1_5643969922,16,16.18.817.5716,1421,31464,30973,491,36189,34761,1428,523,482,41,14,17,-3,1,0,1,1,1,0,3,3,0,0,0,0,0,0,0,0,3,3,2,2,0
NA1_5643969922,17,16.18.817.5716,1421,33913,34044,-131,39091,39067,24,563,513,50,14,20,-6,2,0,2,1,1,0,3,3,0,0,0,0,0,0,0,0,3,3,2,2,0
NA1_5643969922,18,16.18.817.5716,1421,35590,36960,-1370,40332,41630,-1298,583,543,40,14,21,-7,3,2,1,1,2,-1,3,2,0,0,0,0,0,0,0,0,3,3,2,2,0
NA1_5643969922,19,16.18.817.5716,1421,39535,39318,217,44268,43983,285,606,564,42,18,23,-5,4,3,1,1,2,-1,3,2,0,0,0,0,0,0,0,0,3,3,2,2,0
NA1_5643969922,20,16.18.817.5716,1421,41735,41565,170,47725,47303,422,649,602,47,19,24,-5,4,3,1,1,2,-1,3,2,0,0,0,0,0,0,0,0,3,3,2,2,0
NA1_5643969922,21,16.18.817.5716,1421,43030,43254,-224,49359,50062,-703,675,648,27,19,24,-5,4,3,1,1,2,-1,3,2,0,0,0,0,0,0,0,0,3,3,2,2,0
NA1_5643969922,22,16.18.817.5716,1421,44849,47565,-2716,51701,55024,-3323,702,679,23,20,28,-8,4,4,0,1,2,-1,3,2,0,0,0,0,0,0,0,0,3,3,2,2,0
NA1_5643969922,23,16.18.817.5716,1421,46320,49534,-3214,53539,56788,-3249,735,714,21,20,28,-8,4,5,-1,1,2,-1,3,2,0,0,0,0,0,0,0,0,3,3,2,2,0
NA1_5643969922,24,16.18.817.5716,1421,46780,53836,-7056,53539,63816,-10277,735,723,12,20,33,-13,4,5,-1,1,2,-1,3,2,0,0,0,0,0,0,0,1,3,3,2,2,0
NA1_5641543556,0,16.18.817.5716,1659,2500,2500,0,0,0,0,0,0,0,0,0,0,0,0,0,0,0,0,4,4,0,0,0,0,0,0,0,0,3,3,2,2,1
NA1_5641543556,1,16.18.817.5716,1659,2500,2500,0,0,0,0,0,0,0,0,0,0,0,0,0,0,0,0,4,4,0,0,0,0,0,0,0,0,3,3,2,2,1
NA1_5641543556,2,16.18.817.5716,1659,3998,3783,215,2711,2321,390,49,36,13,0,0,0,0,0,0,0,0,0,4,4,0,0,0,0,0,0,0,0,3,3,2,2,1
NA1_5641543556,3,16.18.817.5716,1659,5564,5785,-221,5076,5097,-21,90,82,8,0,1,-1,0,0,0,0,0,0,4,4,0,0,0,0,0,0,0,0,3,3,2,2,1
NA1_5641543556,4,16.18.817.5716,1659,7538,6911,627,6832,6857,-25,113,103,10,2,1,1,0,0,0,0,0,0,4,4,0,0,0,0,0,0,0,0,3,3,2,2,1
NA1_5641543556,5,16.18.817.5716,1659,9113,8407,706,9484,9242,242,165,147,18,2,1,1,0,0,0,0,0,0,4,4,0,0,0,0,0,0,0,0,3,3,2,2,1
NA1_5641543556,6,16.18.817.5716,1659,11019,9771,1248,11642,11202,440,201,180,21,3,1,2,0,0,0,0,1,-1,4,3,0,0,0,0,0,0,0,0,3,3,2,2,1
NA1_5641543556,7,16.18.817.5716,1659,12495,11280,1215,13546,13673,-127,233,220,13,3,1,2,0,0,0,0,1,-1,4,3,0,0,0,0,0,0,0,0,3,3,2,2,1
NA1_5641543556,8,16.18.817.5716,1659,13857,13171,686,15862,15792,70,270,249,21,3,2,1,0,0,0,0,1,-1,4,3,0,0,0,0,0,0,0,0,3,3,2,2,1
NA1_5641543556,9,16.18.817.5716,1659,15286,14723,563,17947,18115,-168,303,289,14,3,2,1,0,0,0,0,1,-1,4,3,0,0,0,0,0,0,0,0,3,3,2,2,1
NA1_5641543556,10,16.18.817.5716,1659,17224,17390,-166,19747,20935,-1188,332,320,12,4,4,0,0,0,0,0,1,-1,4,3,0,0,0,0,0,0,0,0,3,3,2,2,1
NA1_5641543556,11,16.18.817.5716,1659,19073,18979,94,22092,22953,-861,368,358,10,5,4,1,0,0,0,0,1,-1,4,3,0,0,0,0,0,0,0,0,3,3,2,2,1
NA1_5641543556,12,16.18.817.5716,1659,20859,21026,-167,24673,25832,-1159,395,406,-11,5,5,0,0,0,0,0,2,-2,4,2,0,0,0,0,0,0,0,0,3,3,2,2,1
NA1_5641543556,13,16.18.817.5716,1659,23274,23900,-626,27975,29093,-1118,433,437,-4,7,6,1,0,1,-1,0,2,-2,4,2,0,0,0,0,0,0,0,0,3,3,2,2,1
NA1_5641543556,14,16.18.817.5716,1659,26013,26172,-159,31352,31969,-617,468,467,1,9,8,1,0,1,-1,0,2,-2,4,2,0,0,0,0,0,0,0,0,3,3,2,2,1
NA1_5641543556,15,16.18.817.5716,1659,28133,28676,-543,34112,34687,-575,504,504,0,10,9,1,0,2,-2,0,2,-2,4,2,0,0,0,0,0,0,0,0,3,3,2,2,1
NA1_5641543556,16,16.18.817.5716,1659,30568,30375,193,37099,36437,662,541,530,11,12,10,2,0,2,-2,0,2,-2,4,2,0,0,0,0,0,0,0,0,3,3,2,2,1
NA1_5641543556,17,16.18.817.5716,1659,34405,31971,2434,41070,37904,3166,562,544,18,16,11,5,0,2,-2,0,3,-3,4,1,0,0,0,0,0,0,0,0,3,3,2,2,1
NA1_5641543556,18,16.18.817.5716,1659,36551,33490,3061,43541,40077,3464,609,581,28,16,11,5,1,2,-1,0,3,-3,4,1,0,0,0,0,0,0,0,0,3,3,2,2,1
NA1_5641543556,19,16.18.817.5716,1659,38586,36684,1902,46040,44214,1826,641,621,20,17,14,3,1,2,-1,0,3,-3,4,1,0,0,0,0,1,0,0,0,3,3,2,2,1
NA1_5641543556,20,16.18.817.5716,1659,40302,38003,2299,48300,45755,2545,679,649,30,17,14,3,1,2,-1,0,3,-3,4,1,0,0,0,0,1,0,0,0,3,3,2,2,1
NA1_5641543556,21,16.18.817.5716,1659,43407,40209,3198,51749,48392,3357,700,668,32,20,16,4,2,2,0,0,3,-3,4,1,0,0,0,0,1,0,0,0,3,3,2,2,1
NA1_5641543556,22,16.18.817.5716,1659,45929,41134,4795,54110,49060,5050,722,678,44,22,16,6,2,2,0,1,3,-2,3,1,0,0,0,0,1,0,0,0,3,3,2,2,1
NA1_5641543556,23,16.18.817.5716,1659,49988,41994,7994,60339,49993,10346,742,689,53,25,16,9,3,2,1,1,3,-2,3,1,0,0,0,0,1,0,1,0,3,3,2,2,1
NA1_5641543556,24,16.18.817.5716,1659,52140,45036,7104,62971,54376,8595,789,747,42,25,17,8,4,3,1,1,3,-2,3,1,0,0,0,0,1,0,1,0,3,3,2,2,1
NA1_5641543556,25,16.18.817.5716,1659,56318,46252,10066,67114,55764,11350,827,756,71,28,17,11,5,3,2,1,3,-2,3,1,0,0,0,0,1,0,1,0,3,2,2,1,1
NA1_5641543556,26,16.18.817.5716,1659,60389,48840,11549,71281,58957,12324,851,774,77,31,19,12,6,3,3,1,3,-2,3,1,0,0,0,0,1,0,1,0,3,2,2,0,1
NA1_5641543556,27,16.18.817.5716,1659,61384,53961,7423,71386,65069,6317,855,827,28,31,22,9,6,3,3,1,3,-2,3,1,0,0,0,0,1,0,1,0,3,2,2,0,1
NA1_5641543556,28,16.18.817.5716,1659,64638,54663,9975,74821,65648,9173,863,837,26,35,22,13,6,3,3,2,3,-1,2,1,0,0,0,0,1,0,1,0,3,2,2,0,1
NA1_5645435864,0,16.18.817.5716,2424,2500,2500,0,0,0,0,0,0,0,0,0,0,0,0,0,0,0,0,4,4,0,0,0,0,0,0,0,0,3,3,2,2,1
NA1_5645435864,1,16.18.817.5716,2424,2505,2500,5,0,0,0,0,0,0,0,0,0,0,0,0,0,0,0,4,4,0,0,0,0,0,0,0,0,3,3,2,2,1
NA1_5645435864,2,16.18.817.5716,2424,3814,3840,-26,2458,2413,45,36,40,-4,0,0,0,0,0,0,0,0,0,4,4,0,0,0,0,0,0,0,0,3,3,2,2,1
NA1_5645435864,3,16.18.817.5716,2424,5017,6073,-1056,4411,5200,-789,57,82,-25,0,1,-1,0,0,0,0,0,0,4,4,0,0,0,0,0,0,0,0,3,3,2,2,1
NA1_5645435864,4,16.18.817.5716,2424,6487,8213,-1726,6679,6938,-259,94,105,-11,0,3,-3,0,0,0,0,0,0,4,4,0,0,0,0,0,0,0,0,3,3,2,2,1
NA1_5645435864,5,16.18.817.5716,2424,8744,9938,-1194,8384,9110,-726,117,142,-25,2,4,-2,0,0,0,0,0,0,4,4,0,0,0,0,0,0,0,0,3,3,2,2,1
NA1_5645435864,6,16.18.817.5716,2424,10124,11782,-1658,10292,11665,-1373,150,187,-37,2,5,-3,0,0,0,0,0,0,4,4,0,0,0,0,0,0,0,0,3,3,2,2,1
NA1_5645435864,7,16.18.817.5716,2424,12225,13545,-1320,12020,13649,-1629,177,210,-33,4,6,-2,0,0,0,0,1,-1,4,3,0,0,0,0,0,0,0,0,3,3,2,2,1
NA1_5645435864,8,16.18.817.5716,2424,13965,15182,-1217,14350,16049,-1699,209,245,-36,5,7,-2,0,0,0,0,1,-1,4,3,0,0,0,0,0,0,0,0,3,3,2,2,1
NA1_5645435864,9,16.18.817.5716,2424,15392,16927,-1535,16007,18471,-2464,238,286,-48,5,8,-3,0,0,0,0,1,-1,4,3,0,0,0,0,0,0,0,0,3,3,2,2,1
NA1_5645435864,10,16.18.817.5716,2424,17692,19040,-1348,18113,20648,-2535,262,316,-54,7,10,-3,0,0,0,0,1,-1,4,3,0,0,0,0,0,0,0,0,3,3,2,2,1
NA1_5645435864,11,16.18.817.5716,2424,19563,20605,-1042,20127,22272,-2145,298,343,-45,7,10,-3,0,0,0,0,1,-1,4,3,0,0,0,0,0,0,0,0,3,3,2,2,1
NA1_5645435864,12,16.18.817.5716,2424,21840,21954,-114,23300,24252,-952,340,375,-35,9,10,-1,0,0,0,1,1,0,3,3,0,0,0,0,0,0,0,0,3,3,2,2,1
NA1_5645435864,13,16.18.817.5716,2424,25396,23804,1592,25870,26565,-695,361,396,-35,12,11,1,0,0,0,1,1,0,3,3,0,0,0,0,0,0,0,0,3,3,2,2,1
NA1_5645435864,14,16.18.817.5716,2424,28052,25997,2055,30071,29523,548,402,443,-41,14,12,2,0,0,0,1,1,0,3,3,0,0,0,0,0,0,0,0,3,3,2,2,1
NA1_5645435864,15,16.18.817.5716,2424,29584,29286,298,31944,32906,-962,426,480,-54,14,13,1,0,2,-2,1,1,0,3,3,0,0,0,0,0,0,0,0,3,3,2,2,1
NA1_5645435864,16,16.18.817.5716,2424,31451,33116,-1665,34054,37607,-3553,455,516,-61,15,17,-2,1,3,-2,1,1,0,3,3,0,0,0,0,0,0,0,0,3,3,2,2,1
NA1_5645435864,17,16.18.817.5716,2424,33468,34724,-1256,37103,39621,-2518,505,555,-50,15,17,-2,1,3,-2,1,1,0,3,3,0,0,0,0,0,0,0,0,3,3,2,2,1
NA1_5645435864,18,16.18.817.5716,2424,36147,36929,-782,39302,42369,-3067,538,581,-43,16,19,-3,3,3,0,1,2,-1,3,2,0,0,0,0,0,0,0,0,3,3,2,2,1
NA1_5645435864,19,16.18.817.5716,2424,37625,39960,-2335,41388,46370,-4982,572,619,-47,16,21,-5,3,3,0,1,2,-1,3,2,0,0,0,0,0,0,0,0,3,3,2,2,1
NA1_5645435864,20,16.18.817.5716,2424,38941,41456,-2515,43122,48888,-5766,598,657,-59,16,21,-5,3,3,0,1,2,-1,3,2,0,0,0,0,0,0,0,0,3,3,2,2,1
NA1_5645435864,21,16.18.817.5716,2424,42366,44189,-1823,46090,51207,-5117,619,684,-65,18,22,-4,4,4,0,1,2,-1,3,2,0,0,0,0,0,0,0,0,3,3,2,2,1
NA1_5645435864,22,16.18.817.5716,2424,44605,46836,-2231,48512,53746,-5234,643,699,-56,19,25,-6,4,4,0,1,2,-1,3,2,0,0,0,0,0,0,0,0,3,3,2,2,1
NA1_5645435864,23,16.18.817.5716,2424,48382,48044,338,52745,55207,-2462,675,723,-48,23,25,-2,4,4,0,1,2,-1,3,2,0,0,0,0,0,0,0,0,3,3,2,2,1
NA1_5645435864,24,16.18.817.5716,2424,52412,50561,1851,56561,58009,-1448,700,736,-36,25,28,-3,5,4,1,1,2,-1,3,2,0,0,0,0,0,0,0,0,3,3,2,2,1
NA1_5645435864,25,16.18.817.5716,2424,54380,52131,2249,59711,60485,-774,749,776,-27,26,28,-2,5,4,1,2,2,0,2,2,0,0,0,0,0,0,0,0,3,3,2,2,1
NA1_5645435864,26,16.18.817.5716,2424,56659,54435,2224,65341,63857,1484,780,819,-39,26,29,-3,5,4,1,2,2,0,2,2,0,0,0,0,0,0,1,0,3,3,2,2,1
NA1_5645435864,27,16.18.817.5716,2424,58348,58997,-649,66557,68780,-2223,785,848,-63,27,33,-6,5,5,0,2,2,0,2,2,0,0,0,0,0,0,1,0,3,3,2,2,1
NA1_5645435864,28,16.18.817.5716,2424,61307,60601,706,71095,70178,917,826,872,-46,29,33,-4,5,5,0,2,2,0,2,2,0,0,0,0,0,0,1,0,3,3,2,2,1
NA1_5645435864,29,16.18.817.5716,2424,63138,63845,-707,73234,75231,-1997,831,889,-58,31,37,-6,5,5,0,2,2,0,2,2,0,0,0,0,0,0,1,0,3,3,2,2,1
NA1_5645435864,30,16.18.817.5716,2424,65745,67189,-1444,76332,79073,-2741,850,900,-50,33,41,-8,5,5,0,2,2,0,2,2,0,0,0,0,0,0,1,0,3,3,2,2,1
NA1_5645435864,31,16.18.817.5716,2424,67014,70917,-3903,77554,82947,-5393,870,953,-83,33,42,-9,5,6,-1,2,3,-1,2,1,0,0,0,0,0,0,1,0,2,3,2,2,1
NA1_5645435864,32,16.18.817.5716,2424,69645,72589,-2944,80180,84776,-4596,894,983,-89,34,42,-8,5,6,-1,2,3,-1,2,1,0,0,0,0,0,0,1,0,2,3,2,2,1
NA1_5645435864,33,16.18.817.5716,2424,74103,74216,-113,88212,85438,2774,935,992,-57,36,42,-6,5,8,-3,2,3,-1,2,1,0,0,0,0,0,0,2,0,1,3,2,2,1
NA1_5645435864,34,16.18.817.5716,2424,76624,76318,306,91305,88482,2823,949,998,-49,38,45,-7,5,8,-3,2,3,-1,2,1,0,0,0,0,0,0,2,0,1,3,2,2,1
NA1_5645435864,35,16.18.817.5716,2424,78622,79003,-381,94519,92386,2133,983,1042,-59,39,46,-7,5,8,-3,2,3,-1,2,1,0,0,0,0,0,0,2,0,1,3,2,2,1
NA1_5645435864,36,16.18.817.5716,2424,81146,80734,412,98502,95061,3441,1009,1059,-50,41,47,-6,5,8,-3,2,4,-2,2,0,0,1,0,0,0,0,2,0,2,3,2,2,1
NA1_5645435864,37,16.18.817.5716,2424,82808,81844,964,100121,96198,3923,1035,1073,-38,41,47,-6,6,8,-2,2,4,-2,2,0,0,1,0,0,0,0,2,0,2,2,2,2,1
NA1_5645435864,38,16.18.817.5716,2424,84638,84267,371,102457,100222,2235,1073,1134,-61,41,47,-6,6,8,-2,2,4,-2,2,0,0,1,0,0,0,0,2,0,3,2,2,2,1
NA1_5645435864,39,16.18.817.5716,2424,87248,85488,1760,105556,101110,4446,1094,1145,-51,43,47,-4,6,8,-2,2,4,-2,2,0,0,1,0,0,0,0,2,0,3,2,2,2,1
NA1_5645435864,40,16.18.817.5716,2424,90548,86915,3633,111861,102730,9131,1121,1173,-52,44,47,-3,6,8,-2,2,4,-2,2,0,0,1,0,0,0,0,3,0,3,2,2,2,1
NA1_5645435864,40,16.18.817.5716,2424,91719,87381,4338,112587,103285,9302,1131,1178,-47,44,47,-3,6,8,-2,2,4,-2,2,0,0,1,0,0,0,0,3,0,3,2,2,0,1
NA1_5639870977,0,16.18.816.5012,1883,2500,2500,0,0,0,0,0,0,0,0,0,0,0,0,0,0,0,0,4,4,0,0,0,0,0,0,0,0,3,3,2,2,0
NA1_5639870977,1,16.18.816.5012,1883,2530,2505,25,0,0,0,1,0,1,0,0,0,0,0,0,0,0,0,4,4,0,0,0,0,0,0,0,0,3,3,2,2,0
NA1_5639870977,2,16.18.816.5012,1883,3932,3684,248,2638,2310,328,44,32,12,0,0,0,0,0,0,0,0,0,4,4,0,0,0,0,0,0,0,0,3,3,2,2,0
NA1_5639870977,3,16.18.816.5012,1883,5318,5019,299,4959,4698,261,79,65,14,0,0,0,0,0,0,0,0,0,4,4,0,0,0,0,0,0,0,0,3,3,2,2,0
NA1_5639870977,4,16.18.816.5012,1883,7406,7244,162,6542,6163,379,96,88,8,2,2,0,0,0,0,0,0,0,4,4,0,0,0,0,0,0,0,0,3,3,2,2,0
NA1_5639870977,5,16.18.816.5012,1883,9096,8697,399,8410,8432,-22,121,130,-9,3,2,1,0,0,0,0,0,0,4,4,0,0,0,0,0,0,0,0,3,3,2,2,0
NA1_5639870977,6,16.18.816.5012,1883,12371,10688,1683,10834,10676,158,155,154,1,6,4,2,0,0,0,0,0,0,4,4,0,0,0,0,0,0,0,0,3,3,2,2,0
NA1_5639870977,7,16.18.816.5012,1883,14051,12147,1904,12644,12561,83,189,186,3,7,4,3,0,0,0,0,0,0,4,4,0,0,0,0,0,0,0,0,3,3,2,2,0
NA1_5639870977,8,16.18.816.5012,1883,15400,13726,1674,14694,14939,-245,219,217,2,7,5,2,0,0,0,0,0,0,4,4,0,0,0,0,0,0,0,0,3,3,2,2,0
NA1_5639870977,9,16.18.816.5012,1883,17286,15498,1788,17468,16685,783,258,248,10,8,6,2,0,0,0,0,0,0,4,4,0,0,0,0,0,0,0,0,3,3,2,2,0
NA1_5639870977,10,16.18.816.5012,1883,18915,16890,2025,19500,18354,1146,291,277,14,9,6,3,0,0,0,0,0,0,4,4,0,0,0,0,0,0,0,0,3,3,2,2,0
NA1_5639870977,11,16.18.816.5012,1883,20317,18857,1460,21079,21352,-273,317,325,-8,9,7,2,0,0,0,0,0,0,4,4,0,0,0,0,0,0,0,0,3,3,2,2,0
NA1_5639870977,12,16.18.816.5012,1883,22234,20169,2065,23880,23340,540,366,358,8,9,7,2,0,0,0,1,0,1,3,4,0,0,0,0,0,0,0,0,3,3,2,2,0
NA1_5639870977,13,16.18.816.5012,1883,24378,22520,1858,25914,25628,286,396,390,6,9,8,1,1,0,1,1,0,1,3,4,0,0,0,0,0,0,0,0,3,3,2,2,0
NA1_5639870977,14,16.18.816.5012,1883,27189,25752,1437,27826,29191,-1365,424,420,4,10,11,-1,2,0,2,1,0,1,3,4,0,0,0,0,0,0,0,0,3,3,2,2,0
NA1_5639870977,15,16.18.816.5012,1883,29115,27464,1651,31764,32440,-676,464,454,10,11,12,-1,2,0,2,1,0,1,3,4,0,0,0,0,0,0,0,0,3,3,2,2,0
NA1_5639870977,16,16.18.816.5012,1883,30560,28930,1630,34148,34698,-550,498,485,13,11,12,-1,2,0,2,1,0,1,3,4,0,0,0,0,1,0,0,0,3,3,2,2,0
NA1_5639870977,17,16.18.816.5012,1883,32409,31318,1091,36215,37790,-1575,531,524,7,11,13,-2,2,1,1,1,1,0,3,3,0,0,0,0,1,0,0,0,3,3,2,2,0
NA1_5639870977,18,16.18.816.5012,1883,34047,33096,951,38631,40271,-1640,572,564,8,11,13,-2,2,2,0,1,1,0,3,3,0,0,0,0,1,0,0,0,3,3,2,2,0
NA1_5639870977,19,16.18.816.5012,1883,36188,36012,176,41367,43506,-2139,599,592,7,12,16,-4,2,2,0,1,1,0,3,3,0,0,0,0,1,0,0,0,3,3,2,2,0
NA1_5639870977,20,16.18.816.5012,1883,38024,37607,417,43896,46198,-2302,638,635,3,13,16,-3,2,2,0,1,1,0,3,3,0,0,0,0,1,0,0,0,3,3,2,2,0
NA1_5639870977,21,16.18.816.5012,1883,40068,40317,-249,46460,49063,-2603,646,650,-4,15,18,-3,2,3,-1,1,1,0,3,3,0,0,0,0,1,0,0,0,3,3,2,2,0
NA1_5639870977,22,16.18.816.5012,1883,42592,42156,436,49367,51776,-2409,688,684,4,16,19,-3,2,3,-1,1,1,0,3,3,0,0,0,0,1,0,0,0,3,3,2,2,0
NA1_5639870977,23,16.18.816.5012,1883,44911,43405,1506,51288,53833,-2545,725,713,12,16,19,-3,4,3,1,1,2,-1,3,2,0,0,0,0,1,0,0,0,3,3,2,2,0
NA1_5639870977,24,16.18.816.5012,1883,46047,48382,-2335,52701,59332,-6631,746,750,-4,16,24,-8,4,5,-1,1,2,-1,3,2,0,0,0,0,1,0,0,0,3,3,2,2,0
NA1_5639870977,25,16.18.816.5012,1883,47232,50199,-2967,54214,61770,-7556,770,793,-23,16,24,-8,4,5,-1,1,2,-1,3,2,0,0,0,0,1,0,0,0,3,3,2,2,0
NA1_5639870977,26,16.18.816.5012,1883,48965,52370,-3405,56479,63916,-7437,812,833,-21,16,24,-8,4,6,-2,1,2,-1,3,2,0,0,0,0,1,0,0,0,3,3,2,2,0
NA1_5639870977,27,16.18.816.5012,1883,50196,54417,-4221,58348,66577,-8229,831,863,-32,16,25,-9,4,6,-2,1,2,-1,3,2,0,0,0,0,1,0,0,0,3,3,2,2,0
NA1_5639870977,28,16.18.816.5012,1883,52365,58175,-5810,61062,70687,-9625,859,905,-46,17,28,-11,4,7,-3,1,2,-1,3,2,0,0,0,0,1,0,0,0,2,3,2,2,0
NA1_5639870977,29,16.18.816.5012,1883,55483,61547,-6064,65650,76192,-10542,882,940,-58,20,32,-12,4,7,-3,1,3,-2,3,1,0,0,0,0,1,0,0,0,2,3,2,2,0
NA1_5639870977,30,16.18.816.5012,1883,57145,63535,-6390,67746,77528,-9782,912,961,-49,20,32,-12,4,8,-4,1,3,-2,3,1,0,0,0,0,1,0,0,0,2,3,2,2,0
NA1_5639870977,31,16.18.816.5012,1883,58937,66687,-7750,70042,82569,-12527,928,988,-60,21,36,-15,4,8,-4,1,3,-2,3,1,0,0,0,0,1,0,0,0,2,3,2,2,0
NA1_5639870977,31,16.18.816.5012,1883,59187,67676,-8489,70042,83250,-13208,928,995,-67,21,36,-15,4,8,-4,1,3,-2,3,1,0,0,0,0,1,0,0,0,2,3,0,2,0
NA1_5644304911,0,16.18.817.5716,1441,2500,2500,0,0,0,0,0,0,0,0,0,0,0,0,0,0,0,0,4,4,0,0,0,0,0,0,0,0,3,3,2,2,1
NA1_5644304911,1,16.18.817.5716,1441,2505,2510,-5,0,0,0,0,0,0,0,0,0,0,0,0,0,0,0,4,4,0,0,0,0,0,0,0,0,3,3,2,2,1
NA1_5644304911,2,16.18.817.5716,1441,3740,3992,-252,2155,2605,-450,33,49,-16,0,0,0,0,0,0,0,0,0,4,4,0,0,0,0,0,0,0,0,3,3,2,2,1
NA1_5644304911,3,16.18.817.5716,1441,5681,5488,193,4582,4791,-209,66,87,-21,1,0,1,0,0,0,0,0,0,4,4,0,0,0,0,0,0,0,0,3,3,2,2,1
NA1_5644304911,4,16.18.817.5716,1441,7820,7164,656,6650,7215,-565,93,127,-34,3,0,3,0,0,0,0,0,0,4,4,0,0,0,0,0,0,0,0,3,3,2,2,1
NA1_5644304911,5,16.18.817.5716,1441,9831,8283,1548,9707,8631,1076,137,154,-17,5,0,5,0,0,0,0,0,0,4,4,0,0,0,0,0,0,0,0,3,3,2,2,1
NA1_5644304911,6,16.18.817.5716,1441,10947,9644,1303,11008,10930,78,159,188,-29,5,0,5,0,0,0,0,0,0,4,4,0,0,0,0,0,0,0,0,3,3,2,2,1
NA1_5644304911,7,16.18.817.5716,1441,12952,10896,2056,14291,12496,1795,207,214,-7,6,0,6,0,0,0,0,0,0,4,4,0,0,0,0,0,0,0,0,3,3,2,2,1
NA1_5644304911,8,16.18.817.5716,1441,14508,12629,1879,16230,14553,1677,236,245,-9,7,1,6,0,0,0,0,0,0,4,4,0,0,0,0,0,0,0,0,3,3,2,2,1
NA1_5644304911,9,16.18.817.5716,1441,16384,13781,2603,18575,15806,2769,270,266,4,8,1,7,0,0,0,0,0,0,4,4,0,0,0,0,0,0,0,0,3,3,2,2,1
NA1_5644304911,10,16.18.817.5716,1441,19072,15887,3185,20778,17564,3214,293,288,5,11,3,8,0,0,0,0,0,0,4,4,0,0,0,0,0,0,0,0,3,3,2,2,1
NA1_5644304911,11,16.18.817.5716,1441,22211,18316,3895,24393,19662,4731,344,318,26,15,4,11,0,0,0,0,0,0,4,4,0,0,0,0,0,0,0,0,3,3,2,2,1
NA1_5644304911,12,16.18.817.5716,1441,24770,19935,4835,27353,21930,5423,371,357,14,17,4,13,0,0,0,0,0,0,4,4,0,0,0,0,0,0,0,0,3,3,2,2,1
NA1_5644304911,13,16.18.817.5716,1441,27191,21701,5490,30834,23826,7008,415,375,40,19,5,14,0,0,0,0,0,0,4,4,0,0,0,0,0,0,0,0,3,3,2,2,1
NA1_5644304911,14,16.18.817.5716,1441,31198,23603,7595,34538,25337,9201,454,389,65,23,6,17,2,0,2,0,0,0,4,4,0,0,0,0,0,0,0,0,3,3,2,2,1
NA1_5644304911,15,16.18.817.5716,1441,34004,25033,8971,38621,27542,11079,502,423,79,25,6,19,3,0,3,0,0,0,4,4,0,0,0,0,0,0,0,0,3,3,2,2,1
NA1_5644304911,16,16.18.817.5716,1441,35381,28751,6630,40276,32693,7583,531,472,59,25,9,16,3,0,3,1,0,1,3,4,0,0,0,0,0,0,0,0,3,3,2,2,1
NA1_5644304911,17,16.18.817.5716,1441,37382,32360,5022,42588,35808,6780,551,496,55,27,11,16,3,0,3,1,0,1,3,4,0,0,0,0,0,1,0,0,3,3,2,2,1
NA1_5644304911,18,16.18.817.5716,1441,40626,34121,6505,45561,38593,6968,592,535,57,28,12,16,3,0,3,1,0,1,3,4,0,0,0,0,0,1,0,0,3,3,2,2,1
NA1_5644304911,19,16.18.817.5716,1441,44335,36769,7566,49821,41116,8705,635,564,71,31,13,18,5,1,4,1,0,1,3,4,0,0,0,0,0,1,0,0,3,3,2,2,1
NA1_5644304911,20,16.18.817.5716,1441,46212,40585,5627,51394,44993,6401,650,588,62,33,16,17,5,1,4,1,0,1,3,4,0,0,0,0,0,1,0,0,3,3,2,2,1
NA1_5644304911,21,16.18.817.5716,1441,47727,42996,4731,53500,47441,6059,685,624,61,33,16,17,5,1,4,1,1,0,3,3,0,0,0,0,0,1,0,0,3,3,2,2,1
NA1_5644304911,22,16.18.817.5716,1441,50159,45599,4560,59293,50869,8424,713,663,50,34,17,17,5,2,3,1,1,0,3,3,0,0,0,0,0,1,1,0,3,3,2,2,1
NA1_5644304911,23,16.18.817.5716,1441,53124,47162,5962,61911,52352,9559,739,674,65,36,18,18,6,2,4,1,1,0,3,3,0,0,0,0,0,1,1,0,3,2,2,2,1
NA1_5644304911,24,16.18.817.5716,1441,56697,48579,8118,66028,53341,12687,760,674,86,40,19,21,6,2,4,1,1,0,3,3,0,0,0,0,0,1,1,0,3,2,2,0,1
NA1_5644304911,24,16.18.817.5716,1441,56708,48590,8118,66028,53341,12687,760,674,86,40,19,21,6,2,4,1,1,0,3,3,0,0,0,0,0,1,1,0,3,2,2,0,1
NA1_5641037383,0,16.18.817.5716,1651,2500,2500,0,0,0,0,0,0,0,0,0,0,0,0,0,0,0,0,4,4,0,0,0,0,0,0,0,0,3,3,2,2,0
NA1_5641037383,1,16.18.817.5716,1651,2500,2500,0,0,0,0,0,0,0,0,0,0,0,0,0,0,0,0,4,4,0,0,0,0,0,0,0,0,3,3,2,2,0
NA1_5641037383,2,16.18.817.5716,1651,3694,4302,-608,2115,2486,-371,33,37,-4,0,1,-1,0,0,0,0,0,0,4,4,0,0,0,0,0,0,0,0,3,3,2,2,0
NA1_5641037383,3,16.18.817.5716,1651,5187,5766,-579,4446,4539,-93,72,74,-2,0,1,-1,0,0,0,0,0,0,4,4,0,0,0,0,0,0,0,0,3,3,2,2,0
NA1_5641037383,4,16.18.817.5716,1651,6758,7073,-315,6541,6552,-11,99,108,-9,1,1,0,0,0,0,0,0,0,4,4,0,0,0,0,0,0,0,0,3,3,2,2,0
NA1_5641037383,5,16.18.817.5716,1651,7968,8524,-556,8439,8430,9,130,139,-9,1,1,0,0,0,0,0,0,0,4,4,0,0,0,0,0,0,0,0,3,3,2,2,0
NA1_5641037383,6,16.18.817.5716,1651,9957,9756,201,11375,10234,1141,178,168,10,2,1,1,0,0,0,1,0,1,3,4,0,0,0,0,0,0,0,0,3,3,2,2,0
NA1_5641037383,7,16.18.817.5716,1651,11960,12079,-119,12472,11999,473,189,188,1,4,3,1,0,0,0,1,0,1,3,4,0,0,0,0,0,0,0,0,3,3,2,2,0
NA1_5641037383,8,16.18.817.5716,1651,13129,13550,-421,14460,14201,259,216,230,-14,4,3,1,0,0,0,1,0,1,3,4,0,0,0,0,0,0,0,0,3,3,2,2,0
NA1_5641037383,9,16.18.817.5716,1651,15426,16036,-610,16805,16852,-47,247,271,-24,5,5,0,0,0,0,1,0,1,3,4,0,0,0,0,0,0,0,0,3,3,2,2,0
NA1_5641037383,10,16.18.817.5716,1651,17360,17649,-289,19510,19291,219,296,319,-23,5,5,0,0,0,0,1,0,1,3,4,0,0,0,0,0,0,0,0,3,3,2,2,0
NA1_5641037383,11,16.18.817.5716,1651,18752,20106,-1354,21535,22160,-625,331,359,-28,5,7,-2,0,0,0,1,0,1,3,4,0,0,0,0,0,0,0,0,3,3,2,2,0
NA1_5641037383,12,16.18.817.5716,1651,19935,21636,-1701,22980,24014,-1034,357,390,-33,5,7,-2,0,0,0,1,1,0,3,3,0,0,0,0,0,0,0,0,3,3,2,2,0
NA1_5641037383,13,16.18.817.5716,1651,21783,24658,-2875,25488,26659,-1171,376,412,-36,6,10,-4,0,0,0,1,1,0,3,3,0,0,0,0,0,0,0,0,3,3,2,2,0
NA1_5641037383,14,16.18.817.5716,1651,24174,27213,-3039,28641,30462,-1821,419,459,-40,7,12,-5,0,0,0,1,1,0,3,3,0,0,0,0,0,0,0,0,3,3,2,2,0
NA1_5641037383,15,16.18.817.5716,1651,28388,30210,-1822,32158,32864,-706,451,487,-36,10,14,-4,0,1,-1,1,1,0,3,3,0,0,0,0,0,0,0,0,3,3,2,2,0
NA1_5641037383,16,16.18.817.5716,1651,30489,33670,-3181,34112,35973,-1861,482,529,-47,10,15,-5,1,3,-2,1,1,0,3,3,0,0,0,0,0,1,0,0,3,3,2,2,0
NA1_5641037383,17,16.18.817.5716,1651,32469,36778,-4309,36256,39626,-3370,510,560,-50,11,18,-7,1,4,-3,1,1,0,3,3,0,0,0,0,0,1,0,0,3,3,2,2,0
NA1_5641037383,18,16.18.817.5716,1651,34630,39695,-5065,39608,43005,-3397,548,584,-36,12,21,-9,1,4,-3,1,2,-1,3,2,0,0,0,0,0,1,0,0,3,3,2,2,0
NA1_5641037383,19,16.18.817.5716,1651,38721,42023,-3302,43499,44921,-1422,574,607,-33,16,22,-6,1,5,-4,1,2,-1,3,2,0,0,0,0,0,1,0,0,3,3,2,2,0
NA1_5641037383,20,16.18.817.5716,1651,41067,44384,-3317,46358,47732,-1374,611,644,-33,17,23,-6,1,5,-4,1,2,-1,3,2,0,0,0,0,0,1,0,0,3,3,2,2,0
NA1_5641037383,21,16.18.817.5716,1651,44158,45515,-1357,49736,48374,1362,625,657,-32,21,23,-2,1,5,-4,1,2,-1,3,2,0,0,0,0,0,1,0,0,3,3,2,2,0
NA1_5641037383,22,16.18.817.5716,1651,46744,47740,-996,55272,51435,3837,652,681,-29,22,25,-3,1,5,-4,1,2,-1,3,2,0,0,0,0,0,1,1,0,3,3,2,2,0
NA1_5641037383,23,16.18.817.5716,1651,47979,50142,-2163,56564,54053,2511,671,700,-29,22,27,-5,1,5,-4,1,2,-1,3,2,0,0,0,0,0,1,1,0,3,3,2,2,0
NA1_5641037383,24,16.18.817.5716,1651,49598,52886,-3288,58434,58253,181,687,737,-50,23,29,-6,1,5,-4,1,3,-2,3,1,0,0,0,0,0,1,1,0,3,3,2,2,0
NA1_5641037383,25,16.18.817.5716,1651,51278,55340,-4062,60921,60356,565,731,762,-31,23,30,-7,1,5,-4,1,3,-2,3,1,0,0,0,0,0,1,1,0,3,3,2,2,0
NA1_5641037383,26,16.18.817.5716,1651,52915,58705,-5790,62745,64811,-2066,762,814,-52,23,32,-9,1,5,-4,1,3,-2,3,1,0,0,0,0,0,1,1,0,3,3,2,2,0
NA1_5641037383,27,16.18.817.5716,1651,55419,64989,-9570,65547,70507,-4960,769,833,-64,26,38,-12,1,7,-6,1,3,-2,3,1,0,0,0,0,0,1,1,0,2,3,1,2,0
NA1_5641037383,28,16.18.817.5716,1651,55757,65900,-10143,65547,71164,-5617,769,845,-76,26,38,-12,1,7,-6,1,3,-2,3,1,0,0,0,0,0,1,1,0,2,3,0,2,0
NA1_5641817389,0,16.18.817.5716,1769,2500,2500,0,0,0,0,0,0,0,0,0,0,0,0,0,0,0,0,4,4,0,0,0,0,0,0,0,0,3,3,2,2,1
NA1_5641817389,1,16.18.817.5716,1769,2505,2525,-20,0,62,-62,0,1,-1,0,0,0,0,0,0,0,0,0,4,4,0,0,0,0,0,0,0,0,3,3,2,2,1
NA1_5641817389,2,16.18.817.5716,1769,3851,4118,-267,2357,2336,21,41,31,10,0,1,-1,0,0,0,0,0,0,4,4,0,0,0,0,0,0,0,0,3,3,2,2,1
NA1_5641817389,3,16.18.817.5716,1769,5396,5530,-134,4773,4544,229,84,70,14,0,1,-1,0,0,0,0,0,0,4,4,0,0,0,0,0,0,0,0,3,3,2,2,1
NA1_5641817389,4,16.18.817.5716,1769,7360,6825,535,7612,6616,996,131,106,25,1,1,0,0,0,0,0,0,0,4,4,0,0,0,0,0,0,0,0,3,3,2,2,1
NA1_5641817389,5,16.18.817.5716,1769,8630,8083,547,9497,8525,972,165,136,29,1,1,0,0,0,0,0,0,0,4,4,0,0,0,0,0,0,0,0,3,3,2,2,1
NA1_5641817389,6,16.18.817.5716,1769,10481,9440,1041,12247,10536,1711,207,171,36,2,1,1,0,0,0,0,0,0,4,4,0,0,0,0,0,0,0,0,3,3,2,2,1
NA1_5641817389,7,16.18.817.5716,1769,11764,10842,922,14111,12645,1466,241,206,35,2,1,1,0,0,0,0,0,0,4,4,0,0,0,0,0,0,0,0,3,3,2,2,1
NA1_5641817389,8,16.18.817.5716,1769,13566,12028,1538,17037,14676,2361,294,237,57,2,1,1,0,0,0,0,0,0,4,4,0,0,0,0,0,0,0,0,3,3,2,2,1
NA1_5641817389,9,16.18.817.5716,1769,15020,13955,1065,19341,17270,2071,329,274,55,2,2,0,0,0,0,1,0,1,3,4,0,0,0,0,0,0,0,0,3,3,2,2,1
NA1_5641817389,10,16.18.817.5716,1769,17161,15525,1636,22039,19994,2045,370,319,51,3,2,1,0,0,0,1,0,1,3,4,0,0,0,0,0,0,0,0,3,3,2,2,1
NA1_5641817389,11,16.18.817.5716,1769,18338,17341,997,23778,22102,1676,398,350,48,3,3,0,0,0,0,1,0,1,3,4,0,0,0,0,0,0,0,0,3,3,2,2,1
NA1_5641817389,12,16.18.817.5716,1769,20782,19436,1346,26816,24419,2397,428,387,41,5,4,1,0,0,0,1,0,1,3,4,0,0,0,0,0,0,0,0,3,3,2,2,1
NA1_5641817389,13,16.18.817.5716,1769,22662,22305,357,28867,28258,609,465,421,44,5,6,-1,0,0,0,1,0,1,3,4,0,0,0,0,0,0,0,0,3,3,2,2,1
NA1_5641817389,14,16.18.817.5716,1769,25712,24368,1344,31762,31058,704,491,456,35,8,8,0,0,0,0,1,0,1,3,4,0,0,0,0,0,0,0,0,3,3,2,2,1
NA1_5641817389,15,16.18.817.5716,1769,26827,28433,-1606,33189,34706,-1517,511,473,38,8,13,-5,0,0,0,2,0,2,2,4,0,0,0,0,0,0,0,0,3,3,2,2,1
NA1_5641817389,16,16.18.817.5716,1769,29613,30189,-576,36203,36795,-592,548,514,34,9,13,-4,1,0,1,2,0,2,2,4,0,0,0,0,0,0,0,0,3,3,2,2,1
NA1_5641817389,17,16.18.817.5716,1769,32432,31575,857,40142,38794,1348,589,545,44,11,13,-2,1,0,1,2,0,2,2,4,0,0,0,0,1,0,0,0,3,3,2,2,1
NA1_5641817389,18,16.18.817.5716,1769,34624,33527,1097,42693,40754,1939,630,574,56,11,14,-3,2,1,1,2,0,2,2,4,0,0,0,0,1,0,0,0,3,3,2,2,1
NA1_5641817389,19,16.18.817.5716,1769,36196,35854,342,45283,43808,1475,672,611,61,11,15,-4,2,2,0,2,0,2,2,4,0,0,0,0,1,0,0,0,3,3,2,2,1
NA1_5641817389,20,16.18.817.5716,1769,38009,37522,487,47832,46111,1721,718,638,80,11,16,-5,2,2,0,2,1,1,2,3,0,0,0,0,1,0,0,0,3,3,2,2,1
NA1_5641817389,21,16.18.817.5716,1769,40335,40376,-41,50631,50209,422,748,669,79,12,19,-7,3,2,1,2,1,1,2,3,0,0,0,0,1,0,0,0,3,3,2,2,1
NA1_5641817389,22,16.18.817.5716,1769,42441,42704,-263,52264,55893,-3629,779,708,71,12,19,-7,4,2,2,2,1,1,2,3,0,0,0,0,1,0,0,1,3,3,2,2,1
NA1_5641817389,23,16.18.817.5716,1769,43661,45366,-1705,54483,58658,-4175,804,737,67,12,21,-9,4,2,2,2,1,1,2,3,0,0,0,0,1,0,0,1,3,3,2,2,1
NA1_5641817389,24,16.18.817.5716,1769,45062,47468,-2406,55953,61133,-5180,832,760,72,12,22,-10,4,3,1,2,1,1,2,3,0,0,0,0,1,0,0,1,3,3,2,2,1
NA1_5641817389,25,16.18.817.5716,1769,47366,49467,-2101,59021,63829,-4808,872,792,80,13,23,-10,4,3,1,2,1,1,2,3,0,0,0,0,1,0,0,1,3,3,2,2,1
NA1_5641817389,26,16.18.817.5716,1769,51097,51691,-594,63455,66508,-3053,872,797,75,18,26,-8,4,3,1,2,1,1,2,3,0,0,0,0,1,0,0,1,3,3,2,2,1
NA1_5641817389,27,16.18.817.5716,1769,53706,52632,1074,67169,67222,-53,898,806,92,20,26,-6,4,3,1,3,1,2,1,3,0,0,0,0,1,0,0,1,3,3,2,2,1
NA1_5641817389,28,16.18.817.5716,1769,56872,54432,2440,71747,69863,1884,923,851,72,20,26,-6,6,3,3,3,1,2,1,3,0,0,0,0,1,0,1,1,3,3,2,2,1
NA1_5641817389,29,16.18.817.5716,1769,60970,55597,5373,75456,70953,4503,957,869,88,22,26,-4,8,3,5,3,1,2,1,3,0,0,0,0,1,0,1,1,3,2,2,2,1
NA1_5641817389,29,16.18.817.5716,1769,64518,55948,8570,79247,71068,8179,975,870,105,25,26,-1,8,3,5,3,1,2,1,3,0,0,0,0,1,0,1,1,3,2,2,0,1
NA1_5645523959,0,16.18.817.5716,1713,2500,2500,0,0,0,0,0,0,0,0,0,0,0,0,0,0,0,0,4,4,0,0,0,0,0,0,0,0,3,3,2,2,1
NA1_5645523959,1,16.18.817.5716,1713,3045,2500,545,88,0,88,1,0,1,1,0,1,0,0,0,0,0,0,4,4,0,0,0,0,0,0,0,0,3,3,2,2,1
NA1_5645523959,2,16.18.817.5716,1713,4320,3829,491,2411,2516,-105,37,37,0,1,0,1,0,0,0,0,0,0,4,4,0,0,0,0,0,0,0,0,3,3,2,2,1
NA1_5645523959,3,16.18.817.5716,1713,6802,5951,851,4855,4580,275,72,68,4,4,2,2,0,0,0,0,0,0,4,4,0,0,0,0,0,0,0,0,3,3,2,2,1
NA1_5645523959,4,16.18.817.5716,1713,9389,8005,1384,6839,6484,355,99,85,14,7,4,3,0,0,0,0,0,0,4,4,0,0,0,0,0,0,0,0,3,3,2,2,1
NA1_5645523959,5,16.18.817.5716,1713,11102,9321,1781,9305,8437,868,138,116,22,8,4,4,0,0,0,0,0,0,4,4,0,0,0,0,0,0,0,0,3,3,2,2,1
NA1_5645523959,6,16.18.817.5716,1713,12913,11312,1601,12009,10116,1893,181,139,42,9,6,3,0,0,0,0,0,0,4,4,0,0,0,0,0,0,0,0,3,3,2,2,1
NA1_5645523959,7,16.18.817.5716,1713,14766,12703,2063,13907,12321,1586,208,172,36,11,6,5,0,0,0,0,0,0,4,4,0,0,0,0,0,0,0,0,3,3,2,2,1
NA1_5645523959,8,16.18.817.5716,1713,16169,14309,1860,16156,14270,1886,245,208,37,11,7,4,0,0,0,0,0,0,4,4,0,0,0,0,0,0,0,0,3,3,2,2,1
NA1_5645523959,9,16.18.817.5716,1713,17777,16834,943,18155,17572,583,277,250,27,12,9,3,0,0,0,0,1,-1,4,3,0,0,0,0,0,0,0,0,3,3,2,2,1
NA1_5645523959,10,16.18.817.5716,1713,20296,18643,1653,20655,19410,1245,303,268,35,15,11,4,0,0,0,0,1,-1,4,3,0,0,0,0,0,0,0,0,3,3,2,2,1
NA1_5645523959,11,16.18.817.5716,1713,21645,20857,788,22357,21795,562,334,292,42,15,13,2,0,0,0,0,1,-1,4,3,0,0,0,0,0,0,0,0,3,3,2,2,1
NA1_5645523959,12,16.18.817.5716,1713,24226,22179,2047,25838,23092,2746,368,311,57,18,13,5,0,0,0,0,1,-1,4,3,0,0,0,0,0,0,0,0,3,3,2,2,1
NA1_5645523959,13,16.18.817.5716,1713,26328,24154,2174,27041,25771,1270,391,352,39,18,14,4,1,0,1,0,1,-1,4,3,0,0,0,0,0,0,0,0,3,3,2,2,1
NA1_5645523959,14,16.18.817.5716,1713,28317,25048,3269,29928,27227,2701,436,365,71,19,14,5,1,0,1,0,1,-1,4,3,0,0,0,0,0,0,0,0,3,3,2,2,1
NA1_5645523959,15,16.18.817.5716,1713,30557,27055,3502,32387,29808,2579,452,383,69,21,16,5,1,0,1,0,1,-1,4,3,0,0,0,0,0,0,0,0,3,3,2,2,1
NA1_5645523959,16,16.18.817.5716,1713,32560,29319,3241,35310,31959,3351,483,407,76,23,18,5,1,0,1,0,2,-2,4,2,0,0,0,0,1,0,0,0,3,3,2,2,1
NA1_5645523959,17,16.18.817.5716,1713,35121,31078,4043,38367,34886,3481,524,455,69,24,18,6,2,0,2,0,2,-2,4,2,0,0,0,0,1,0,0,0,3,3,2,2,1
NA1_5645523959,18,16.18.817.5716,1713,38550,34448,4102,42050,38785,3265,540,482,58,28,21,7,3,0,3,0,2,-2,4,2,0,0,0,0,1,0,0,0,3,3,2,2,1
NA1_5645523959,19,16.18.817.5716,1713,40553,36487,4066,45055,40463,4592,592,514,78,28,21,7,3,2,1,0,2,-2,4,2,0,0,0,0,1,0,0,0,3,3,2,2,1
NA1_5645523959,20,16.18.817.5716,1713,44038,38689,5349,48770,43303,5467,624,551,73,31,22,9,4,3,1,0,2,-2,4,2,0,0,0,0,1,0,0,0,3,3,2,2,1
NA1_5645523959,21,16.18.817.5716,1713,46181,41897,4284,51099,47052,4047,655,585,70,32,24,8,4,3,1,0,2,-2,4,2,0,0,0,0,1,0,0,0,3,3,2,2,1
NA1_5645523959,22,16.18.817.5716,1713,47505,45098,2407,52289,51262,1027,667,621,46,33,27,6,4,3,1,0,3,-3,4,1,0,0,0,0,1,0,0,0,3,3,2,2,1
NA1_5645523959,23,16.18.817.5716,1713,50983,47390,3593,56660,55525,1135,702,666,36,36,29,7,5,3,2,0,3,-3,4,1,0,0,0,0,1,0,0,0,3,3,2,2,1
NA1_5645523959,24,16.18.817.5716,1713,53968,50044,3924,59350,58770,580,725,693,32,38,31,7,6,4,2,0,3,-3,4,1,0,0,0,0,1,0,0,0,3,2,2,2,1
NA1_5645523959,25,16.18.817.5716,1713,55294,51444,3850,61247,60504,743,754,720,34,38,31,7,6,4,2,0,3,-3,4,1,0,0,0,0,1,0,0,0,3,2,2,2,1
NA1_5645523959,26,16.18.817.5716,1713,60788,53442,7346,67067,63218,3849,780,725,55,43,34,9,7,4,3,0,3,-3,4,1,0,0,0,0,1,0,0,0,3,2,2,0,1
NA1_5645523959,27,16.18.817.5716,1713,62317,57149,5168,67979,68350,-371,780,760,20,44,37,7,7,4,3,0,4,-4,4,0,0,1,0,0,1,0,0,0,3,2,2,0,1
NA1_5645523959,28,16.18.817.5716,1713,64844,59162,5682,71528,70871,657,804,776,28,47,39,8,7,4,3,0,4,-4,4,0,0,1,0,0,1,0,0,0,3,2,2,0,1
NA1_5645523959,29,16.18.817.5716,1713,66526,59921,6605,73227,71581,1646,812,779,33,48,40,8,7,4,3,0,4,-4,4,0,0,1,0,0,1,0,0,0,3,2,2,0,1
NA1_5646519492,0,16.18.817.5716,1623,2500,2500,0,0,0,0,0,0,0,0,0,0,0,0,0,0,0,0,4,4,0,0,0,0,0,0,0,0,3,3,2,2,0
NA1_5646519492,1,16.18.817.5716,1623,2500,2500,0,62,0,62,0,0,0,0,0,0,0,0,0,0,0,0,4,4,0,0,0,0,0,0,0,0,3,3,2,2,0
NA1_5646519492,2,16.18.817.5716,1623,3834,3837,-3,2519,2498,21,36,39,-3,0,0,0,0,0,0,0,0,0,4,4,0,0,0,0,0,0,0,0,3,3,2,2,0
NA1_5646519492,3,16.18.817.5716,1623,5420,5772,-352,5086,4671,415,77,75,2,0,1,-1,0,0,0,0,0,0,4,4,0,0,0,0,0,0,0,0,3,3,2,2,0
NA1_5646519492,4,16.18.817.5716,1623,7057,7135,-78,7730,6809,921,126,109,17,0,1,-1,0,0,0,0,0,0,4,4,0,0,0,0,0,0,0,0,3,3,2,2,0
NA1_5646519492,5,16.18.817.5716,1623,9861,9507,354,9662,9194,468,148,140,8,4,4,0,0,0,0,0,0,0,4,4,0,0,0,0,0,0,0,0,3,3,2,2,0
NA1_5646519492,6,16.18.817.5716,1623,11142,10936,206,11517,11447,70,179,182,-3,4,4,0,0,0,0,0,0,0,4,4,0,0,0,0,0,0,0,0,3,3,2,2,0
NA1_5646519492,7,16.18.817.5716,1623,13516,12707,809,13819,13126,693,213,210,3,6,5,1,0,0,0,0,0,0,4,4,0,0,0,0,0,0,0,0,3,3,2,2,0
NA1_5646519492,8,16.18.817.5716,1623,15454,14304,1150,16531,15223,1308,249,242,7,8,6,2,0,0,0,0,0,0,4,4,0,0,0,0,0,0,0,0,3,3,2,2,0
NA1_5646519492,9,16.18.817.5716,1623,16774,15779,995,18461,17646,815,281,283,-2,8,6,2,0,0,0,1,0,1,3,4,0,0,0,0,0,0,0,0,3,3,2,2,0
NA1_5646519492,10,16.18.817.5716,1623,18943,17685,1258,20729,19853,876,311,313,-2,10,7,3,0,0,0,1,0,1,3,4,0,0,0,0,0,0,0,0,3,3,2,2,0
NA1_5646519492,11,16.18.817.5716,1623,21518,19480,2038,23113,21986,1127,345,350,-5,12,8,4,0,0,0,1,0,1,3,4,0,0,0,0,0,0,0,0,3,3,2,2,0
NA1_5646519492,12,16.18.817.5716,1623,23897,22631,1266,24598,25837,-1239,372,377,-5,12,11,1,1,0,1,1,0,1,3,4,0,0,0,0,0,0,0,0,3,3,2,2,0
NA1_5646519492,13,16.18.817.5716,1623,25554,24779,775,26855,29118,-2263,402,420,-18,12,12,0,1,0,1,1,0,1,3,4,0,0,0,0,0,0,0,0,3,3,2,2,0
NA1_5646519492,14,16.18.817.5716,1623,28217,26752,1465,29555,30707,-1152,431,452,-21,14,12,2,2,1,1,2,0,2,2,4,0,0,0,0,0,0,0,0,3,3,2,2,0
NA1_5646519492,15,16.18.817.5716,1623,30700,28573,2127,32131,33885,-1754,468,506,-38,15,12,3,3,1,2,2,0,2,2,4,0,0,0,0,0,0,0,0,3,3,2,2,0
NA1_5646519492,16,16.18.817.5716,1623,33069,31192,1877,35630,36779,-1149,513,528,-15,17,14,3,3,1,2,2,0,2,2,4,0,0,0,0,0,1,0,0,3,3,2,2,0
NA1_5646519492,17,16.18.817.5716,1623,34585,33788,797,36972,39782,-2810,534,581,-47,17,14,3,3,2,1,2,0,2,2,4,0,0,0,0,0,1,0,0,3,3,2,2,0
NA1_5646519492,18,16.18.817.5716,1623,36707,36721,-14,39861,42953,-3092,584,619,-35,17,16,1,4,3,1,2,0,2,2,4,0,0,0,0,0,1,0,0,3,3,2,2,0
NA1_5646519492,19,16.18.817.5716,1623,38144,38445,-301,42010,44744,-2734,620,654,-34,17,16,1,4,3,1,2,0,2,2,4,0,0,0,0,0,1,0,0,3,3,2,2,0
NA1_5646519492,20,16.18.817.5716,1623,39780,42088,-2308,43476,48770,-5294,620,663,-43,19,21,-2,4,3,1,2,1,1,2,3,0,0,0,0,0,1,0,0,3,3,2,2,0
NA1_5646519492,21,16.18.817.5716,1623,41770,44065,-2295,46770,51844,-5074,678,721,-43,19,21,-2,4,3,1,2,1,1,2,3,0,0,0,0,0,1,0,0,3,3,2,2,0
NA1_5646519492,22,16.18.817.5716,1623,43551,45968,-2417,49211,55020,-5809,705,778,-73,20,21,-1,4,3,1,2,1,1,2,3,0,0,0,0,0,1,0,0,3,3,2,2,0
NA1_5646519492,23,16.18.817.5716,1623,46563,49343,-2780,51853,57270,-5417,723,798,-75,22,23,-1,4,5,-1,2,1,1,2,3,0,0,0,0,0,1,0,0,3,3,2,2,0
NA1_5646519492,24,16.18.817.5716,1623,49326,51193,-1867,55343,58754,-3411,764,826,-62,23,23,0,4,6,-2,2,1,1,2,3,0,0,0,0,0,1,0,0,3,3,2,2,0
NA1_5646519492,25,16.18.817.5716,1623,52615,52998,-383,58457,60980,-2523,793,861,-68,25,24,1,4,6,-2,2,1,1,2,3,0,0,0,0,0,1,0,0,3,3,2,2,0
NA1_5646519492,26,16.18.817.5716,1623,54013,55307,-1294,59727,63435,-3708,816,878,-62,25,26,-1,5,6,-1,2,1,1,2,3,0,0,0,0,0,1,0,0,3,3,2,2,0
NA1_5646519492,27,16.18.817.5716,1623,54788,60007,-5219,60296,67893,-7597,820,902,-82,25,30,-5,5,7,-2,2,2,0,2,2,0,0,0,0,0,1,0,0,2,3,0,2,0
NA1_5646519492,27,16.18.817.5716,1623,54816,60035,-5219,60296,67893,-7597,820,902,-82,25,30,-5,5,7,-2,2,2,0,2,2,0,0,0,0,0,1,0,0,2,3,0,2,0
NA1_5645436028,0,16.18.817.5716,2032,2500,2500,0,0,0,0,0,0,0,0,0,0,0,0,0,0,0,0,4,4,0,0,0,0,0,0,0,0,3,3,2,2,0
NA1_5645436028,1,16.18.817.5716,2032,2530,2505,25,62,0,62,1,0,1,0,0,0,0,0,0,0,0,0,4,4,0,0,0,0,0,0,0,0,3,3,2,2,0
NA1_5645436028,2,16.18.817.5716,2032,3722,4418,-696,2066,2668,-602,32,41,-9,0,1,-1,0,0,0,0,0,0,4,4,0,0,0,0,0,0,0,0,3,3,2,2,0
NA1_5645436028,3,16.18.817.5716,2032,5614,5876,-262,4602,5090,-488,69,80,-11,1,1,0,0,0,0,0,0,0,4,4,0,0,0,0,0,0,0,0,3,3,2,2,0
NA1_5645436028,4,16.18.817.5716,2032,6894,7167,-273,6428,6989,-561,99,112,-13,1,1,0,0,0,0,0,0,0,4,4,0,0,0,0,0,0,0,0,3,3,2,2,0
NA1_5645436028,5,16.18.817.5716,2032,9404,8772,632,8324,8586,-262,124,133,-9,4,2,2,0,0,0,0,0,0,4,4,0,0,0,0,0,0,0,0,3,3,2,2,0
NA1_5645436028,6,16.18.817.5716,2032,11459,10776,683,11208,11265,-57,169,173,-4,5,3,2,0,0,0,0,0,0,4,4,0,0,0,0,0,0,0,0,3,3,2,2,0
NA1_5645436028,7,16.18.817.5716,2032,13433,12138,1295,13521,12776,745,204,197,7,6,3,3,0,0,0,0,0,0,4,4,0,0,0,0,0,0,0,0,3,3,2,2,0
NA1_5645436028,8,16.18.817.5716,2032,15227,13496,1731,15365,15248,117,232,232,0,7,3,4,0,0,0,0,0,0,4,4,0,0,0,0,0,0,0,0,3,3,2,2,0
NA1_5645436028,9,16.18.817.5716,2032,17005,15370,1635,17891,18372,-481,275,285,-10,7,3,4,0,0,0,0,0,0,4,4,0,0,0,0,0,0,0,0,3,3,2,2,0
NA1_5645436028,10,16.18.817.5716,2032,19338,16505,2833,20967,19827,1140,322,310,12,8,3,5,0,0,0,0,1,-1,4,3,0,0,0,0,0,0,0,0,3,3,2,2,0
NA1_5645436028,11,16.18.817.5716,2032,21267,18276,2991,23884,21916,1968,372,343,29,9,4,5,0,0,0,0,1,-1,4,3,0,0,0,0,0,0,0,0,3,3,2,2,0
NA1_5645436028,12,16.18.817.5716,2032,23121,20663,2458,25799,24685,1114,391,369,22,10,6,4,0,0,0,0,1,-1,4,3,0,0,0,0,0,0,0,0,3,3,2,2,0
NA1_5645436028,13,16.18.817.5716,2032,25367,22451,2916,28905,26821,2084,434,408,26,11,6,5,0,0,0,0,1,-1,4,3,0,0,0,0,0,0,0,0,3,3,2,2,0
NA1_5645436028,14,16.18.817.5716,2032,26731,25025,1706,30568,30197,371,463,446,17,11,8,3,0,0,0,0,1,-1,4,3,0,0,0,0,0,0,0,0,3,3,2,2,0
NA1_5645436028,15,16.18.817.5716,2032,29039,27809,1230,33121,33792,-671,507,485,22,11,10,1,1,0,1,1,1,0,3,3,0,0,0,0,0,0,0,0,3,3,2,2,0
NA1_5645436028,16,16.18.817.5716,2032,31085,30089,996,35563,36656,-1093,538,519,19,12,11,1,1,0,1,1,1,0,3,3,0,0,0,0,1,0,0,0,3,3,2,2,0
NA1_5645436028,17,16.18.817.5716,2032,33460,32664,796,38676,40174,-1498,581,566,15,13,12,1,2,1,1,1,1,0,3,3,0,0,0,0,1,0,0,0,3,3,2,2,0
NA1_5645436028,18,16.18.817.5716,2032,35116,34044,1072,42280,41945,335,618,596,22,13,12,1,2,1,1,1,1,0,3,3,0,0,0,0,1,0,0,0,3,3,2,2,0
NA1_5645436028,19,16.18.817.5716,2032,36669,37318,-649,44186,45781,-1595,628,646,-18,15,14,1,2,2,0,1,1,0,3,3,0,0,0,0,1,0,0,0,3,3,2,2,0
NA1_5645436028,20,16.18.817.5716,2032,38940,38814,126,47486,48060,-574,686,685,1,15,14,1,3,2,1,1,1,0,3,3,0,0,0,0,1,0,0,0,3,3,2,2,0
NA1_5645436028,21,16.18.817.5716,2032,40268,40875,-607,48761,50877,-2116,709,712,-3,15,16,-1,3,2,1,1,2,-1,3,2,0,0,0,0,1,0,0,0,3,3,2,2,0
NA1_5645436028,22,16.18.817.5716,2032,41929,42858,-929,51236,53521,-2285,750,758,-8,15,16,-1,3,3,0,1,2,-1,3,2,0,0,0,0,1,0,0,0,3,3,2,2,0
NA1_5645436028,23,16.18.817.5716,2032,44315,44350,-35,54720,56128,-1408,795,793,2,16,16,0,3,3,0,1,2,-1,3,2,0,0,0,0,1,0,0,0,3,3,2,2,0
NA1_5645436028,24,16.18.817.5716,2032,44983,48731,-3748,54720,64114,-9394,795,818,-23,16,21,-5,3,3,0,1,2,-1,3,2,0,0,0,0,1,0,0,1,3,3,2,2,0
NA1_5645436028,25,16.18.817.5716,2032,47197,50428,-3231,59061,66456,-7395,865,860,5,16,21,-5,3,3,0,1,2,-1,3,2,0,0,0,0,1,0,0,1,3,3,2,2,0
NA1_5645436028,26,16.18.817.5716,2032,48478,52295,-3817,60712,69284,-8572,889,890,-1,16,21,-5,3,3,0,1,3,-2,3,1,0,0,0,0,1,0,0,1,3,3,2,2,0
NA1_5645436028,27,16.18.817.5716,2032,51559,55563,-4004,63868,73473,-9605,907,928,-21,18,24,-6,3,4,-1,1,3,-2,3,1,0,0,0,0,1,0,0,1,3,3,2,2,0
NA1_5645436028,28,16.18.817.5716,2032,53328,57437,-4109,66516,76185,-9669,952,976,-24,18,24,-6,3,4,-1,1,3,-2,3,1,0,0,0,0,1,0,0,1,3,3,2,2,0
NA1_5645436028,29,16.18.817.5716,2032,54309,60731,-6422,67132,80428,-13296,964,1006,-42,18,26,-8,3,5,-2,1,3,-2,3,1,0,0,0,0,1,0,0,1,3,3,2,2,0
NA1_5645436028,30,16.18.817.5716,2032,55657,63177,-7520,69204,82519,-13315,991,1033,-42,18,27,-9,3,6,-3,1,3,-2,3,1,0,0,0,0,1,0,0,1,2,3,2,2,0
NA1_5645436028,31,16.18.817.5716,2032,58927,64203,-5276,73372,83723,-10351,1011,1048,-37,21,27,-6,3,6,-3,1,4,-3,3,0,0,1,0,0,1,0,0,1,2,3,2,2,0
NA1_5645436028,32,16.18.817.5716,2032,61158,67044,-5886,75813,89073,-13260,1030,1069,-39,22,29,-7,3,6,-3,1,4,-3,3,0,0,1,0,0,1,0,0,2,2,3,2,2,0
NA1_5645436028,33,16.18.817.5716,2032,64943,70049,-5106,78159,93411,-15252,1052,1086,-34,23,33,-10,4,6,-2,1,4,-3,3,0,0,1,0,0,1,0,0,2,2,3,2,2,0
NA1_5645436028,34,16.18.817.5716,2032,66419,72888,-6469,80450,96901,-16451,1053,1106,-53,25,36,-11,4,6,-2,1,4,-3,3,0,0,1,0,0,1,0,0,2,2,3,0,2,0
NA1_5643645500,0,16.18.817.5716,1871,2500,2500,0,0,0,0,0,0,0,0,0,0,0,0,0,0,0,0,4,4,0,0,0,0,0,0,0,0,3,3,2,2,1
NA1_5643645500,1,16.18.817.5716,1871,2510,2960,-450,0,42,-42,0,0,0,0,1,-1,0,0,0,0,0,0,4,4,0,0,0,0,0,0,0,0,3,3,2,2,1
NA1_5643645500,2,16.18.817.5716,1871,3748,4307,-559,2481,2562,-81,33,40,-7,0,1,-1,0,0,0,0,0,0,4,4,0,0,0,0,0,0,0,0,3,3,2,2,1
NA1_5643645500,3,16.18.817.5716,1871,5334,5773,-439,5087,5239,-152,75,80,-5,0,1,-1,0,0,0,0,0,0,4,4,0,0,0,0,0,0,0,0,3,3,2,2,1
NA1_5643645500,4,16.18.817.5716,1871,6810,6868,-58,7369,6949,420,109,103,6,0,1,-1,0,0,0,0,0,0,4,4,0,0,0,0,0,0,0,0,3,3,2,2,1
NA1_5643645500,5,16.18.817.5716,1871,7831,9024,-1193,8502,9001,-499,130,133,-3,0,3,-3,0,0,0,0,0,0,4,4,0,0,0,0,0,0,0,0,3,3,2,2,1
NA1_5643645500,6,16.18.817.5716,1871,10303,10504,-201,11199,11432,-233,166,171,-5,2,3,-1,0,0,0,0,0,0,4,4,0,0,0,0,0,0,0,0,3,3,2,2,1
NA1_5643645500,7,16.18.817.5716,1871,11473,12547,-1074,12659,14145,-1486,187,211,-24,2,4,-2,0,0,0,0,0,0,4,4,0,0,0,0,0,0,0,0,3,3,2,2,1
NA1_5643645500,8,16.18.817.5716,1871,12700,13698,-998,14785,16045,-1260,221,239,-18,2,4,-2,0,0,0,0,0,0,4,4,0,0,0,0,0,0,0,0,3,3,2,2,1
NA1_5643645500,9,16.18.817.5716,1871,14096,16276,-2180,16743,18895,-2152,254,284,-30,2,6,-4,0,0,0,0,0,0,4,4,0,0,0,0,0,0,0,0,3,3,2,2,1
NA1_5643645500,10,16.18.817.5716,1871,16297,18415,-2118,19158,21256,-2098,291,316,-25,3,7,-4,0,0,0,0,0,0,4,4,0,0,0,0,0,0,0,0,3,3,2,2,1
NA1_5643645500,11,16.18.817.5716,1871,17699,20157,-2458,21431,22896,-1465,328,340,-12,3,8,-5,0,0,0,0,0,0,4,4,0,0,0,0,0,0,0,0,3,3,2,2,1
NA1_5643645500,12,16.18.817.5716,1871,19406,21642,-2236,23723,25211,-1488,365,380,-15,3,8,-5,0,0,0,0,1,-1,4,3,0,0,0,0,0,0,0,0,3,3,2,2,1
NA1_5643645500,13,16.18.817.5716,1871,22234,24229,-1995,26693,28991,-2298,397,423,-26,5,10,-5,0,0,0,0,1,-1,4,3,0,0,0,0,0,0,0,0,3,3,2,2,1
NA1_5643645500,14,16.18.817.5716,1871,24659,26476,-1817,29419,32030,-2611,420,453,-33,7,12,-5,0,0,0,0,1,-1,4,3,0,0,0,0,0,0,0,0,3,3,2,2,1
NA1_5643645500,15,16.18.817.5716,1871,27362,28922,-1560,33077,34959,-1882,458,489,-31,9,13,-4,0,1,-1,0,1,-1,4,3,0,0,0,0,0,0,0,0,3,3,2,2,1
NA1_5643645500,16,16.18.817.5716,1871,28956,31144,-2188,35088,37923,-2835,494,541,-47,9,14,-5,0,1,-1,0,1,-1,4,3,0,0,0,0,0,0,0,0,3,3,2,2,1
NA1_5643645500,17,16.18.817.5716,1871,31428,32771,-1343,38499,40149,-1650,539,571,-32,10,15,-5,1,1,0,0,2,-2,4,2,0,0,0,0,0,0,0,0,3,3,2,2,1
NA1_5643645500,18,16.18.817.5716,1871,34919,35812,-893,41923,43493,-1570,566,606,-40,13,17,-4,1,2,-1,0,2,-2,4,2,0,0,0,0,0,0,0,0,3,3,2,2,1
NA1_5643645500,19,16.18.817.5716,1871,38201,37458,743,46594,45177,1417,620,633,-13,15,18,-3,1,2,-1,0,2,-2,4,2,0,0,0,0,0,0,0,0,3,3,2,2,1
NA1_5643645500,20,16.18.817.5716,1871,41661,39175,2486,50189,47435,2754,658,675,-17,17,18,-1,3,2,1,0,2,-2,4,2,0,0,0,0,0,1,0,0,3,3,2,2,1
NA1_5643645500,21,16.18.817.5716,1871,43417,41906,1511,51843,50372,1471,687,717,-30,17,19,-2,4,2,2,0,2,-2,4,2,0,0,0,0,0,1,0,0,3,3,2,2,1
NA1_5643645500,22,16.18.817.5716,1871,45008,43345,1663,54046,52150,1896,727,736,-9,17,20,-3,4,2,2,0,3,-3,4,1,0,0,0,0,0,1,0,0,3,3,2,2,1
NA1_5643645500,23,16.18.817.5716,1871,47464,45359,2105,56943,55410,1533,776,796,-20,17,20,-3,4,2,2,0,3,-3,4,1,0,0,0,0,0,1,0,0,3,3,2,2,1
NA1_5643645500,24,16.18.817.5716,1871,49981,47630,2351,59972,57303,2669,790,818,-28,20,21,-1,4,3,1,0,3,-3,4,1,0,0,0,0,0,1,0,0,3,3,2,2,1
NA1_5643645500,25,16.18.817.5716,1871,51693,49860,1833,61619,60930,689,823,866,-43,20,22,-2,4,3,1,0,3,-3,4,1,0,0,0,0,0,1,0,0,3,3,2,2,1
NA1_5643645500,26,16.18.817.5716,1871,53267,51499,1768,66060,63032,3028,864,891,-27,20,23,-3,4,3,1,0,3,-3,4,1,0,0,0,0,0,1,0,0,3,3,2,2,1
NA1_5643645500,27,16.18.817.5716,1871,55179,52990,2189,68479,64978,3501,889,923,-34,21,23,-2,4,3,1,1,3,-2,3,1,0,0,0,0,0,1,0,0,3,3,2,2,1
NA1_5643645500,28,16.18.817.5716,1871,57230,54888,2342,71323,67439,3884,912,961,-49,23,24,-1,4,3,1,1,3,-2,3,1,0,0,0,0,0,1,0,0,3,3,2,2,1
NA1_5643645500,29,16.18.817.5716,1871,60952,55809,5143,77786,68011,9775,936,970,-34,25,24,1,5,3,2,1,3,-2,3,1,0,0,0,0,0,1,1,0,3,3,2,2,1
NA1_5643645500,30,16.18.817.5716,1871,64163,57066,7097,81034,69651,11383,965,993,-28,27,24,3,6,3,3,1,3,-2,3,1,0,0,0,0,0,1,1,0,3,3,2,2,1
NA1_5643645500,31,16.18.817.5716,1871,68202,59350,8852,86736,71615,15121,992,1004,-12,31,25,6,7,3,4,1,3,-2,3,1,0,0,0,0,0,1,1,0,3,1,2,0,1
NA1_5643645500,31,16.18.817.5716,1871,69285,59467,9818,88376,71615,16761,993,1004,-11,33,25,8,7,3,4,1,3,-2,3,1,0,0,0,0,0,1,1,0,3,1,2,0,1
NA1_5645374876,0,16.18.817.5716,71,2500,2500,0,0,0,0,0,0,0,0,0,0,0,0,0,0,0,0,4,4,0,0,0,0,0,0,0,0,3,3,2,2,1
NA1_5645374876,1,16.18.817.5716,71,2500,2500,0,0,0,0,0,0,0,0,0,0,0,0,0,0,0,0,4,4,0,0,0,0,0,0,0,0,3,3,2,2,1
NA1_5645374876,1,16.18.817.5716,71,2562,3089,-527,0,88,-88,0,0,0,0,1,-1,0,0,0,0,0,0,4,4,0,0,0,0,0,0,0,0,3,3,2,2,1
NA1_5643554578,0,16.18.817.5716,1807,2500,2500,0,0,0,0,0,0,0,0,0,0,0,0,0,0,0,0,4,4,0,0,0,0,0,0,0,0,3,3,2,2,0
NA1_5643554578,1,16.18.817.5716,1807,2505,2505,0,0,0,0,0,0,0,0,0,0,0,0,0,0,0,0,4,4,0,0,0,0,0,0,0,0,3,3,2,2,0
NA1_5643554578,2,16.18.817.5716,1807,3901,3834,67,2485,2547,-62,40,37,3,0,0,0,0,0,0,0,0,0,4,4,0,0,0,0,0,0,0,0,3,3,2,2,0
NA1_5643554578,3,16.18.817.5716,1807,5638,5278,360,5292,5071,221,92,73,19,0,0,0,0,0,0,0,0,0,4,4,0,0,0,0,0,0,0,0,3,3,2,2,0
NA1_5643554578,4,16.18.817.5716,1807,6875,6661,214,6828,7122,-294,124,108,16,0,0,0,0,0,0,0,0,0,4,4,0,0,0,0,0,0,0,0,3,3,2,2,0
NA1_5643554578,5,16.18.817.5716,1807,8899,9374,-475,8735,9402,-667,154,140,14,2,3,-1,0,0,0,0,0,0,4,4,0,0,0,0,0,0,0,0,3,3,2,2,0
NA1_5643554578,6,16.18.817.5716,1807,10906,10828,78,11589,11530,59,204,177,27,3,3,0,0,0,0,0,0,0,4,4,0,0,0,0,0,0,0,0,3,3,2,2,0
NA1_5643554578,7,16.18.817.5716,1807,12276,12565,-289,13725,14080,-355,240,213,27,3,4,-1,0,0,0,0,1,-1,4,3,0,0,0,0,0,0,0,0,3,3,2,2,0
NA1_5643554578,8,16.18.817.5716,1807,14380,13589,791,15834,15028,806,279,225,54,4,4,0,0,0,0,0,1,-1,4,3,0,0,0,0,0,0,0,0,3,3,2,2,0
NA1_5643554578,9,16.18.817.5716,1807,16764,16111,653,17275,16968,307,292,255,37,7,6,1,0,0,0,0,1,-1,4,3,0,0,0,0,0,0,0,0,3,3,2,2,0
NA1_5643554578,10,16.18.817.5716,1807,18206,17474,732,19323,18834,489,327,277,50,7,7,0,0,0,0,0,1,-1,4,3,0,0,0,0,0,0,0,0,3,3,2,2,0
NA1_5643554578,11,16.18.817.5716,1807,20168,19318,850,22188,20439,1749,366,301,65,8,8,0,0,0,0,0,1,-1,4,3,0,0,0,0,0,0,0,0,3,3,2,2,0
NA1_5643554578,12,16.18.817.5716,1807,22240,20935,1305,25355,21834,3521,399,320,79,10,9,1,0,0,0,1,1,0,3,3,0,0,0,0,0,0,0,0,3,3,2,2,0
NA1_5643554578,13,16.18.817.5716,1807,24126,22849,1277,28279,24353,3926,454,364,90,10,9,1,0,0,0,1,1,0,3,3,0,0,0,0,0,0,0,0,3,3,2,2,0
NA1_5643554578,14,16.18.817.5716,1807,25590,25123,467,30320,26859,3461,490,396,94,10,10,0,0,0,0,1,1,0,3,3,0,0,0,0,0,0,0,0,3,3,2,2,0
NA1_5643554578,15,16.18.817.5716,1807,27225,27967,-742,32293,31054,1239,517,445,72,10,11,-1,0,0,0,1,1,0,3,3,0,0,0,0,0,0,0,0,3,3,2,2,0
NA1_5643554578,16,16.18.817.5716,1807,29085,30465,-1380,34413,34044,369,542,479,63,11,13,-2,0,0,0,1,1,0,3,3,0,0,0,0,0,0,0,0,3,3,2,2,0
NA1_5643554578,17,16.18.817.5716,1807,33068,32966,102,38105,36278,1827,584,506,78,13,14,-1,2,1,1,1,1,0,3,3,0,0,0,0,0,0,0,0,3,3,2,2,0
NA1_5643554578,18,16.18.817.5716,1807,34127,35355,-1228,39223,38136,1087,603,545,58,13,14,-1,2,2,0,2,1,1,2,3,0,0,0,0,0,0,0,0,3,3,2,2,0
NA1_5643554578,19,16.18.817.5716,1807,36116,37482,-1366,41831,40101,1730,647,576,71,13,14,-1,2,3,-1,2,1,1,2,3,0,0,0,0,0,0,0,0,3,3,2,2,0
NA1_5643554578,20,16.18.817.5716,1807,38106,40370,-2264,44270,43148,1122,679,601,78,14,17,-3,2,3,-1,2,1,1,2,3,0,0,0,0,0,0,0,0,3,3,2,2,0
NA1_5643554578,21,16.18.817.5716,1807,40093,42023,-1930,46641,45230,1411,697,615,82,16,18,-2,2,3,-1,2,1,1,2,3,0,0,0,0,0,0,0,0,3,3,2,2,0
NA1_5643554578,22,16.18.817.5716,1807,42851,43693,-842,49903,48183,1720,736,647,89,18,18,0,3,3,0,2,1,1,2,3,0,0,0,0,0,0,0,0,3,3,2,2,0
NA1_5643554578,23,16.18.817.5716,1807,44809,45830,-1021,52671,51044,1627,784,674,110,18,19,-1,3,3,0,2,1,1,2,3,0,0,0,0,0,0,0,0,3,3,2,2,0
NA1_5643554578,24,16.18.817.5716,1807,47294,47345,-51,54940,52975,1965,802,684,118,20,20,0,3,3,0,2,2,0,2,2,0,0,0,0,0,0,0,0,3,3,2,2,0
NA1_5643554578,25,16.18.817.5716,1807,48732,51086,-2354,56138,57532,-1394,810,701,109,21,24,-3,4,4,0,2,2,0,2,2,0,0,0,0,0,0,0,0,3,3,2,2,0
NA1_5643554578,26,16.18.817.5716,1807,50001,53101,-3100,57584,58819,-1235,837,727,110,21,24,-3,4,5,-1,2,2,0,2,2,0,0,0,0,0,0,0,0,3,3,2,2,0
NA1_5643554578,27,16.18.817.5716,1807,50864,56305,-5441,58072,62403,-4331,844,744,100,21,28,-7,4,5,-1,2,2,0,2,2,0,0,0,0,0,0,0,0,3,3,2,2,0
NA1_5643554578,28,16.18.817.5716,1807,52629,58783,-6154,60283,67202,-6919,882,776,106,21,28,-7,4,5,-1,2,2,0,2,2,0,0,0,0,0,0,0,1,3,3,2,2,0
NA1_5643554578,29,16.18.817.5716,1807,54433,60283,-5850,62903,69207,-6304,927,800,127,21,29,-8,4,5,-1,2,2,0,2,2,0,0,0,0,0,0,0,1,3,3,2,2,0
NA1_5643554578,30,16.18.817.5716,1807,55099,64501,-9402,63055,73976,-10921,927,824,103,21,33,-12,4,6,-2,2,3,-1,2,1,0,0,0,0,0,0,0,1,2,3,0,2,0
NA1_5643554578,30,16.18.817.5716,1807,55170,64622,-9452,63089,74087,-10998,927,824,103,21,33,-12,4,6,-2,2,3,-1,2,1,0,0,0,0,0,0,0,1,2,3,0,2,0
NA1_5639899626,0,16.18.816.5012,1922,2500,2500,0,0,0,0,0,0,0,0,0,0,0,0,0,0,0,0,4,4,0,0,0,0,0,0,0,0,3,3,2,2,0
NA1_5639899626,1,16.18.816.5012,1922,2500,2520,-20,0,62,-62,0,1,-1,0,0,0,0,0,0,0,0,0,4,4,0,0,0,0,0,0,0,0,3,3,2,2,0
NA1_5639899626,2,16.18.816.5012,1922,3904,3974,-70,2463,2593,-130,41,48,-7,0,0,0,0,0,0,0,0,0,4,4,0,0,0,0,0,0,0,0,3,3,2,2,0
NA1_5639899626,3,16.18.816.5012,1922,5449,6404,-955,5060,5058,2,85,85,0,0,2,-2,0,0,0,0,0,0,4,4,0,0,0,0,0,0,0,0,3,3,2,2,0
NA1_5639899626,4,16.18.816.5012,1922,6693,8192,-1499,7050,7002,48,111,113,-2,0,3,-3,0,0,0,0,0,0,4,4,0,0,0,0,0,0,0,0,3,3,2,2,0
NA1_5639899626,5,16.18.816.5012,1922,8662,9763,-1101,9314,8498,816,138,136,2,2,4,-2,0,0,0,0,0,0,4,4,0,0,0,0,0,0,0,0,3,3,2,2,0
NA1_5639899626,6,16.18.816.5012,1922,10184,11392,-1208,11411,10989,422,170,176,-6,2,5,-3,0,0,0,0,0,0,4,4,0,0,0,0,0,0,0,0,3,3,2,2,0
NA1_5639899626,7,16.18.816.5012,1922,11865,12679,-814,14014,12877,1137,214,206,8,2,5,-3,0,0,0,0,0,0,4,4,0,0,0,0,0,0,0,0,3,3,2,2,0
NA1_5639899626,8,16.18.816.5012,1922,14068,14796,-728,16120,15465,655,242,241,1,4,7,-3,0,0,0,0,1,-1,4,3,0,0,0,0,0,0,0,0,3,3,2,2,0
NA1_5639899626,9,16.18.816.5012,1922,16093,16036,57,18199,16998,1201,279,272,7,4,7,-3,0,0,0,0,1,-1,4,3,0,0,0,0,0,0,0,0,3,3,2,2,0
NA1_5639899626,10,16.18.816.5012,1922,18001,18009,-8,20747,20090,657,316,318,-2,5,8,-3,0,0,0,0,1,-1,4,3,0,0,0,0,0,0,0,0,3,3,2,2,0
NA1_5639899626,11,16.18.816.5012,1922,19436,21604,-2168,22702,23887,-1185,340,352,-12,6,11,-5,0,0,0,0,1,-1,4,3,0,0,0,0,0,0,0,0,3,3,2,2,0
NA1_5639899626,12,16.18.816.5012,1922,21843,23935,-2092,25923,26902,-979,375,390,-15,8,13,-5,0,0,0,0,1,-1,4,3,0,0,0,0,0,0,0,0,3,3,2,2,0
NA1_5639899626,13,16.18.816.5012,1922,25132,26078,-946,29163,29594,-431,415,426,-11,9,14,-5,1,0,1,0,1,-1,4,3,0,0,0,0,0,0,0,0,3,3,2,2,0
NA1_5639899626,14,16.18.816.5012,1922,27764,27102,662,32615,30593,2022,459,445,14,11,14,-3,1,0,1,1,1,0,3,3,0,0,0,0,0,0,0,0,3,3,2,2,0
NA1_5639899626,15,16.18.816.5012,1922,29371,30038,-667,34494,34916,-422,491,497,-6,11,16,-5,1,0,1,1,1,0,3,3,0,0,0,0,0,0,0,0,3,3,2,2,0
NA1_5639899626,16,16.18.816.5012,1922,32570,31831,739,38611,36668,1943,533,517,16,14,17,-3,2,1,1,1,1,0,3,3,0,0,0,0,0,0,0,0,3,3,2,2,0
NA1_5639899626,17,16.18.816.5012,1922,34823,33534,1289,42069,39520,2549,584,567,17,15,17,-2,2,1,1,1,1,0,3,3,0,0,0,0,1,0,0,0,3,3,2,2,0
NA1_5639899626,18,16.18.816.5012,1922,37830,35109,2721,45990,40750,5240,632,585,47,16,17,-1,2,2,0,1,1,0,3,3,0,0,0,0,1,0,0,0,3,3,2,2,0
NA1_5639899626,19,16.18.816.5012,1922,40067,36968,3099,47982,43829,4153,668,641,27,16,17,-1,3,2,1,1,1,0,3,3,0,0,0,0,1,0,0,0,3,3,2,2,0
NA1_5639899626,20,16.18.816.5012,1922,42454,38117,4337,51544,46506,5038,722,660,62,17,17,0,3,2,1,2,1,1,2,3,0,0,0,0,1,0,0,0,3,3,2,2,0
NA1_5639899626,21,16.18.816.5012,1922,43966,40907,3059,53383,50528,2855,755,719,36,17,18,-1,3,2,1,2,1,1,2,3,0,0,0,0,1,0,0,0,3,3,2,2,0
NA1_5639899626,22,16.18.816.5012,1922,47369,43281,4088,58597,53126,5471,813,753,60,20,19,1,3,3,0,2,1,1,2,3,0,0,0,0,1,0,0,0,3,3,2,2,0
NA1_5639899626,23,16.18.816.5012,1922,49427,45036,4391,61135,56264,4871,862,798,64,20,19,1,3,3,0,2,1,1,2,3,0,0,0,0,1,0,0,0,3,3,2,2,0
NA1_5639899626,24,16.18.816.5012,1922,51312,46876,4436,63401,58294,5107,904,842,62,20,19,1,4,3,1,2,1,1,2,3,0,0,0,0,1,0,0,0,3,3,2,2,0
NA1_5639899626,25,16.18.816.5012,1922,53339,48438,4901,66720,60783,5937,937,870,67,21,19,2,4,3,1,3,1,2,1,3,0,0,0,0,1,0,0,0,3,3,2,2,0
NA1_5639899626,26,16.18.816.5012,1922,57306,52900,4406,71487,64913,6574,949,890,59,26,22,4,4,3,1,3,1,2,1,3,0,0,0,0,1,0,0,0,3,3,2,2,0
NA1_5639899626,27,16.18.816.5012,1922,58793,53973,4820,73212,65776,7436,979,905,74,26,22,4,4,3,1,3,1,2,1,3,0,0,0,0,1,0,0,0,3,3,2,2,0
NA1_5639899626,28,16.18.816.5012,1922,60614,55816,4798,75840,68654,7186,1024,950,74,26,22,4,4,3,1,3,1,2,1,3,0,0,0,0,1,0,0,0,3,3,2,2,0
NA1_5639899626,29,16.18.816.5012,1922,63323,58695,4628,79315,71873,7442,1059,976,83,28,24,4,4,3,1,3,1,2,1,3,0,0,0,0,1,0,0,0,3,3,2,2,0
NA1_5639899626,30,16.18.816.5012,1922,65292,63056,2236,79992,76069,3923,1073,1006,67,28,26,2,6,5,1,3,2,1,1,2,0,0,0,0,1,0,0,0,2,3,2,2,0
NA1_5639899626,31,16.18.816.5012,1922,67802,66179,1623,82970,80643,2327,1106,1044,62,30,28,2,6,5,1,3,2,1,1,2,0,0,0,0,1,0,0,0,2,3,2,2,0
NA1_5639899626,32,16.18.816.5012,1922,69908,69453,455,84604,84949,-345,1130,1067,63,30,31,-1,7,5,2,3,2,1,1,2,0,0,0,0,1,0,0,0,2,3,0,2,0
NA1_5639899626,32,16.18.816.5012,1922,69919,69464,455,84604,84949,-345,1130,1067,63,30,31,-1,7,5,2,3,2,1,1,2,0,0,0,0,1,0,0,0,2,3,0,2,0
NA1_5640152258,0,16.18.817.4437,1427,2500,2500,0,0,0,0,0,0,0,0,0,0,0,0,0,0,0,0,4,4,0,0,0,0,0,0,0,0,3,3,2,2,1
NA1_5640152258,1,16.18.817.4437,1427,2505,2510,-5,0,0,0,0,0,0,0,0,0,0,0,0,0,0,0,4,4,0,0,0,0,0,0,0,0,3,3,2,2,1
NA1_5640152258,2,16.18.817.4437,1427,3823,3727,96,2423,2337,86,35,34,1,0,0,0,0,0,0,0,0,0,4,4,0,0,0,0,0,0,0,0,3,3,2,2,1
NA1_5640152258,3,16.18.817.4437,1427,6403,5241,1162,5156,5061,95,76,74,2,2,0,2,0,0,0,0,0,0,4,4,0,0,0,0,0,0,0,0,3,3,2,2,1
NA1_5640152258,4,16.18.817.4437,1427,8106,7236,870,7357,6621,736,109,100,9,3,2,1,0,0,0,0,0,0,4,4,0,0,0,0,0,0,0,0,3,3,2,2,1
NA1_5640152258,5,16.18.817.4437,1427,10000,8954,1046,9466,8740,726,136,133,3,5,3,2,0,0,0,0,0,0,4,4,0,0,0,0,0,0,0,0,3,3,2,2,1
NA1_5640152258,6,16.18.817.4437,1427,12447,10372,2075,12392,10680,1712,179,170,9,7,3,4,0,0,0,0,0,0,4,4,0,0,0,0,0,0,0,0,3,3,2,2,1
NA1_5640152258,7,16.18.817.4437,1427,14195,11598,2597,14569,12741,1828,218,199,19,7,3,4,0,0,0,0,0,0,4,4,0,0,0,0,0,0,0,0,3,3,2,2,1
NA1_5640152258,8,16.18.817.4437,1427,16238,12828,3410,17518,14164,3354,260,223,37,9,3,6,0,0,0,0,0,0,4,4,0,0,0,0,0,0,0,0,3,3,2,2,1
NA1_5640152258,9,16.18.817.4437,1427,17718,14680,3038,19082,16644,2438,288,258,30,9,4,5,0,0,0,0,0,0,4,4,0,0,0,0,0,0,0,0,3,3,2,2,1
NA1_5640152258,10,16.18.817.4437,1427,20222,16146,4076,22300,18808,3492,335,296,39,11,4,7,0,0,0,1,0,1,3,4,0,0,0,0,0,0,0,0,3,3,2,2,1
NA1_5640152258,11,16.18.817.4437,1427,22208,18383,3825,24782,20961,3821,377,320,57,12,6,6,0,0,0,1,0,1,3,4,0,0,0,0,0,0,0,0,3,3,2,2,1
NA1_5640152258,12,16.18.817.4437,1427,24866,19747,5119,27623,22388,5235,425,346,79,13,6,7,0,0,0,1,0,1,3,4,0,0,0,0,0,0,0,0,3,3,2,2,1
NA1_5640152258,13,16.18.817.4437,1427,27517,21701,5816,29595,26077,3518,457,382,75,14,7,7,1,0,1,1,0,1,3,4,0,0,0,0,0,0,0,0,3,3,2,2,1
NA1_5640152258,14,16.18.817.4437,1427,30403,23206,7197,33000,27715,5285,488,402,86,17,8,9,2,0,2,1,0,1,3,4,0,0,0,0,0,0,0,0,3,3,2,2,1
NA1_5640152258,15,16.18.817.4437,1427,32908,25209,7699,36043,30876,5167,524,438,86,19,9,10,2,0,2,2,0,2,2,4,0,0,0,0,0,0,0,0,3,3,2,2,1
NA1_5640152258,16,16.18.817.4437,1427,34918,27785,7133,38510,33947,4563,558,479,79,19,10,9,2,0,2,2,0,2,2,4,0,0,0,0,0,0,0,0,3,3,2,2,1
NA1_5640152258,17,16.18.817.4437,1427,38847,28810,10037,43190,34778,8412,600,496,104,23,10,13,2,0,2,2,0,2,2,4,0,0,0,0,0,0,0,0,3,3,2,2,1
NA1_5640152258,18,16.18.817.4437,1427,40639,30699,9940,45212,38327,6885,635,528,107,23,11,12,2,0,2,2,0,2,2,4,0,0,0,0,1,0,0,0,3,3,2,2,1
NA1_5640152258,19,16.18.817.4437,1427,44949,33427,11522,49555,40723,8832,677,537,140,27,13,14,4,0,4,2,0,2,2,4,0,0,0,0,1,0,0,0,3,3,2,2,1
NA1_5640152258,20,16.18.817.4437,1427,47231,35759,11472,51961,44623,7338,707,588,119,28,14,14,5,0,5,3,0,3,1,4,0,0,0,0,1,0,0,0,3,3,2,2,1
NA1_5640152258,21,16.18.817.4437,1427,50270,37283,12987,57684,46809,10875,739,607,132,30,15,15,5,0,5,3,0,3,1,4,0,0,0,0,1,0,1,0,3,3,2,2,1
NA1_5640152258,22,16.18.817.4437,1427,53106,38769,14337,61490,51228,10262,784,647,137,32,15,17,5,0,5,3,0,3,1,4,0,0,0,0,1,0,1,0,3,3,2,2,1
NA1_5640152258,23,16.18.817.4437,1427,56965,40534,16431,64344,53864,10480,829,672,157,32,16,16,8,0,8,3,0,3,1,4,0,0,0,0,1,0,1,0,3,2,2,2,1
NA1_5640152258,24,16.18.817.4437,1427,60612,41835,18777,67394,55346,12048,845,675,170,36,17,19,8,0,8,3,0,3,1,4,0,0,0,0,1,0,1,0,3,2,2,0,1
NA1_5644327155,0,16.18.817.5716,2242,2500,2500,0,0,0,0,0,0,0,0,0,0,0,0,0,0,0,0,4,4,0,0,0,0,0,0,0,0,3,3,2,2,0
NA1_5644327155,1,16.18.817.5716,2242,2505,2500,5,0,0,0,0,0,0,0,0,0,0,0,0,0,0,0,4,4,0,0,0,0,0,0,0,0,3,3,2,2,0
NA1_5644327155,2,16.18.817.5716,2242,4692,3619,1073,2190,2141,49,32,30,2,2,0,2,0,0,0,0,0,0,4,4,0,0,0,0,0,0,0,0,3,3,2,2,0
NA1_5644327155,3,16.18.817.5716,2242,6003,4868,1135,4269,4094,175,62,59,3,2,0,2,0,0,0,0,0,0,4,4,0,0,0,0,0,0,0,0,3,3,2,2,0
NA1_5644327155,4,16.18.817.5716,2242,7572,6439,1133,6632,6787,-155,103,101,2,2,0,2,0,0,0,0,0,0,4,4,0,0,0,0,0,0,0,0,3,3,2,2,0
NA1_5644327155,5,16.18.817.5716,2242,8843,7802,1041,8403,9026,-623,136,136,0,2,0,2,0,0,0,0,0,0,4,4,0,0,0,0,0,0,0,0,3,3,2,2,0
NA1_5644327155,6,16.18.817.5716,2242,11375,9616,1759,10975,10766,209,172,157,15,5,1,4,0,0,0,0,0,0,4,4,0,0,0,0,0,0,0,0,3,3,2,2,0
NA1_5644327155,7,16.18.817.5716,2242,12748,11974,774,12621,13387,-766,200,189,11,5,3,2,0,0,0,0,0,0,4,4,0,0,0,0,0,0,0,0,3,3,2,2,0
NA1_5644327155,8,16.18.817.5716,2242,14687,13392,1295,15416,15314,102,247,224,23,6,3,3,0,0,0,0,0,0,4,4,0,0,0,0,0,0,0,0,3,3,2,2,0
NA1_5644327155,9,16.18.817.5716,2242,16348,14787,1561,17904,17478,426,290,259,31,6,3,3,0,0,0,0,1,-1,4,3,0,0,0,0,0,0,0,0,3,3,2,2,0
NA1_5644327155,10,16.18.817.5716,2242,18431,17328,1103,20199,20526,-327,326,309,17,7,4,3,0,0,0,0,1,-1,4,3,0,0,0,0,0,0,0,0,3,3,2,2,0
NA1_5644327155,11,16.18.817.5716,2242,20589,19712,877,22819,22578,241,359,335,24,9,6,3,0,0,0,0,1,-1,4,3,0,0,0,0,0,0,0,0,3,3,2,2,0
NA1_5644327155,12,16.18.817.5716,2242,22779,21856,923,25176,24109,1067,384,344,40,10,8,2,0,0,0,0,1,-1,4,3,0,0,0,0,0,0,0,0,3,3,2,2,0
NA1_5644327155,13,16.18.817.5716,2242,25845,24385,1460,27726,27450,276,414,367,47,12,10,2,1,0,1,0,1,-1,4,3,0,0,0,0,0,0,0,0,3,3,2,2,0
NA1_5644327155,14,16.18.817.5716,2242,28417,26652,1765,29793,29998,-205,434,404,30,14,12,2,2,0,2,0,1,-1,4,3,0,0,0,0,0,0,0,0,3,3,2,2,0
NA1_5644327155,15,16.18.817.5716,2242,31052,29597,1455,32268,32588,-320,458,416,42,16,15,1,2,0,2,0,1,-1,4,3,0,0,0,0,0,0,0,0,3,3,2,2,0
NA1_5644327155,16,16.18.817.5716,2242,33257,31708,1549,35237,35468,-231,500,460,40,17,16,1,2,0,2,0,2,-2,4,2,0,0,0,0,0,0,0,0,3,3,2,2,0
NA1_5644327155,17,16.18.817.5716,2242,34923,35323,-400,36776,40015,-3239,514,495,19,18,19,-1,2,1,1,0,2,-2,4,2,0,0,0,0,0,0,0,0,3,3,2,2,0
NA1_5644327155,18,16.18.817.5716,2242,38078,36743,1335,41222,41768,-546,547,526,21,21,19,2,3,1,2,0,2,-2,4,2,0,0,0,0,0,0,0,0,3,3,2,2,0
NA1_5644327155,19,16.18.817.5716,2242,41282,37951,3331,44448,43115,1333,570,535,35,24,20,4,3,1,2,0,2,-2,4,2,0,0,0,0,0,0,0,0,3,3,2,2,0
NA1_5644327155,20,16.18.817.5716,2242,43271,40021,3250,45918,45488,430,587,564,23,25,21,4,3,1,2,0,2,-2,4,2,0,0,0,0,0,0,0,0,3,3,2,2,0
NA1_5644327155,21,16.18.817.5716,2242,44383,44428,-45,46656,50019,-3363,592,584,8,26,26,0,3,1,2,0,2,-2,4,2,0,0,0,0,0,0,0,0,3,3,2,2,0
NA1_5644327155,22,16.18.817.5716,2242,45940,46467,-527,49029,52693,-3664,631,630,1,26,26,0,3,2,1,0,3,-3,4,1,0,0,0,0,0,0,0,0,3,3,2,2,0
NA1_5644327155,23,16.18.817.5716,2242,48496,48139,357,51115,54380,-3265,654,646,8,27,27,0,4,2,2,0,3,-3,4,1,0,0,0,0,0,0,0,0,3,3,2,2,0
NA1_5644327155,24,16.18.817.5716,2242,50354,50030,324,53148,57451,-4303,676,683,-7,28,28,0,4,2,2,0,3,-3,4,1,0,0,0,0,0,0,0,0,3,3,2,2,0
NA1_5644327155,25,16.18.817.5716,2242,52409,53148,-739,55251,60466,-5215,687,694,-7,30,32,-2,4,2,2,0,3,-3,4,1,0,0,0,0,0,0,0,0,3,3,2,2,0
NA1_5644327155,26,16.18.817.5716,2242,53809,55554,-1745,56745,64646,-7901,692,698,-6,31,33,-2,4,3,1,0,3,-3,4,1,0,0,0,0,0,0,0,1,3,3,2,2,0
NA1_5644327155,27,16.18.817.5716,2242,57054,57139,-85,61526,66246,-4720,737,708,29,33,34,-1,4,3,1,1,3,-2,3,1,0,0,0,0,0,0,0,1,3,3,2,2,0
NA1_5644327155,28,16.18.817.5716,2242,61739,59997,1742,64804,69871,-5067,762,723,39,35,37,-2,6,3,3,1,3,-2,3,1,0,0,0,0,0,0,0,1,3,3,2,2,0
NA1_5644327155,29,16.18.817.5716,2242,63086,61695,1391,65987,72215,-6228,778,761,17,35,37,-2,6,3,3,1,3,-2,3,1,0,0,0,0,0,0,0,1,3,3,2,2,0
NA1_5644327155,30,16.18.817.5716,2242,65939,63325,2614,68930,74008,-5078,792,778,14,37,38,-1,7,3,4,1,3,-2,3,1,0,0,0,0,0,0,0,1,3,2,2,2,0
NA1_5644327155,31,16.18.817.5716,2242,68157,66666,1491,72520,78387,-5867,797,798,-1,40,42,-2,7,3,4,1,3,-2,3,1,0,0,0,0,0,0,0,1,3,2,2,2,0
NA1_5644327155,32,16.18.817.5716,2242,69192,67949,1243,73257,79812,-6555,811,810,1,40,43,-3,7,3,4,1,3,-2,3,1,0,0,0,0,0,0,0,1,3,2,2,2,0
NA1_5644327155,33,16.18.817.5716,2242,70800,72305,-1505,74516,85839,-11323,818,834,-16,41,48,-7,7,3,4,1,4,-3,3,0,0,1,0,0,0,0,0,1,3,2,2,2,0
NA1_5644327155,34,16.18.817.5716,2242,72619,74908,-2289,76863,90922,-14059,840,858,-18,42,49,-7,8,4,4,1,4,-3,3,0,0,1,0,0,0,0,0,2,3,2,2,2,0
NA1_5644327155,35,16.18.817.5716,2242,76537,77414,-877,82516,94044,-11528,856,865,-9,46,52,-6,8,4,4,1,4,-3,3,0,0,1,0,0,0,0,0,2,3,2,2,2,0
NA1_5644327155,36,16.18.817.5716,2242,78154,78938,-784,84542,95959,-11417,884,887,-3,46,52,-6,8,4,4,1,4,-3,3,0,0,1,0,0,0,0,0,2,3,2,2,2,0
NA1_5644327155,37,16.18.817.5716,2242,79113,83121,-4008,85474,101314,-15840,892,913,-21,46,56,-10,8,5,3,1,4,-3,3,0,0,1,0,0,0,0,0,2,2,2,2,2,0
NA1_5644327155,37,16.18.817.5716,2242,79357,84599,-5242,85474,103071,-17597,892,927,-35,46,57,-11,8,5,3,1,4,-3,3,0,0,1,0,0,0,0,0,2,2,2,0,2,0
NA1_5645655831,0,16.18.817.5716,2291,2500,2500,0,0,0,0,0,0,0,0,0,0,0,0,0,0,0,0,4,4,0,0,0,0,0,0,0,0,3,3,2,2,0
NA1_5645655831,1,16.18.817.5716,2291,2520,2520,0,62,102,-40,1,1,0,0,0,0,0,0,0,0,0,0,4,4,0,0,0,0,0,0,0,0,3,3,2,2,0
NA1_5645655831,2,16.18.817.5716,2291,4411,3567,844,2298,1769,529,32,27,5,2,0,2,0,0,0,0,0,0,4,4,0,0,0,0,0,0,0,0,3,3,2,2,0
NA1_5645655831,3,16.18.817.5716,2291,5823,5190,633,4549,4240,309,69,59,10,2,1,1,0,0,0,0,0,0,4,4,0,0,0,0,0,0,0,0,3,3,2,2,0
NA1_5645655831,4,16.18.817.5716,2291,7332,6703,629,6916,6399,517,96,100,-4,3,1,2,0,0,0,0,0,0,4,4,0,0,0,0,0,0,0,0,3,3,2,2,0
NA1_5645655831,5,16.18.817.5716,2291,9359,8808,551,8655,8357,298,121,123,-2,5,3,2,0,0,0,0,0,0,4,4,0,0,0,0,0,0,0,0,3,3,2,2,0
NA1_5645655831,6,16.18.817.5716,2291,11446,11220,226,11018,10770,248,156,160,-4,6,5,1,0,0,0,0,0,0,4,4,0,0,0,0,0,0,0,0,3,3,2,2,0
NA1_5645655831,7,16.18.817.5716,2291,12866,12992,-126,13239,12664,575,196,187,9,6,6,0,0,0,0,0,1,-1,4,3,0,0,0,0,0,0,0,0,3,3,2,2,0
NA1_5645655831,8,16.18.817.5716,2291,14636,14515,121,15859,14803,1056,238,228,10,7,6,1,0,0,0,0,1,-1,4,3,0,0,0,0,0,0,0,0,3,3,2,2,0
NA1_5645655831,9,16.18.817.5716,2291,16499,16468,31,17986,18038,-52,274,276,-2,8,7,1,0,0,0,0,1,-1,4,3,0,0,0,0,0,0,0,0,3,3,2,2,0
NA1_5645655831,10,16.18.817.5716,2291,18079,18118,-39,19870,19119,751,305,288,17,8,9,-1,0,0,0,0,1,-1,4,3,0,0,0,0,0,0,0,0,3,3,2,2,0
NA1_5645655831,11,16.18.817.5716,2291,19740,19808,-68,21648,20556,1092,331,309,22,9,10,-1,0,0,0,0,1,-1,4,3,0,0,0,0,0,0,0,0,3,3,2,2,0
NA1_5645655831,12,16.18.817.5716,2291,21138,22214,-1076,23147,23742,-595,347,341,6,9,12,-3,0,0,0,0,1,-1,4,3,0,0,0,0,0,0,0,0,3,3,2,2,0
NA1_5645655831,13,16.18.817.5716,2291,23428,24373,-945,24910,26472,-1562,379,372,7,9,14,-5,1,0,1,0,2,-2,4,2,0,0,0,0,0,0,0,0,3,3,2,2,0
NA1_5645655831,14,16.18.817.5716,2291,24958,26553,-1595,27487,29222,-1735,424,407,17,9,15,-6,1,0,1,0,2,-2,4,2,0,0,0,0,0,0,0,0,3,3,2,2,0
NA1_5645655831,15,16.18.817.5716,2291,25992,29623,-3631,28429,33353,-4924,439,458,-19,9,17,-8,1,1,0,0,2,-2,4,2,0,0,0,0,0,0,0,0,3,3,2,2,0
NA1_5645655831,16,16.18.817.5716,2291,27547,31656,-4109,30993,36386,-5393,477,497,-20,9,18,-9,1,1,0,0,2,-2,4,2,0,0,0,0,0,0,0,0,3,3,2,2,0
NA1_5645655831,17,16.18.817.5716,2291,29421,34338,-4917,33319,39035,-5716,506,537,-31,10,19,-9,1,2,-1,0,2,-2,4,2,0,0,0,0,0,1,0,0,3,3,2,2,0
NA1_5645655831,18,16.18.817.5716,2291,32321,35441,-3120,35463,40324,-4861,532,560,-28,11,19,-8,2,2,0,0,2,-2,4,2,0,0,0,0,0,1,0,0,3,3,2,2,0
NA1_5645655831,19,16.18.817.5716,2291,35054,38358,-3304,37699,42732,-5033,561,588,-27,12,20,-8,3,4,-1,0,3,-3,4,1,0,0,0,0,0,1,0,0,3,3,2,2,0
NA1_5645655831,20,16.18.817.5716,2291,37954,40276,-2322,40775,45621,-4846,602,632,-30,13,21,-8,3,4,-1,0,3,-3,4,1,0,0,0,0,0,1,0,0,3,3,2,2,0
NA1_5645655831,21,16.18.817.5716,2291,39381,41884,-2503,43034,48128,-5094,638,675,-37,13,21,-8,3,4,-1,0,3,-3,4,1,0,0,0,0,0,1,0,0,3,3,2,2,0
NA1_5645655831,22,16.18.817.5716,2291,40952,44495,-3543,45491,50715,-5224,651,696,-45,14,23,-9,3,5,-2,0,3,-3,4,1,0,0,0,0,0,1,0,0,3,3,2,2,0
NA1_5645655831,23,16.18.817.5716,2291,42543,45918,-3375,47653,52635,-4982,691,729,-38,14,23,-9,3,5,-2,0,3,-3,4,1,0,0,0,0,0,1,0,0,3,3,2,2,0
NA1_5645655831,24,16.18.817.5716,2291,47678,46970,708,55316,53170,2146,708,738,-30,18,23,-5,3,5,-2,0,3,-3,4,1,0,0,0,0,0,1,1,0,3,3,2,2,0
NA1_5645655831,25,16.18.817.5716,2291,51046,49173,1873,59087,56296,2791,715,754,-39,22,25,-3,3,5,-2,0,4,-4,4,0,0,1,0,0,0,1,1,0,3,3,2,2,0
NA1_5645655831,26,16.18.817.5716,2291,53705,50951,2754,61296,58462,2834,748,779,-31,23,26,-3,4,5,-1,0,4,-4,4,0,0,1,0,0,0,1,1,0,3,3,2,2,0
NA1_5645655831,27,16.18.817.5716,2291,56538,52927,3611,63089,61322,1767,777,807,-30,23,27,-4,6,5,1,0,4,-4,4,0,0,1,0,0,0,1,1,0,3,3,2,2,0
NA1_5645655831,28,16.18.817.5716,2291,58248,56557,1691,65449,65710,-261,806,849,-43,24,30,-6,6,6,0,0,4,-4,4,0,0,1,0,0,0,1,1,0,3,3,2,2,0
NA1_5645655831,29,16.18.817.5716,2291,60431,58527,1904,69027,67300,1727,845,872,-27,25,30,-5,6,7,-1,0,4,-4,4,0,0,1,0,0,0,1,1,0,2,3,2,2,0
NA1_5645655831,30,16.18.817.5716,2291,61672,60716,956,70875,70650,225,871,895,-24,25,32,-7,6,7,-1,0,4,-4,4,0,0,1,0,0,0,1,1,0,2,3,2,2,0
NA1_5645655831,31,16.18.817.5716,2291,65255,63600,1655,74854,77687,-2833,898,924,-26,28,33,-5,6,7,-1,0,4,-4,4,0,0,1,0,0,0,1,1,1,2,3,2,2,0
NA1_5645655831,32,16.18.817.5716,2291,68245,66034,2211,81402,81108,294,933,957,-24,29,35,-6,6,7,-1,0,4,-4,4,0,0,1,1,0,0,1,1,1,2,3,2,2,0
NA1_5645655831,33,16.18.817.5716,2291,70564,67279,3285,85312,82411,2901,971,979,-8,30,35,-5,6,7,-1,0,4,-4,4,0,0,1,1,0,0,1,1,1,2,3,2,2,0
NA1_5645655831,34,16.18.817.5716,2291,72514,69251,3263,86747,85574,1173,989,1003,-14,30,36,-6,7,7,0,0,4,-4,4,0,0,1,1,0,0,1,1,1,3,3,2,2,0
NA1_5645655831,35,16.18.817.5716,2291,74394,72611,1783,88601,90570,-1969,1000,1034,-34,31,39,-8,7,7,0,0,4,-4,4,0,0,1,1,0,0,1,1,1,3,2,2,2,0
NA1_5645655831,36,16.18.817.5716,2291,78213,75888,2325,93601,95282,-1681,1014,1061,-47,35,42,-7,7,8,-1,0,4,-4,4,0,0,1,1,0,0,1,1,1,1,2,2,2,0
NA1_5645655831,37,16.18.817.5716,2291,79614,77391,2223,95503,97058,-1555,1045,1076,-31,35,43,-8,7,8,-1,0,4,-4,4,0,0,1,1,0,0,1,1,1,1,2,2,2,0
NA1_5645655831,38,16.18.817.5716,2291,80778,82733,-1955,97170,106595,-9425,1063,1111,-48,35,47,-12,7,8,-1,0,4,-4,4,0,0,1,1,0,0,1,1,2,1,2,1,2,0
NA1_5645655831,38,16.18.817.5716,2291,81400,83946,-2546,98120,108403,-10283,1065,1118,-53,36,48,-12,7,8,-1,0,4,-4,4,0,0,1,1,0,0,1,1,2,1,2,0,2,0
NA1_5641372661,0,16.18.817.5716,2137,2500,2500,0,0,0,0,0,0,0,0,0,0,0,0,0,0,0,0,4,4,0,0,0,0,0,0,0,0,3,3,2,2,0
NA1_5641372661,1,16.18.817.5716,2137,2525,2525,0,62,62,0,1,1,0,0,0,0,0,0,0,0,0,0,4,4,0,0,0,0,0,0,0,0,3,3,2,2,0
NA1_5641372661,2,16.18.817.5716,2137,3769,3972,-203,2290,2720,-430,35,47,-12,0,0,0,0,0,0,0,0,0,4,4,0,0,0,0,0,0,0,0,3,3,2,2,0
NA1_5641372661,3,16.18.817.5716,2137,5326,5524,-198,5187,5161,26,79,88,-9,0,0,0,0,0,0,0,0,0,4,4,0,0,0,0,0,0,0,0,3,3,2,2,0
NA1_5641372661,4,16.18.817.5716,2137,7332,7683,-351,7233,7652,-419,112,131,-19,1,1,0,0,0,0,0,0,0,4,4,0,0,0,0,0,0,0,0,3,3,2,2,0
NA1_5641372661,5,16.18.817.5716,2137,8590,9232,-642,9584,9980,-396,146,173,-27,1,1,0,0,0,0,0,0,0,4,4,0,0,0,0,0,0,0,0,3,3,2,2,0
NA1_5641372661,6,16.18.817.5716,2137,10531,10679,-148,11742,11704,38,170,193,-23,3,2,1,0,0,0,0,0,0,4,4,0,0,0,0,0,0,0,0,3,3,2,2,0
NA1_5641372661,7,16.18.817.5716,2137,12122,13803,-1681,12922,13795,-873,189,224,-35,4,5,-1,0,0,0,0,0,0,4,4,0,0,0,0,0,0,0,0,3,3,2,2,0
NA1_5641372661,8,16.18.817.5716,2137,14052,15454,-1402,15771,16562,-791,237,275,-38,5,5,0,0,0,0,0,0,0,4,4,0,0,0,0,0,0,0,0,3,3,2,2,0
NA1_5641372661,9,16.18.817.5716,2137,15471,16868,-1397,18034,18319,-285,272,306,-34,5,5,0,0,0,0,0,0,0,4,4,0,0,0,0,0,0,0,0,3,3,2,2,0
NA1_5641372661,10,16.18.817.5716,2137,17675,18516,-841,20673,20145,528,306,338,-32,6,5,1,0,0,0,0,1,-1,4,3,0,0,0,0,0,0,0,0,3,3,2,2,0
NA1_5641372661,11,16.18.817.5716,2137,18979,20479,-1500,22709,23076,-367,335,385,-50,6,6,0,0,0,0,0,1,-1,4,3,0,0,0,0,0,0,0,0,3,3,2,2,0
NA1_5641372661,12,16.18.817.5716,2137,21279,22049,-770,26453,25227,1226,366,421,-55,8,6,2,0,0,0,0,1,-1,4,3,0,0,0,0,0,0,0,0,3,3,2,2,0
NA1_5641372661,13,16.18.817.5716,2137,23245,23667,-422,29416,27477,1939,416,453,-37,8,6,2,0,0,0,0,1,-1,4,3,0,0,0,0,0,0,0,0,3,3,2,2,0
NA1_5641372661,14,16.18.817.5716,2137,26132,25651,481,32410,29272,3138,467,486,-19,9,6,3,1,1,0,0,1,-1,4,3,0,0,0,0,0,0,0,0,3,3,2,2,0
NA1_5641372661,15,16.18.817.5716,2137,27571,27002,569,34158,31165,2993,485,517,-32,10,6,4,1,1,0,1,1,0,3,3,0,0,0,0,0,0,0,0,3,3,2,2,0
NA1_5641372661,16,16.18.817.5716,2137,29527,28920,607,37675,33601,4074,532,566,-34,11,6,5,1,1,0,1,1,0,3,3,0,0,0,0,1,0,0,0,3,3,2,2,0
NA1_5641372661,17,16.18.817.5716,2137,32259,32014,245,40137,37563,2574,572,607,-35,11,7,4,2,1,1,1,1,0,3,3,0,0,0,0,1,0,0,0,3,3,2,2,0
NA1_5641372661,18,16.18.817.5716,2137,35439,34498,941,43389,40451,2938,597,644,-47,14,8,6,3,2,1,1,1,0,3,3,0,0,0,0,1,0,0,0,3,3,2,2,0
NA1_5641372661,19,16.18.817.5716,2137,37162,36898,264,46215,43851,2364,645,695,-50,14,9,5,3,2,1,1,1,0,3,3,0,0,0,0,1,0,0,0,3,3,2,2,0
NA1_5641372661,20,16.18.817.5716,2137,39224,39579,-355,48612,47109,1503,671,735,-64,15,11,4,3,2,1,1,1,0,3,3,0,0,0,0,1,0,0,0,3,3,2,2,0
NA1_5641372661,21,16.18.817.5716,2137,40525,42348,-1823,50458,49214,1244,703,774,-71,15,11,4,3,4,-1,2,1,1,2,3,0,0,0,0,1,0,0,0,3,3,2,2,0
NA1_5641372661,22,16.18.817.5716,2137,42862,45012,-2150,53344,53636,-292,740,826,-86,16,13,3,3,4,-1,2,1,1,2,3,0,0,0,0,1,0,0,0,3,3,2,2,0
NA1_5641372661,23,16.18.817.5716,2137,46508,46259,249,59583,54286,5297,757,838,-81,19,13,6,4,5,-1,2,1,1,2,3,0,0,0,0,1,0,1,0,3,3,2,2,0
NA1_5641372661,24,16.18.817.5716,2137,48252,48287,-35,61458,57289,4169,777,870,-93,20,15,5,4,5,-1,2,1,1,2,3,0,0,0,0,1,0,1,0,3,3,2,2,0
NA1_5641372661,25,16.18.817.5716,2137,50285,50282,3,64660,60347,4313,832,920,-88,20,16,4,4,5,-1,2,1,1,2,3,0,0,0,0,1,0,1,0,3,3,2,2,0
NA1_5641372661,26,16.18.817.5716,2137,53831,53759,72,68635,64953,3682,845,938,-93,24,20,4,4,5,-1,3,1,2,1,3,0,0,0,0,1,0,1,0,3,3,2,2,0
NA1_5641372661,27,16.18.817.5716,2137,55844,55136,708,71334,66540,4794,866,967,-101,26,20,6,4,5,-1,3,1,2,1,3,0,0,0,0,1,0,1,0,3,3,2,2,0
NA1_5641372661,28,16.18.817.5716,2137,57616,58555,-939,73358,70731,2627,883,999,-116,27,22,5,4,5,-1,3,1,2,1,3,0,0,0,0,1,0,1,0,3,3,2,2,0
NA1_5641372661,29,16.18.817.5716,2137,59065,60516,-1451,74986,73335,1651,915,1040,-125,27,22,5,4,5,-1,3,1,2,1,3,0,0,0,0,1,0,1,0,3,3,2,2,0
NA1_5641372661,30,16.18.817.5716,2137,62323,63197,-874,81140,76255,4885,938,1091,-153,29,22,7,4,6,-2,3,1,2,1,3,0,0,0,0,1,0,2,0,3,3,2,2,0
NA1_5641372661,31,16.18.817.5716,2137,63346,67566,-4220,81853,81952,-99,951,1109,-158,29,27,2,4,6,-2,3,1,2,1,3,0,0,0,0,1,0,2,0,3,3,2,2,0
NA1_5641372661,32,16.18.817.5716,2137,64737,69337,-4600,83380,85110,-1730,970,1153,-183,29,27,2,5,6,-1,3,2,1,1,2,0,0,0,0,1,0,2,0,3,3,2,2,0
NA1_5641372661,33,16.18.817.5716,2137,68259,72616,-4357,88016,90357,-2341,995,1200,-205,32,30,2,5,6,-1,3,2,1,1,2,0,0,0,0,1,0,2,0,3,3,2,2,0
NA1_5641372661,34,16.18.817.5716,2137,69153,75714,-6561,88891,93455,-4564,1002,1213,-211,32,32,0,5,7,-2,3,2,1,1,2,0,0,0,0,1,0,2,0,2,3,2,2,0
NA1_5641372661,35,16.18.817.5716,2137,72376,79906,-7530,93369,99566,-6197,1039,1242,-203,34,37,-3,5,7,-2,3,2,1,1,2,0,0,0,0,1,0,2,0,2,3,2,2,0
NA1_5641372661,36,16.18.817.5716,2137,72781,81128,-8347,93369,100213,-6844,1039,1251,-212,34,37,-3,5,7,-2,3,2,1,1,2,0,0,0,0,1,0,2,0,2,3,0,2,0
NA1_5645115910,0,16.18.817.5716,1349,2500,2500,0,0,0,0,0,0,0,0,0,0,0,0,0,0,0,0,4,4,0,0,0,0,0,0,0,0,3,3,2,2,1
NA1_5645115910,1,16.18.817.5716,1349,2520,2512,8,62,0,62,1,0,1,0,0,0,0,0,0,0,0,0,4,4,0,0,0,0,0,0,0,0,3,3,2,2,1
NA1_5645115910,2,16.18.817.5716,1349,4704,3779,925,2424,2406,18,33,33,0,2,0,2,0,0,0,0,0,0,4,4,0,0,0,0,0,0,0,0,3,3,2,2,1
NA1_5645115910,3,16.18.817.5716,1349,6195,5656,539,5162,5172,-10,73,79,-6,2,1,1,0,0,0,0,0,0,4,4,0,0,0,0,0,0,0,0,3,3,2,2,1
NA1_5645115910,4,16.18.817.5716,1349,8085,7424,661,7123,7444,-321,95,121,-26,4,1,3,0,0,0,0,0,0,4,4,0,0,0,0,0,0,0,0,3,3,2,2,1
NA1_5645115910,5,16.18.817.5716,1349,9381,8724,657,9456,9497,-41,129,154,-25,4,1,3,0,0,0,0,0,0,4,4,0,0,0,0,0,0,0,0,3,3,2,2,1
NA1_5645115910,6,16.18.817.5716,1349,10690,10722,-32,11274,12019,-745,154,197,-43,4,2,2,0,0,0,0,0,0,4,4,0,0,0,0,0,0,0,0,3,3,2,2,1
NA1_5645115910,7,16.18.817.5716,1349,12373,12291,82,13243,14410,-1167,185,239,-54,5,2,3,0,0,0,0,0,0,4,4,0,0,0,0,0,0,0,0,3,3,2,2,1
NA1_5645115910,8,16.18.817.5716,1349,14299,13720,579,16158,16162,-4,226,272,-46,6,2,4,0,0,0,0,0,0,4,4,0,0,0,0,0,0,0,0,3,3,2,2,1
NA1_5645115910,9,16.18.817.5716,1349,16187,15876,311,18640,18734,-94,267,314,-47,7,3,4,0,0,0,0,0,0,4,4,0,0,0,0,0,0,0,0,3,3,2,2,1
NA1_5645115910,10,16.18.817.5716,1349,17490,17835,-345,20364,21413,-1049,296,352,-56,7,4,3,0,0,0,1,0,1,3,4,0,0,0,0,0,0,0,0,3,3,2,2,1
NA1_5645115910,11,16.18.817.5716,1349,19530,19658,-128,22954,23554,-600,332,376,-44,8,4,4,0,1,-1,1,0,1,3,4,0,0,0,0,0,0,0,0,3,3,2,2,1
NA1_5645115910,12,16.18.817.5716,1349,21534,21485,49,25938,26143,-205,373,415,-42,10,5,5,0,1,-1,1,0,1,3,4,0,0,0,0,0,0,0,0,3,3,2,2,1
NA1_5645115910,13,16.18.817.5716,1349,24624,23234,1390,28508,27809,699,403,443,-40,12,5,7,1,1,0,1,0,1,3,4,0,0,0,0,0,0,0,0,3,3,2,2,1
NA1_5645115910,14,16.18.817.5716,1349,26688,25321,1367,30924,29947,977,432,472,-40,14,6,8,1,1,0,1,0,1,3,4,0,0,0,0,0,0,0,0,3,3,2,2,1
NA1_5645115910,15,16.18.817.5716,1349,29063,28040,1023,35001,33549,1452,478,517,-39,15,7,8,2,1,1,2,0,2,2,4,0,0,0,0,0,0,0,0,3,3,2,2,1
NA1_5645115910,16,16.18.817.5716,1349,30844,29807,1037,36990,36320,670,498,565,-67,16,7,9,2,1,1,2,0,2,2,4,0,0,0,0,0,0,0,0,3,3,2,2,1
NA1_5645115910,17,16.18.817.5716,1349,33566,31333,2233,40880,37276,3604,540,586,-46,18,7,11,2,2,0,2,0,2,2,4,0,0,0,0,1,0,0,0,3,3,2,2,1
NA1_5645115910,18,16.18.817.5716,1349,35707,33562,2145,43517,40262,3255,570,640,-70,20,7,13,2,3,-1,2,0,2,2,4,0,0,0,0,1,0,0,0,3,3,2,2,1
NA1_5645115910,19,16.18.817.5716,1349,37771,35667,2104,46757,42561,4196,625,681,-56,20,7,13,2,4,-2,2,0,2,2,4,0,0,0,0,1,0,0,0,3,3,2,2,1
NA1_5645115910,20,16.18.817.5716,1349,40430,37233,3197,49712,44706,5006,655,715,-60,22,7,15,3,4,-1,2,0,2,2,4,0,0,0,0,1,0,0,0,3,3,2,2,1
NA1_5645115910,21,16.18.817.5716,1349,42262,38944,3318,52821,49252,3569,706,760,-54,22,7,15,3,4,-1,3,0,3,1,4,0,0,0,0,1,0,0,0,3,3,2,2,1
NA1_5645115910,22,16.18.817.5716,1349,44812,40750,4062,56826,51823,5003,737,793,-56,24,8,16,3,4,-1,3,0,3,1,4,0,0,0,0,1,0,0,0,3,3,2,2,1
NA1_5645115910,22,16.18.817.5716,1349,46119,41111,5008,58618,51900,6718,759,793,-34,26,8,18,3,4,-1,3,0,3,1,4,0,0,0,0,1,0,0,0,3,3,2,2,1
NA1_5646599249,0,16.18.817.5716,1775,2500,2500,0,0,0,0,0,0,0,0,0,0,0,0,0,0,0,0,4,4,0,0,0,0,0,0,0,0,3,3,2,2,0
NA1_5646599249,1,16.18.817.5716,1775,2505,2505,0,0,0,0,0,0,0,0,0,0,0,0,0,0,0,0,4,4,0,0,0,0,0,0,0,0,3,3,2,2,0
NA1_5646599249,2,16.18.817.5716,1775,3725,3868,-143,1953,2520,-567,31,41,-10,0,0,0,0,0,0,0,0,0,4,4,0,0,0,0,0,0,0,0,3,3,2,2,0
NA1_5646599249,3,16.18.817.5716,1775,5152,5340,-188,4494,5017,-523,68,81,-13,0,0,0,0,0,0,0,0,0,4,4,0,0,0,0,0,0,0,0,3,3,2,2,0
NA1_5646599249,4,16.18.817.5716,1775,7081,7048,33,6550,7191,-641,92,115,-23,1,1,0,0,0,0,0,0,0,4,4,0,0,0,0,0,0,0,0,3,3,2,2,0
NA1_5646599249,5,16.18.817.5716,1775,8829,8893,-64,9106,9327,-221,133,150,-17,2,2,0,0,0,0,0,0,0,4,4,0,0,0,0,0,0,0,0,3,3,2,2,0
NA1_5646599249,6,16.18.817.5716,1775,10183,10497,-314,11474,11348,126,165,185,-20,2,2,0,0,0,0,0,0,0,4,4,0,0,0,0,0,0,0,0,3,3,2,2,0
NA1_5646599249,7,16.18.817.5716,1775,12238,11743,495,14151,13255,896,205,217,-12,3,2,1,0,0,0,0,1,-1,4,3,0,0,0,0,0,0,0,0,3,3,2,2,0
NA1_5646599249,8,16.18.817.5716,1775,13594,13358,236,16183,15679,504,240,257,-17,3,2,1,0,0,0,0,1,-1,4,3,0,0,0,0,0,0,0,0,3,3,2,2,0
NA1_5646599249,9,16.18.817.5716,1775,16031,14820,1211,19024,17721,1303,278,295,-17,5,2,3,0,0,0,0,1,-1,4,3,0,0,0,0,0,0,0,0,3,3,2,2,0
NA1_5646599249,10,16.18.817.5716,1775,19374,16817,2557,22219,19362,2857,320,317,3,9,3,6,0,0,0,0,1,-1,4,3,0,0,0,0,0,0,0,0,3,3,2,2,0
NA1_5646599249,11,16.18.817.5716,1775,20474,19018,1456,23610,22034,1576,346,358,-12,9,4,5,0,0,0,0,1,-1,4,3,0,0,0,0,0,0,0,0,3,3,2,2,0
NA1_5646599249,12,16.18.817.5716,1775,24671,21280,3391,28148,23624,4524,389,378,11,13,5,8,1,1,0,0,1,-1,4,3,0,0,0,0,0,0,0,0,3,3,2,2,0
NA1_5646599249,13,16.18.817.5716,1775,26135,23058,3077,30110,26065,4045,425,420,5,13,5,8,1,1,0,0,1,-1,4,3,0,0,0,0,0,0,0,0,3,3,2,2,0
NA1_5646599249,14,16.18.817.5716,1775,27621,25648,1973,31808,29818,1990,452,448,4,14,7,7,1,1,0,0,1,-1,4,3,0,0,0,0,0,0,0,0,3,3,2,2,0
NA1_5646599249,15,16.18.817.5716,1775,29132,26973,2159,33771,31384,2387,485,477,8,14,7,7,1,1,0,0,2,-2,4,2,0,0,0,0,0,0,0,0,3,3,2,2,0
NA1_5646599249,16,16.18.817.5716,1775,31883,29633,2250,36991,35423,1568,519,535,-16,16,8,8,1,1,0,0,2,-2,4,2,0,0,0,0,0,0,0,0,3,3,2,2,0
NA1_5646599249,17,16.18.817.5716,1775,33410,31895,1515,39215,37714,1501,551,568,-17,16,9,7,1,2,-1,0,2,-2,4,2,0,0,0,0,1,0,0,0,3,3,2,2,0
NA1_5646599249,18,16.18.817.5716,1775,35131,34184,947,41708,40939,769,594,612,-18,16,10,6,1,3,-2,0,2,-2,4,2,0,0,0,0,1,0,0,0,3,3,2,2,0
NA1_5646599249,19,16.18.817.5716,1775,36352,36810,-458,43384,43913,-529,611,648,-37,17,11,6,1,3,-2,0,2,-2,4,2,0,0,0,0,1,0,0,0,3,3,2,2,0
NA1_5646599249,20,16.18.817.5716,1775,38251,39059,-808,45241,46136,-895,629,659,-30,18,13,5,2,4,-2,1,2,-1,3,2,0,0,0,0,1,0,0,0,3,3,2,2,0
NA1_5646599249,21,16.18.817.5716,1775,40556,41562,-1006,47804,48856,-1052,658,690,-32,19,15,4,2,4,-2,1,2,-1,3,2,0,0,0,0,1,0,0,0,3,3,2,2,0
NA1_5646599249,22,16.18.817.5716,1775,42379,43107,-728,50480,50918,-438,709,729,-20,19,15,4,2,4,-2,1,2,-1,3,2,0,0,0,0,1,0,0,0,3,3,2,2,0
NA1_5646599249,23,16.18.817.5716,1775,44140,44659,-519,52156,53461,-1305,728,771,-43,20,15,5,2,4,-2,1,2,-1,3,2,0,0,0,0,1,0,0,0,3,3,2,2,0
NA1_5646599249,24,16.18.817.5716,1775,46489,47862,-1373,54522,56354,-1832,741,777,-36,22,19,3,2,4,-2,1,2,-1,3,2,0,0,0,0,1,0,0,0,3,3,2,2,0
NA1_5646599249,25,16.18.817.5716,1775,48223,50006,-1783,57224,61058,-3834,767,806,-39,23,19,4,2,4,-2,2,2,0,2,2,0,0,0,0,1,0,0,1,3,3,2,2,0
NA1_5646599249,26,16.18.817.5716,1775,49535,54998,-5463,58177,66125,-7948,772,832,-60,24,24,0,2,6,-4,2,2,0,2,2,0,0,0,0,1,0,0,1,3,3,2,2,0
NA1_5646599249,27,16.18.817.5716,1775,51584,57770,-6186,61115,70435,-9320,794,882,-88,25,26,-1,2,6,-4,2,2,0,2,2,0,0,0,0,1,0,0,1,3,3,2,2,0
NA1_5646599249,28,16.18.817.5716,1775,54246,61724,-7478,64618,75014,-10396,824,909,-85,27,30,-3,2,7,-5,2,2,0,2,2,0,0,0,0,1,0,0,1,3,3,2,2,0
NA1_5646599249,29,16.18.817.5716,1775,56030,65452,-9422,66851,79169,-12318,845,940,-95,28,34,-6,2,7,-5,2,2,0,2,2,0,0,0,0,1,0,0,1,2,3,2,2,0
NA1_5646599249,30,16.18.817.5716,1775,56851,67672,-10821,67821,81136,-13315,846,957,-111,29,35,-6,2,8,-6,2,2,0,2,2,0,0,0,0,1,0,0,1,2,3,0,2,0
NA1_5645884792,0,16.18.817.5716,1636,2500,2500,0,0,0,0,0,0,0,0,0,0,0,0,0,0,0,0,4,4,0,0,0,0,0,0,0,0,3,3,2,2,0
NA1_5645884792,1,16.18.817.5716,1636,2520,2500,20,62,0,62,1,0,1,0,0,0,0,0,0,0,0,0,4,4,0,0,0,0,0,0,0,0,3,3,2,2,0
NA1_5645884792,2,16.18.817.5716,1636,3687,4606,-919,2032,2758,-726,30,42,-12,0,2,-2,0,0,0,0,0,0,4,4,0,0,0,0,0,0,0,0,3,3,2,2,0
NA1_5645884792,3,16.18.817.5716,1636,5490,5999,-509,4261,4687,-426,63,73,-10,1,2,-1,0,0,0,0,0,0,4,4,0,0,0,0,0,0,0,0,3,3,2,2,0
NA1_5645884792,4,16.18.817.5716,1636,6669,8223,-1554,5798,7280,-1482,86,115,-29,1,4,-3,0,0,0,0,0,0,4,4,0,0,0,0,0,0,0,0,3,3,2,2,0
NA1_5645884792,5,16.18.817.5716,1636,7894,9922,-2028,7620,8609,-989,112,136,-24,1,5,-4,0,0,0,0,0,0,4,4,0,0,0,0,0,0,0,0,3,3,2,2,0
NA1_5645884792,6,16.18.817.5716,1636,9437,11658,-2221,10193,11135,-942,156,178,-22,1,6,-5,0,0,0,0,0,0,4,4,0,0,0,0,0,0,0,0,3,3,2,2,0
NA1_5645884792,7,16.18.817.5716,1636,11181,13813,-2632,12474,13856,-1382,188,224,-36,2,7,-5,0,0,0,1,0,1,3,4,0,0,0,0,0,0,0,0,3,3,2,2,0
NA1_5645884792,8,16.18.817.5716,1636,12673,16551,-3878,14232,15918,-1686,220,259,-39,2,9,-7,0,0,0,1,0,1,3,4,0,0,0,0,0,0,0,0,3,3,2,2,0
NA1_5645884792,9,16.18.817.5716,1636,16041,17887,-1846,16952,17601,-649,254,279,-25,5,10,-5,0,0,0,1,0,1,3,4,0,0,0,0,0,0,0,0,3,3,2,2,0
NA1_5645884792,10,16.18.817.5716,1636,17814,20210,-2396,19078,20444,-1366,296,315,-19,5,12,-7,0,0,0,1,0,1,3,4,0,0,0,0,0,0,0,0,3,3,2,2,0
NA1_5645884792,11,16.18.817.5716,1636,19671,22378,-2707,21104,23533,-2429,328,367,-39,6,13,-7,0,0,0,1,0,1,3,4,0,0,0,0,0,0,0,0,3,3,2,2,0
NA1_5645884792,12,16.18.817.5716,1636,21299,26036,-4737,22670,27684,-5014,357,407,-50,6,16,-10,0,1,-1,1,0,1,3,4,0,0,0,0,0,0,0,0,3,3,2,2,0
NA1_5645884792,13,16.18.817.5716,1636,23286,28158,-4872,25246,30537,-5291,391,455,-64,7,16,-9,0,2,-2,1,1,0,3,3,0,0,0,0,0,0,0,0,3,3,2,2,0
NA1_5645884792,14,16.18.817.5716,1636,25391,30286,-4895,27890,32787,-4897,425,484,-59,8,18,-10,0,2,-2,1,1,0,3,3,0,0,0,0,0,0,0,0,3,3,2,2,0
NA1_5645884792,15,16.18.817.5716,1636,26389,33938,-7549,28888,36899,-8011,442,533,-91,8,20,-12,0,4,-4,1,1,0,3,3,0,0,0,0,0,0,0,0,3,3,2,2,0
NA1_5645884792,16,16.18.817.5716,1636,31162,35704,-4542,33823,38721,-4898,478,546,-68,12,22,-10,0,4,-4,1,1,0,3,3,0,0,0,0,0,0,0,0,3,3,2,2,0
NA1_5645884792,17,16.18.817.5716,1636,33125,38098,-4973,36163,42189,-6026,507,585,-78,13,24,-11,0,4,-4,1,1,0,3,3,0,0,0,0,0,0,0,0,3,3,2,2,0
NA1_5645884792,18,16.18.817.5716,1636,35530,41973,-6443,38965,45410,-6445,522,592,-70,16,29,-13,0,4,-4,1,1,0,3,3,0,0,0,0,0,0,0,0,3,3,2,2,0
NA1_5645884792,19,16.18.817.5716,1636,38164,44671,-6507,42277,49067,-6790,564,638,-74,17,30,-13,0,4,-4,1,2,-1,3,2,0,0,0,0,0,0,0,0,3,3,2,2,0
NA1_5645884792,20,16.18.817.5716,1636,41725,46280,-4555,46154,50294,-4140,581,650,-69,21,31,-10,0,5,-5,1,2,-1,3,2,0,0,0,0,0,0,0,0,3,3,2,2,0
NA1_5645884792,21,16.18.817.5716,1636,44717,47782,-3065,49731,51569,-1838,602,656,-54,24,32,-8,0,5,-5,1,2,-1,3,2,0,0,0,0,0,0,0,0,3,3,2,2,0
NA1_5645884792,22,16.18.817.5716,1636,46908,49759,-2851,54167,54507,-340,660,685,-25,25,33,-8,0,5,-5,1,2,-1,3,2,0,0,0,0,0,0,0,0,3,3,2,2,0
NA1_5645884792,23,16.18.817.5716,1636,48293,51386,-3093,54833,55981,-1148,674,703,-29,25,34,-9,1,5,-4,1,2,-1,3,2,0,0,0,0,0,0,0,0,3,3,2,2,0
NA1_5645884792,24,16.18.817.5716,1636,49908,54711,-4803,56436,59775,-3339,692,716,-24,26,38,-12,1,5,-4,1,3,-2,3,1,0,0,0,0,0,0,0,0,3,3,2,2,0
NA1_5645884792,25,16.18.817.5716,1636,53039,58765,-5726,60499,67138,-6639,737,754,-17,28,41,-13,1,6,-5,1,3,-2,3,1,0,0,0,0,0,0,0,1,3,3,2,2,0
NA1_5645884792,26,16.18.817.5716,1636,54381,62502,-8121,62148,70903,-8755,759,791,-32,28,43,-15,1,8,-7,1,3,-2,3,1,0,0,0,0,0,0,0,1,2,3,2,2,0
NA1_5645884792,27,16.18.817.5716,1636,56623,66498,-9875,65608,75844,-10236,769,826,-57,30,47,-17,1,9,-8,1,3,-2,3,1,0,0,0,0,0,0,0,1,0,3,2,2,0
NA1_5645884792,27,16.18.817.5716,1636,57023,67440,-10417,66192,76442,-10250,777,833,-56,30,47,-17,1,9,-8,1,3,-2,3,1,0,0,0,0,0,0,0,1,0,3,0,2,0
NA1_5639554526,0,16.18.816.5012,1593,2500,2500,0,0,0,0,0,0,0,0,0,0,0,0,0,0,0,0,4,4,0,0,0,0,0,0,0,0,3,3,2,2,0
NA1_5639554526,1,16.18.816.5012,1593,2500,2900,-400,0,42,-42,0,0,0,0,1,-1,0,0,0,0,0,0,4,4,0,0,0,0,0,0,0,0,3,3,2,2,0
NA1_5639554526,2,16.18.816.5012,1593,4131,4718,-587,2314,2496,-182,33,38,-5,1,2,-1,0,0,0,0,0,0,4,4,0,0,0,0,0,0,0,0,3,3,2,2,0
NA1_5639554526,3,16.18.816.5012,1593,5488,6376,-888,4584,4861,-277,65,72,-7,1,3,-2,0,0,0,0,0,0,4,4,0,0,0,0,0,0,0,0,3,3,2,2,0
NA1_5639554526,4,16.18.816.5012,1593,7309,7836,-527,6698,7111,-413,95,112,-17,2,3,-1,0,0,0,0,0,0,4,4,0,0,0,0,0,0,0,0,3,3,2,2,0
NA1_5639554526,5,16.18.816.5012,1593,8748,10203,-1455,8935,9996,-1061,137,166,-29,2,4,-2,0,0,0,0,0,0,4,4,0,0,0,0,0,0,0,0,3,3,2,2,0
NA1_5639554526,6,16.18.816.5012,1593,11768,12079,-311,11583,11844,-261,176,195,-19,5,5,0,0,0,0,0,0,0,4,4,0,0,0,0,0,0,0,0,3,3,2,2,0
NA1_5639554526,7,16.18.816.5012,1593,13133,15046,-1913,12981,14865,-1884,188,234,-46,6,9,-3,0,0,0,0,0,0,4,4,0,0,0,0,0,0,0,0,3,3,2,2,0
NA1_5639554526,8,16.18.816.5012,1593,15409,16308,-899,15879,16693,-814,237,266,-29,7,9,-2,0,0,0,0,1,-1,4,3,0,0,0,0,0,0,0,0,3,3,2,2,0
NA1_5639554526,9,16.18.816.5012,1593,17563,18810,-1247,17847,19310,-1463,257,308,-51,9,11,-2,0,0,0,0,1,-1,4,3,0,0,0,0,0,0,0,0,3,3,2,2,0
NA1_5639554526,10,16.18.816.5012,1593,18815,20739,-1924,19554,22139,-2585,287,355,-68,9,12,-3,0,0,0,0,1,-1,4,3,0,0,0,0,0,0,0,0,3,3,2,2,0
NA1_5639554526,11,16.18.816.5012,1593,20177,23133,-2956,21542,24705,-3163,324,394,-70,9,13,-4,0,0,0,0,1,-1,4,3,0,0,0,0,0,0,0,0,3,3,2,2,0
NA1_5639554526,12,16.18.816.5012,1593,21559,25210,-3651,23445,27807,-4362,358,436,-78,9,14,-5,0,0,0,0,1,-1,4,3,0,0,0,0,0,0,0,0,3,3,2,2,0
NA1_5639554526,13,16.18.816.5012,1593,22999,28539,-5540,24951,30450,-5499,383,474,-91,9,15,-6,0,2,-2,0,2,-2,4,2,0,0,0,0,0,0,0,0,3,3,2,2,0
NA1_5639554526,14,16.18.816.5012,1593,26047,32150,-6103,29128,35109,-5981,413,516,-103,11,19,-8,0,2,-2,0,2,-2,4,2,0,0,0,0,0,0,0,0,3,3,2,2,0
NA1_5639554526,15,16.18.816.5012,1593,28505,33909,-5404,31482,36465,-4983,436,534,-98,12,20,-8,0,2,-2,0,2,-2,4,2,0,0,0,0,0,0,0,0,3,3,2,2,0
NA1_5639554526,16,16.18.816.5012,1593,31738,36917,-5179,34928,38859,-3931,465,561,-96,15,22,-7,0,3,-3,0,2,-2,4,2,0,0,0,0,0,1,0,0,3,3,2,2,0
NA1_5639554526,17,16.18.816.5012,1593,34896,38642,-3746,37366,41777,-4411,500,608,-108,16,22,-6,1,3,-2,0,2,-2,4,2,0,0,0,0,0,1,0,0,3,3,2,2,0
NA1_5639554526,18,16.18.816.5012,1593,37760,41446,-3686,40097,44961,-4864,531,649,-118,17,24,-7,2,4,-2,0,3,-3,4,1,0,0,0,0,0,1,0,0,3,3,2,2,0
NA1_5639554526,19,16.18.816.5012,1593,39474,46118,-6644,42064,49893,-7829,551,688,-137,18,29,-11,2,5,-3,0,3,-3,4,1,0,0,0,0,0,1,0,0,3,3,2,2,0
NA1_5639554526,20,16.18.816.5012,1593,41189,47921,-6732,44806,52345,-7539,600,728,-128,18,29,-11,2,5,-3,0,3,-3,4,1,0,0,0,0,0,1,0,0,3,3,2,2,0
NA1_5639554526,21,16.18.816.5012,1593,44698,50804,-6106,48695,55963,-7268,618,751,-133,22,33,-11,2,5,-3,0,3,-3,4,1,0,0,0,0,0,1,0,0,3,3,2,2,0
NA1_5639554526,22,16.18.816.5012,1593,47396,51958,-4562,52369,56976,-4607,661,773,-112,23,33,-10,2,5,-3,0,3,-3,4,1,0,0,0,0,0,1,0,0,3,3,2,2,0
NA1_5639554526,23,16.18.816.5012,1593,48379,55921,-7542,53389,62082,-8693,677,812,-135,23,38,-15,2,5,-3,0,3,-3,4,1,0,0,0,0,0,1,0,0,3,3,2,2,0
NA1_5639554526,24,16.18.816.5012,1593,50336,60456,-10120,55694,69138,-13444,694,847,-153,24,41,-17,2,7,-5,0,4,-4,4,0,0,1,0,0,0,1,0,1,3,3,2,2,0
NA1_5639554526,25,16.18.816.5012,1593,52399,62276,-9877,59101,70547,-11446,731,872,-141,25,41,-16,2,8,-6,0,4,-4,4,0,0,1,0,0,0,1,0,1,1,3,2,2,0
NA1_5639554526,26,16.18.816.5012,1593,54754,65344,-10590,62440,75281,-12841,764,913,-149,26,44,-18,2,8,-6,0,4,-4,4,0,0,1,0,0,0,1,0,1,1,3,2,2,0
NA1_5639554526,27,16.18.816.5012,1593,56448,67656,-11208,64899,78263,-13364,765,914,-149,28,47,-19,2,8,-6,0,4,-4,4,0,0,1,0,0,0,1,0,1,1,3,0,2,0
NA1_5642842646,0,16.18.817.5716,2341,2500,2500,0,0,0,0,0,0,0,0,0,0,0,0,0,0,0,0,4,4,0,0,0,0,0,0,0,0,3,3,2,2,1
NA1_5642842646,1,16.18.817.5716,2341,2540,2505,35,90,0,90,2,0,2,0,0,0,0,0,0,0,0,0,4,4,0,0,0,0,0,0,0,0,3,3,2,2,1
NA1_5642842646,2,16.18.817.5716,2341,3900,3915,-15,2609,2435,174,40,38,2,0,0,0,0,0,0,0,0,0,4,4,0,0,0,0,0,0,0,0,3,3,2,2,1
NA1_5642842646,3,16.18.817.5716,2341,5747,6483,-736,5182,4868,314,72,76,-4,1,2,-1,0,0,0,0,0,0,4,4,0,0,0,0,0,0,0,0,3,3,2,2,1
NA1_5642842646,4,16.18.817.5716,2341,7188,8546,-1358,6906,6407,499,97,98,-1,2,4,-2,0,0,0,0,0,0,4,4,0,0,0,0,0,0,0,0,3,3,2,2,1
NA1_5642842646,5,16.18.817.5716,2341,9196,10141,-945,8910,8878,32,132,146,-14,3,4,-1,0,0,0,0,0,0,4,4,0,0,0,0,0,0,0,0,3,3,2,2,1
NA1_5642842646,6,16.18.817.5716,2341,10354,11729,-1375,10647,11142,-495,158,184,-26,3,4,-1,0,0,0,0,0,0,4,4,0,0,0,0,0,0,0,0,3,3,2,2,1
NA1_5642842646,7,16.18.817.5716,2341,11542,13106,-1564,12165,13045,-880,180,213,-33,3,4,-1,0,0,0,1,0,1,3,4,0,0,0,0,0,0,0,0,3,3,2,2,1
NA1_5642842646,8,16.18.817.5716,2341,13483,14317,-834,14502,14920,-418,221,242,-21,4,4,0,0,0,0,1,0,1,3,4,0,0,0,0,0,0,0,0,3,3,2,2,1
NA1_5642842646,9,16.18.817.5716,2341,14900,15760,-860,16645,16423,222,259,268,-9,4,4,0,0,0,0,1,0,1,3,4,0,0,0,0,0,0,0,0,3,3,2,2,1
NA1_5642842646,10,16.18.817.5716,2341,16554,18652,-2098,18052,18948,-896,281,297,-16,5,7,-2,0,0,0,1,0,1,3,4,0,0,0,0,0,0,0,0,3,3,2,2,1
NA1_5642842646,11,16.18.817.5716,2341,18196,20698,-2502,20267,21442,-1175,323,337,-14,5,8,-3,0,0,0,1,0,1,3,4,0,0,0,0,0,0,0,0,3,3,2,2,1
NA1_5642842646,12,16.18.817.5716,2341,21070,22645,-1575,23907,23993,-86,365,385,-20,7,8,-1,0,0,0,1,0,1,3,4,0,0,0,0,0,0,0,0,3,3,2,2,1
NA1_5642842646,13,16.18.817.5716,2341,23039,25674,-2635,25665,27419,-1754,383,425,-42,7,10,-3,1,1,0,1,1,0,3,3,0,0,0,0,0,0,0,0,3,3,2,2,1
NA1_5642842646,14,16.18.817.5716,2341,24738,27304,-2566,27794,29433,-1639,426,461,-35,7,10,-3,1,1,0,1,1,0,3,3,0,0,0,0,0,0,0,0,3,3,2,2,1
NA1_5642842646,15,16.18.817.5716,2341,26697,30243,-3546,30312,33232,-2920,460,510,-50,8,12,-4,1,1,0,1,1,0,3,3,0,0,0,0,0,0,0,0,3,3,2,2,1
NA1_5642842646,16,16.18.817.5716,2341,28891,31776,-2885,32389,34632,-2243,495,535,-40,8,12,-4,1,2,-1,1,1,0,3,3,0,0,0,0,0,0,0,0,3,3,2,2,1
NA1_5642842646,17,16.18.817.5716,2341,31718,34280,-2562,35280,37675,-2395,523,564,-41,10,15,-5,1,2,-1,1,1,0,3,3,0,0,0,0,0,0,0,0,3,3,2,2,1
NA1_5642842646,18,16.18.817.5716,2341,32973,35864,-2891,37330,39220,-1890,550,589,-39,10,16,-6,1,2,-1,1,1,0,3,3,0,0,0,0,0,0,0,0,3,3,2,2,1
NA1_5642842646,19,16.18.817.5716,2341,37013,38534,-1521,40776,41667,-891,552,598,-46,15,19,-4,1,2,-1,1,1,0,3,3,0,0,0,0,0,0,0,0,3,3,2,2,1
NA1_5642842646,20,16.18.817.5716,2341,38573,40767,-2194,42600,44831,-2231,570,629,-59,16,21,-5,1,2,-1,2,1,1,2,3,0,0,0,0,0,0,0,0,3,3,2,2,1
NA1_5642842646,21,16.18.817.5716,2341,40359,43054,-2695,45955,47034,-1079,622,669,-47,16,21,-5,1,3,-2,2,1,1,2,3,0,0,0,0,0,0,0,0,3,3,2,2,1
NA1_5642842646,22,16.18.817.5716,2341,42832,45518,-2686,49192,50694,-1502,661,707,-46,17,22,-5,2,3,-1,2,1,1,2,3,0,0,0,0,0,0,0,0,3,3,2,2,1
NA1_5642842646,23,16.18.817.5716,2341,44185,48260,-4075,50706,53787,-3081,693,743,-50,17,24,-7,2,4,-2,2,1,1,2,3,0,0,0,0,0,0,0,0,3,3,2,2,1
NA1_5642842646,24,16.18.817.5716,2341,45551,51790,-6239,51759,57142,-5383,697,766,-69,18,27,-9,2,5,-3,2,1,1,2,3,0,0,0,0,0,0,0,0,3,3,2,2,1
NA1_5642842646,25,16.18.817.5716,2341,47644,52983,-5339,54617,57802,-3185,708,775,-67,20,27,-7,2,6,-4,3,1,2,1,3,0,0,0,0,0,0,0,0,3,3,2,2,1
NA1_5642842646,26,16.18.817.5716,2341,49350,54014,-4664,56373,58306,-1933,727,786,-59,21,27,-6,2,6,-4,3,1,2,1,3,0,0,0,0,0,0,0,0,3,3,2,2,1
NA1_5642842646,27,16.18.817.5716,2341,51566,56690,-5124,58096,63593,-5497,755,807,-52,21,28,-7,3,6,-3,3,1,2,1,3,0,0,0,0,0,0,0,1,3,3,2,2,1
NA1_5642842646,28,16.18.817.5716,2341,53440,59676,-6236,60589,67408,-6819,769,847,-78,23,30,-7,3,6,-3,3,1,2,1,3,0,0,0,0,0,0,0,1,3,3,2,2,1
NA1_5642842646,29,16.18.817.5716,2341,57278,61158,-3880,64733,68481,-3748,802,864,-62,25,30,-5,3,7,-4,3,1,2,1,3,0,0,0,0,0,0,0,1,3,3,2,2,1
NA1_5642842646,30,16.18.817.5716,2341,58937,62346,-3409,67020,69468,-2448,818,881,-63,26,30,-4,3,7,-4,3,1,2,1,3,0,0,0,0,0,0,0,1,3,3,2,2,1
NA1_5642842646,31,16.18.817.5716,2341,63792,63811,-19,71365,70817,548,832,887,-55,30,31,-1,6,7,-1,3,2,1,1,2,0,0,0,0,0,0,0,1,3,3,2,2,1
NA1_5642842646,32,16.18.817.5716,2341,65360,66532,-1172,73395,74036,-641,865,910,-45,30,33,-3,6,7,-1,3,2,1,1,2,0,0,0,0,0,0,0,1,3,3,2,2,1
NA1_5642842646,33,16.18.817.5716,2341,67331,69262,-1931,75754,77391,-1637,874,936,-62,32,35,-3,6,7,-1,3,2,1,1,2,0,0,0,0,0,0,0,1,3,3,2,2,1
NA1_5642842646,34,16.18.817.5716,2341,68972,71212,-2240,77766,79799,-2033,886,968,-82,33,36,-3,6,7,-1,3,2,1,1,2,0,0,0,0,0,0,0,1,3,3,2,2,1
NA1_5642842646,35,16.18.817.5716,2341,70519,73146,-2627,79810,82314,-2504,903,985,-82,34,37,-3,6,7,-1,3,2,1,1,2,0,0,0,0,0,0,0,1,3,3,2,2,1
NA1_5642842646,36,16.18.817.5716,2341,71807,74878,-3071,81258,83469,-2211,926,994,-68,34,38,-4,6,7,-1,3,2,1,1,2,0,0,0,0,0,0,0,1,3,3,2,2,1
NA1_5642842646,37,16.18.817.5716,2341,73135,76745,-3610,82961,85942,-2981,944,1015,-71,35,39,-4,6,7,-1,3,3,0,1,1,0,0,0,0,0,0,0,1,3,3,2,2,1
NA1_5642842646,38,16.18.817.5716,2341,75540,78679,-3139,88924,88263,661,977,1061,-84,35,39,-4,6,7,-1,3,3,0,1,1,0,0,0,0,0,0,1,1,3,3,2,2,1
NA1_5642842646,39,16.18.817.5716,2341,80190,79378,812,95076,88263,6813,997,1062,-65,40,39,1,6,7,-1,3,3,0,1,1,0,0,0,0,0,0,1,1,3,2,2,0,1
NA1_5642842646,39,16.18.817.5716,2341,80190,79378,812,95076,88263,6813,997,1062,-65,40,39,1,6,7,-1,3,3,0,1,1,0,0,0,0,0,0,1,1,3,2,2,0,1
NA1_5645631228,0,16.18.817.5716,1568,2500,2500,0,0,0,0,0,0,0,0,0,0,0,0,0,0,0,0,4,4,0,0,0,0,0,0,0,0,3,3,2,2,1
NA1_5645631228,1,16.18.817.5716,1568,2525,2520,5,62,0,62,1,1,0,0,0,0,0,0,0,0,0,0,4,4,0,0,0,0,0,0,0,0,3,3,2,2,1
NA1_5645631228,2,16.18.817.5716,1568,3903,3707,196,2636,2156,480,41,30,11,0,0,0,0,0,0,0,0,0,4,4,0,0,0,0,0,0,0,0,3,3,2,2,1
NA1_5645631228,3,16.18.817.5716,1568,5355,5535,-180,4765,4979,-214,80,68,12,0,1,-1,0,0,0,0,0,0,4,4,0,0,0,0,0,0,0,0,3,3,2,2,1
NA1_5645631228,4,16.18.817.5716,1568,7315,7148,167,6984,7239,-255,119,107,12,1,1,0,0,0,0,0,0,0,4,4,0,0,0,0,0,0,0,0,3,3,2,2,1
NA1_5645631228,5,16.18.817.5716,1568,9169,8558,611,8867,8427,440,145,124,21,3,2,1,0,0,0,0,0,0,4,4,0,0,0,0,0,0,0,0,3,3,2,2,1
NA1_5645631228,6,16.18.817.5716,1568,11592,10340,1252,11826,10624,1202,179,158,21,6,3,3,0,0,0,0,0,0,4,4,0,0,0,0,0,0,0,0,3,3,2,2,1
NA1_5645631228,7,16.18.817.5716,1568,13218,11724,1494,13576,12599,977,203,193,10,7,3,4,0,0,0,0,0,0,4,4,0,0,0,0,0,0,0,0,3,3,2,2,1
NA1_5645631228,8,16.18.817.5716,1568,14987,13046,1941,16244,14658,1586,249,227,22,8,3,5,0,0,0,0,0,0,4,4,0,0,0,0,0,0,0,0,3,3,2,2,1
NA1_5645631228,9,16.18.817.5716,1568,16945,14166,2779,18826,15967,2859,282,246,36,10,3,7,0,0,0,0,0,0,4,4,0,0,0,0,0,0,0,0,3,3,2,2,1
NA1_5645631228,10,16.18.817.5716,1568,18339,16674,1665,20745,18556,2189,315,290,25,10,4,6,0,0,0,0,0,0,4,4,0,0,0,0,0,0,0,0,3,3,2,2,1
NA1_5645631228,11,16.18.817.5716,1568,19837,19383,454,23256,21179,2077,359,323,36,10,6,4,0,0,0,0,0,0,4,4,0,0,0,0,0,0,0,0,3,3,2,2,1
NA1_5645631228,12,16.18.817.5716,1568,21531,22636,-1105,24759,23911,848,381,362,19,11,7,4,0,1,-1,0,0,0,4,4,0,0,0,0,0,0,0,0,3,3,2,2,1
NA1_5645631228,13,16.18.817.5716,1568,23697,24170,-473,28693,25673,3020,428,392,36,12,7,5,0,1,-1,0,0,0,4,4,0,0,0,0,0,0,0,0,3,3,2,2,1
NA1_5645631228,14,16.18.817.5716,1568,27624,25217,2407,31882,26681,5201,461,409,52,16,7,9,1,1,0,0,0,0,4,4,0,0,0,0,0,0,0,0,3,3,2,2,1
NA1_5645631228,15,16.18.817.5716,1568,28779,27643,1136,33323,29591,3732,482,447,35,16,8,8,1,1,0,1,0,1,3,4,0,0,0,0,0,0,0,0,3,3,2,2,1
NA1_5645631228,16,16.18.817.5716,1568,30536,29554,982,36132,33615,2517,527,502,25,16,8,8,1,1,0,1,0,1,3,4,0,0,0,0,1,0,0,0,3,3,2,2,1
NA1_5645631228,17,16.18.817.5716,1568,32198,31161,1037,39192,35762,3430,555,537,18,17,8,9,1,1,0,1,0,1,3,4,0,0,0,0,1,0,0,0,3,3,2,2,1
NA1_5645631228,18,16.18.817.5716,1568,34032,34431,-399,41328,38356,2972,579,556,23,18,10,8,1,2,-1,1,0,1,3,4,0,0,0,0,1,0,0,0,3,3,2,2,1
NA1_5645631228,19,16.18.817.5716,1568,36052,36602,-550,43630,41063,2567,623,599,24,18,10,8,2,3,-1,1,0,1,3,4,0,0,0,0,1,0,0,0,3,3,2,2,1
NA1_5645631228,20,16.18.817.5716,1568,37777,39867,-2090,45877,44473,1404,652,642,10,19,11,8,2,4,-2,2,0,2,2,4,0,0,0,0,1,0,0,0,3,3,2,2,1
NA1_5645631228,21,16.18.817.5716,1568,40437,41288,-851,49478,46359,3119,690,675,15,21,11,10,2,4,-2,2,0,2,2,4,0,0,0,0,1,0,0,0,3,3,2,2,1
NA1_5645631228,22,16.18.817.5716,1568,43164,42828,336,52809,47616,5193,710,681,29,24,12,12,2,4,-2,2,0,2,2,4,0,0,0,0,1,0,0,0,3,3,2,2,1
NA1_5645631228,23,16.18.817.5716,1568,45929,45391,538,55190,50986,4204,734,706,28,26,14,12,3,4,-1,2,0,2,2,4,0,0,0,0,1,0,0,0,3,3,2,2,1
NA1_5645631228,24,16.18.817.5716,1568,49454,46230,3224,61662,51630,10032,754,716,38,29,14,15,3,4,-1,2,0,2,2,4,0,0,0,0,1,0,1,0,3,3,2,2,1
NA1_5645631228,25,16.18.817.5716,1568,51163,47545,3618,63460,53366,10094,782,738,44,29,14,15,3,4,-1,2,1,1,2,3,0,0,0,0,1,0,1,0,3,3,2,2,1
NA1_5645631228,26,16.18.817.5716,1568,53591,50102,3489,65567,56633,8934,799,751,48,30,16,14,4,4,0,2,1,1,2,3,0,0,0,0,1,0,1,0,3,2,2,0,1
NA1_5645631228,26,16.18.817.5716,1568,53675,51089,2586,65567,57575,7992,799,754,45,30,17,13,4,4,0,2,1,1,2,3,0,0,0,0,1,0,1,0,3,2,2,0,1
NA1_5644957010,0,16.18.817.5716,1427,2500,2500,0,0,0,0,0,0,0,0,0,0,0,0,0,0,0,0,4,4,0,0,0,0,0,0,0,0,3,3,2,2,1
NA1_5644957010,1,16.18.817.5716,1427,2510,2570,-60,0,186,-186,0,3,-3,0,0,0,0,0,0,0,0,0,4,4,0,0,0,0,0,0,0,0,3,3,2,2,1
NA1_5644957010,2,16.18.817.5716,1427,3815,3983,-168,2485,2684,-199,36,46,-10,0,0,0,0,0,0,0,0,0,4,4,0,0,0,0,0,0,0,0,3,3,2,2,1
NA1_5644957010,3,16.18.817.5716,1427,5323,5906,-583,5009,5199,-190,78,82,-4,0,1,-1,0,0,0,0,0,0,4,4,0,0,0,0,0,0,0,0,3,3,2,2,1
NA1_5644957010,4,16.18.817.5716,1427,7384,7199,185,6471,6835,-364,100,116,-16,2,1,1,0,0,0,0,0,0,4,4,0,0,0,0,0,0,0,0,3,3,2,2,1
NA1_5644957010,5,16.18.817.5716,1427,8573,8862,-289,8435,9216,-781,123,154,-31,2,2,0,0,0,0,0,0,0,4,4,0,0,0,0,0,0,0,0,3,3,2,2,1
NA1_5644957010,6,16.18.817.5716,1427,10408,10728,-320,10666,11089,-423,157,189,-32,3,3,0,0,0,0,0,0,0,4,4,0,0,0,0,0,0,0,0,3,3,2,2,1
NA1_5644957010,7,16.18.817.5716,1427,12158,12764,-606,12632,12885,-253,183,215,-32,4,4,0,0,0,0,0,1,-1,4,3,0,0,0,0,0,0,0,0,3,3,2,2,1
NA1_5644957010,8,16.18.817.5716,1427,14045,14224,-179,15345,14440,905,220,243,-23,6,5,1,0,0,0,0,1,-1,4,3,0,0,0,0,0,0,0,0,3,3,2,2,1
NA1_5644957010,9,16.18.817.5716,1427,15863,15729,134,17538,16046,1492,250,266,-16,7,6,1,0,0,0,0,1,-1,4,3,0,0,0,0,0,0,0,0,3,3,2,2,1
NA1_5644957010,10,16.18.817.5716,1427,17649,18317,-668,19710,18593,1117,291,293,-2,7,9,-2,0,0,0,0,1,-1,4,3,0,0,0,0,0,0,0,0,3,3,2,2,1
NA1_5644957010,11,16.18.817.5716,1427,20344,20827,-483,22409,20793,1616,327,327,0,7,10,-3,1,0,1,0,1,-1,4,3,0,0,0,0,0,0,0,0,3,3,2,2,1
NA1_5644957010,12,16.18.817.5716,1427,21898,23677,-1779,24669,23044,1625,362,358,4,7,12,-5,2,2,0,0,2,-2,4,2,0,0,0,0,0,0,0,0,3,3,2,2,1
NA1_5644957010,13,16.18.817.5716,1427,23431,26423,-2992,26929,25706,1223,381,391,-10,8,15,-7,2,2,0,0,2,-2,4,2,0,0,0,0,0,0,0,0,3,3,2,2,1
NA1_5644957010,14,16.18.817.5716,1427,25803,28708,-2905,29273,28755,518,409,422,-13,9,18,-9,2,2,0,0,2,-2,4,2,0,0,0,0,0,0,0,0,3,3,2,2,1
NA1_5644957010,15,16.18.817.5716,1427,28719,30646,-1927,32157,32674,-517,432,449,-17,11,20,-9,2,2,0,0,2,-2,4,2,0,0,0,0,0,0,0,0,3,3,2,2,1
NA1_5644957010,16,16.18.817.5716,1427,32367,31884,483,35664,34120,1544,458,474,-16,15,20,-5,2,2,0,0,2,-2,4,2,0,0,0,0,0,0,0,0,3,3,2,2,1
NA1_5644957010,17,16.18.817.5716,1427,34353,33719,634,37224,37051,173,480,512,-32,15,21,-6,2,2,0,0,2,-2,4,2,0,0,0,0,1,0,0,0,3,3,2,2,1
NA1_5644957010,18,16.18.817.5716,1427,37463,35515,1948,41369,39317,2052,513,538,-25,18,22,-4,2,2,0,0,3,-3,4,1,0,0,0,0,1,0,0,0,3,3,2,2,1
NA1_5644957010,19,16.18.817.5716,1427,39795,36858,2937,44110,41634,2476,559,573,-14,18,22,-4,3,2,1,0,3,-3,4,1,0,0,0,0,1,0,0,0,3,3,2,2,1
NA1_5644957010,20,16.18.817.5716,1427,43332,39370,3962,48086,44714,3372,587,598,-11,22,24,-2,3,2,1,0,3,-3,4,1,0,0,0,0,1,0,0,0,3,3,2,2,1
NA1_5644957010,21,16.18.817.5716,1427,45826,41620,4206,51135,48436,2699,627,650,-23,23,25,-2,4,2,2,0,3,-3,4,1,0,0,0,0,1,0,0,0,3,3,2,2,1
NA1_5644957010,22,16.18.817.5716,1427,49104,43836,5268,55294,50929,4365,660,677,-17,26,26,0,4,3,1,0,3,-3,4,1,0,0,0,0,1,0,0,0,3,3,2,2,1
NA1_5644957010,23,16.18.817.5716,1427,51286,44692,6594,58052,51642,6410,671,688,-17,29,26,3,4,3,1,1,3,-2,3,1,0,0,0,0,1,0,0,0,3,3,2,2,1
NA1_5644957010,24,16.18.817.5716,1427,52912,45603,7309,62164,52675,9489,689,706,-17,29,26,3,4,3,1,1,3,-2,3,1,0,0,0,0,1,0,1,0,3,3,2,2,1
NA1_5646501200,0,16.18.817.5716,1865,2500,2500,0,0,0,0,0,0,0,0,0,0,0,0,0,0,0,0,4,4,0,0,0,0,0,0,0,0,3,3,2,2,0
NA1_5646501200,1,16.18.817.5716,1865,2519,2505,14,31,0,31,1,0,1,0,0,0,0,0,0,0,0,0,4,4,0,0,0,0,0,0,0,0,3,3,2,2,0
NA1_5646501200,2,16.18.817.5716,1865,4759,3381,1378,2410,1582,828,32,15,17,2,0,2,0,0,0,0,0,0,4,4,0,0,0,0,0,0,0,0,3,3,2,2,0
NA1_5646501200,3,16.18.817.5716,1865,6010,5637,373,4091,4367,-276,52,52,0,2,2,0,0,0,0,0,0,0,4,4,0,0,0,0,0,0,0,0,3,3,2,2,0
NA1_5646501200,4,16.18.817.5716,1865,8420,7315,1105,6552,5942,610,79,70,9,5,3,2,0,0,0,0,0,0,4,4,0,0,0,0,0,0,0,0,3,3,2,2,0
NA1_5646501200,5,16.18.817.5716,1865,9839,8822,1017,9224,8070,1154,119,111,8,5,3,2,0,0,0,0,0,0,4,4,0,0,0,0,0,0,0,0,3,3,2,2,0
NA1_5646501200,6,16.18.817.5716,1865,11940,9964,1976,11179,9414,1765,148,134,14,7,3,4,0,0,0,0,0,0,4,4,0,0,0,0,0,0,0,0,3,3,2,2,0
NA1_5646501200,7,16.18.817.5716,1865,13439,11862,1577,12851,11959,892,179,175,4,8,4,4,0,0,0,0,0,0,4,4,0,0,0,0,0,0,0,0,3,3,2,2,0
NA1_5646501200,8,16.18.817.5716,1865,15377,14084,1293,15040,13929,1111,212,200,12,9,6,3,0,0,0,0,0,0,4,4,0,0,0,0,0,0,0,0,3,3,2,2,0
NA1_5646501200,9,16.18.817.5716,1865,16618,16495,123,16525,16800,-275,241,239,2,9,8,1,0,0,0,0,0,0,4,4,0,0,0,0,0,0,0,0,3,3,2,2,0
NA1_5646501200,10,16.18.817.5716,1865,18288,18264,24,19115,19889,-774,283,289,-6,9,8,1,0,0,0,0,0,0,4,4,0,0,0,0,0,0,0,0,3,3,2,2,0
NA1_5646501200,11,16.18.817.5716,1865,21027,20093,934,21882,21652,230,324,318,6,11,9,2,0,0,0,1,0,1,3,4,0,0,0,0,0,0,0,0,3,3,2,2,0
NA1_5646501200,12,16.18.817.5716,1865,22519,22048,471,23686,24814,-1128,350,354,-4,11,10,1,0,0,0,1,0,1,3,4,0,0,0,0,0,0,0,0,3,3,2,2,0
NA1_5646501200,13,16.18.817.5716,1865,23514,26516,-3002,25371,29149,-3778,366,398,-32,11,14,-3,0,0,0,1,0,1,3,4,0,0,0,0,0,0,0,0,3,3,2,2,0
NA1_5646501200,14,16.18.817.5716,1865,24905,28561,-3656,27758,32022,-4264,403,433,-30,11,15,-4,0,0,0,1,0,1,3,4,0,0,0,0,0,0,0,0,3,3,2,2,0
NA1_5646501200,15,16.18.817.5716,1865,26843,30439,-3596,30389,34719,-4330,437,470,-33,12,16,-4,0,0,0,1,0,1,3,4,0,0,0,0,0,0,0,0,3,3,2,2,0
NA1_5646501200,16,16.18.817.5716,1865,28855,33036,-4181,33451,38176,-4725,470,508,-38,13,18,-5,0,0,0,1,1,0,3,3,0,0,0,0,0,0,0,0,3,3,2,2,0
NA1_5646501200,17,16.18.817.5716,1865,30548,34775,-4227,35685,40837,-5152,511,556,-45,13,18,-5,0,0,0,1,1,0,3,3,0,0,0,0,0,0,0,0,3,3,2,2,0
NA1_5646501200,18,16.18.817.5716,1865,32636,38484,-5848,37854,45385,-7531,546,587,-41,13,21,-8,1,1,0,1,1,0,3,3,0,0,0,0,0,1,0,0,3,3,2,2,0
NA1_5646501200,19,16.18.817.5716,1865,34232,40746,-6514,40224,47745,-7521,582,624,-42,13,21,-8,1,3,-2,1,1,0,3,3,0,0,0,0,0,1,0,0,3,3,2,2,0
NA1_5646501200,20,16.18.817.5716,1865,36169,42526,-6357,43583,50229,-6646,634,659,-25,13,21,-8,1,3,-2,1,1,0,3,3,0,0,0,0,0,1,0,0,3,3,2,2,0
NA1_5646501200,21,16.18.817.5716,1865,37131,46046,-8915,44396,56398,-12002,647,680,-33,13,24,-11,1,3,-2,1,1,0,3,3,0,0,0,0,0,1,0,1,3,3,2,2,0
NA1_5646501200,22,16.18.817.5716,1865,39528,48631,-9103,46284,60799,-14515,680,742,-62,13,25,-12,2,4,-2,1,2,-1,3,2,0,0,0,0,0,1,0,1,3,3,2,2,0
NA1_5646501200,23,16.18.817.5716,1865,42888,53949,-11061,49556,65196,-15640,696,763,-67,15,30,-15,2,7,-5,1,2,-1,3,2,0,0,0,0,0,1,0,1,1,3,2,2,0
NA1_5646501200,24,16.18.817.5716,1865,44546,55404,-10858,52780,66647,-13867,743,787,-44,15,30,-15,2,7,-5,1,2,-1,3,2,0,0,0,0,0,1,0,1,1,3,2,2,0
NA1_5646501200,25,16.18.817.5716,1865,49763,56583,-6820,59028,67948,-8920,783,806,-23,19,30,-11,2,7,-5,1,2,-1,3,2,0,0,0,0,0,1,0,1,1,3,2,2,0
NA1_5646501200,26,16.18.817.5716,1865,51548,57939,-6391,61945,69337,-7392,831,833,-2,19,30,-11,2,7,-5,1,2,-1,3,2,0,0,0,0,0,1,0,1,1,3,2,2,0
NA1_5646501200,27,16.18.817.5716,1865,55156,60433,-5277,64398,72719,-8321,872,865,7,19,32,-13,4,7,-3,1,3,-2,3,1,0,0,0,0,0,1,0,1,1,3,2,2,0
NA1_5646501200,28,16.18.817.5716,1865,56978,63749,-6771,66913,78773,-11860,893,900,-7,20,33,-13,4,8,-4,1,3,-2,3,1,0,0,0,0,0,1,0,2,3,3,2,2,0
NA1_5646501200,29,16.18.817.5716,1865,60167,66696,-6529,71750,82780,-11030,918,924,-6,22,35,-13,4,8,-4,1,3,-2,3,1,0,0,0,0,0,1,0,2,1,3,2,2,0
NA1_5646501200,30,16.18.817.5716,1865,62124,68222,-6098,74898,84281,-9383,966,950,16,22,35,-13,4,9,-5,1,3,-2,3,1,0,0,0,0,0,1,0,2,0,3,2,2,0
NA1_5646501200,31,16.18.817.5716,1865,64052,72528,-8476,77269,90972,-13703,986,972,14,23,40,-17,4,9,-5,1,3,-2,3,1,0,0,0,0,0,1,0,2,0,3,0,2,0
NA1_5646501200,31,16.18.817.5716,1865,64095,72623,-8528,77269,90972,-13703,986,972,14,23,40,-17,4,9,-5,1,3,-2,3,1,0,0,0,0,0,1,0,2,0,3,0,2,0
NA1_5641280770,0,16.18.817.5716,1423,2500,2500,0,0,0,0,0,0,0,0,0,0,0,0,0,0,0,0,4,4,0,0,0,0,0,0,0,0,3,3,2,2,0
NA1_5641280770,1,16.18.817.5716,1423,3000,3282,-282,26,54,-28,0,1,-1,1,2,-1,0,0,0,0,0,0,4,4,0,0,0,0,0,0,0,0,3,3,2,2,0
NA1_5641280770,2,16.18.817.5716,1423,4366,4381,-15,2610,2110,500,41,29,12,1,2,-1,0,0,0,0,0,0,4,4,0,0,0,0,0,0,0,0,3,3,2,2,0
NA1_5641280770,3,16.18.817.5716,1423,6597,6727,-130,4490,4697,-207,65,57,8,3,5,-2,0,0,0,0,0,0,4,4,0,0,0,0,0,0,0,0,3,3,2,2,0
NA1_5641280770,4,16.18.817.5716,1423,8945,8361,584,6720,6213,507,102,75,27,5,6,-1,0,0,0,0,0,0,4,4,0,0,0,0,0,0,0,0,3,3,2,2,0
NA1_5641280770,5,16.18.817.5716,1423,10544,10563,-19,8407,8326,81,126,104,22,6,9,-3,0,0,0,0,0,0,4,4,0,0,0,0,0,0,0,0,3,3,2,2,0
NA1_5641280770,6,16.18.817.5716,1423,11812,12629,-817,10222,11473,-1251,154,152,2,6,10,-4,0,0,0,0,0,0,4,4,0,0,0,0,0,0,0,0,3,3,2,2,0
NA1_5641280770,7,16.18.817.5716,1423,12953,14634,-1681,11765,13414,-1649,178,175,3,6,12,-6,0,0,0,0,0,0,4,4,0,0,0,0,0,0,0,0,3,3,2,2,0
NA1_5641280770,8,16.18.817.5716,1423,14726,16749,-2023,14038,15630,-1592,211,215,-4,7,13,-6,0,0,0,0,0,0,4,4,0,0,0,0,0,0,0,0,3,3,2,2,0
NA1_5641280770,9,16.18.817.5716,1423,17101,19684,-2583,16409,18350,-1941,246,250,-4,9,17,-8,0,0,0,0,0,0,4,4,0,0,0,0,0,0,0,0,3,3,2,2,0
NA1_5641280770,10,16.18.817.5716,1423,19514,22287,-2773,18550,20961,-2411,272,290,-18,11,20,-9,0,0,0,0,0,0,4,4,0,0,0,0,0,0,0,0,3,3,2,2,0
NA1_5641280770,11,16.18.817.5716,1423,20599,24584,-3985,20141,24278,-4137,296,334,-38,11,22,-11,0,0,0,0,0,0,4,4,0,0,0,0,0,0,0,0,3,3,2,2,0
NA1_5641280770,12,16.18.817.5716,1423,21845,28337,-6492,21897,28325,-6428,320,374,-54,11,25,-14,0,1,-1,0,1,-1,4,3,0,0,0,0,0,0,0,0,3,3,2,2,0
NA1_5641280770,13,16.18.817.5716,1423,24810,29800,-4990,25521,29472,-3951,347,382,-35,13,26,-13,0,1,-1,0,1,-1,4,3,0,0,0,0,0,0,0,0,3,3,2,2,0
NA1_5641280770,14,16.18.817.5716,1423,26195,32180,-5985,26921,32430,-5509,369,426,-57,13,27,-14,0,2,-2,0,1,-1,4,3,0,0,0,0,0,0,0,0,3,3,2,2,0
NA1_5641280770,15,16.18.817.5716,1423,27386,35038,-7652,28589,34521,-5932,395,465,-70,13,27,-14,0,3,-3,0,1,-1,4,3,0,0,0,0,0,0,0,0,3,3,2,2,0
NA1_5641280770,16,16.18.817.5716,1423,29793,38150,-8357,31148,37776,-6628,410,494,-84,15,29,-14,0,5,-5,0,1,-1,4,3,0,0,0,0,0,0,0,0,3,3,2,2,0
NA1_5641280770,17,16.18.817.5716,1423,32299,39539,-7240,33789,39255,-5466,429,521,-92,17,29,-12,0,5,-5,0,1,-1,4,3,0,0,0,0,0,0,0,0,3,3,2,2,0
NA1_5641280770,18,16.18.817.5716,1423,35802,41174,-5372,36510,40967,-4457,460,537,-77,18,30,-12,1,5,-4,1,1,0,3,3,0,0,0,0,0,1,0,0,3,3,2,2,0
NA1_5641280770,19,16.18.817.5716,1423,38121,43658,-5537,40233,43324,-3091,503,585,-82,19,30,-11,1,6,-5,1,1,0,3,3,0,0,0,0,0,1,0,0,3,3,2,2,0
NA1_5641280770,20,16.18.817.5716,1423,40768,45666,-4898,43567,45882,-2315,540,615,-75,21,31,-10,1,6,-5,1,1,0,3,3,0,0,0,0,0,1,0,0,3,3,2,2,0
NA1_5641280770,21,16.18.817.5716,1423,42123,50076,-7953,44741,53251,-8510,542,633,-91,22,36,-14,1,6,-5,1,1,0,3,3,0,0,0,0,0,1,0,1,3,3,2,2,0
NA1_5641280770,22,16.18.817.5716,1423,43696,52180,-8484,47190,56643,-9453,582,697,-115,22,36,-14,1,6,-5,1,1,0,3,3,0,0,0,0,0,1,0,1,3,3,2,2,0
NA1_5641280770,23,16.18.817.5716,1423,45706,55967,-10261,48964,61089,-12125,607,738,-131,22,39,-17,2,8,-6,1,2,-1,3,2,0,0,0,0,0,1,0,1,3,3,2,2,0
NA1_5641280770,24,16.18.817.5716,1423,47686,59789,-12103,51771,65317,-13546,608,752,-144,24,44,-20,2,8,-6,1,2,-1,3,2,0,0,0,0,0,1,0,1,1,3,0,2,0
NA1_5643940265,0,16.18.817.5716,953,2500,2500,0,0,0,0,0,0,0,0,0,0,0,0,0,0,0,0,4,4,0,0,0,0,0,0,0,0,3,3,2,2,0
NA1_5643940265,1,16.18.817.5716,953,2530,2500,30,62,0,62,1,0,1,0,0,0,0,0,0,0,0,0,4,4,0,0,0,0,0,0,0,0,3,3,2,2,0
NA1_5643940265,2,16.18.817.5716,953,3883,3852,31,2711,2516,195,41,39,2,0,0,0,0,0,0,0,0,0,4,4,0,0,0,0,0,0,0,0,3,3,2,2,0
NA1_5643940265,3,16.18.817.5716,953,5403,6306,-903,5069,5045,24,79,74,5,0,2,-2,0,0,0,0,0,0,4,4,0,0,0,0,0,0,0,0,3,3,2,2,0
NA1_5643940265,4,16.18.817.5716,953,6664,8069,-1405,6868,7452,-584,107,114,-7,0,3,-3,0,0,0,0,0,0,4,4,0,0,0,0,0,0,0,0,3,3,2,2,0
NA1_5643940265,5,16.18.817.5716,953,7777,9491,-1714,8581,9604,-1023,131,147,-16,0,3,-3,0,0,0,0,0,0,4,4,0,0,0,0,0,0,0,0,3,3,2,2,0
NA1_5643940265,6,16.18.817.5716,953,9888,10739,-851,11068,11406,-338,174,178,-4,1,3,-2,0,0,0,0,0,0,4,4,0,0,0,0,0,0,0,0,3,3,2,2,0
NA1_5643940265,7,16.18.817.5716,953,11255,12162,-907,13168,13818,-650,209,215,-6,1,3,-2,0,0,0,0,0,0,4,4,0,0,0,0,0,0,0,0,3,3,2,2,0
NA1_5643940265,8,16.18.817.5716,953,12809,13578,-769,15490,15897,-407,241,255,-14,2,3,-1,0,0,0,0,0,0,4,4,0,0,0,0,0,0,0,0,3,3,2,2,0
NA1_5643940265,9,16.18.817.5716,953,14496,15200,-704,18209,18150,59,289,294,-5,2,3,-1,0,0,0,0,0,0,4,4,0,0,0,0,0,0,0,0,3,3,2,2,0
NA1_5643940265,10,16.18.817.5716,953,16172,16666,-494,20749,20602,147,324,332,-8,3,3,0,0,0,0,0,0,0,4,4,0,0,0,0,0,0,0,0,3,3,2,2,0
NA1_5643940265,11,16.18.817.5716,953,18175,19203,-1028,22392,22820,-428,343,356,-13,4,6,-2,0,0,0,0,1,-1,4,3,0,0,0,0,0,0,0,0,3,3,2,2,0
NA1_5643940265,12,16.18.817.5716,953,20039,21405,-1366,25825,25142,683,380,391,-11,5,7,-2,0,0,0,0,1,-1,4,3,0,0,0,0,0,0,0,0,3,3,2,2,0
NA1_5643940265,13,16.18.817.5716,953,21865,23757,-1892,28210,28128,82,429,432,-3,5,9,-4,0,0,0,0,1,-1,4,3,0,0,0,0,0,0,0,0,3,3,2,2,0
NA1_5643940265,14,16.18.817.5716,953,23685,26096,-2411,30605,31035,-430,459,468,-9,6,9,-3,0,1,-1,0,1,-1,4,3,0,0,0,0,0,0,0,0,3,3,2,2,0
NA1_5643940265,15,16.18.817.5716,953,24936,29065,-4129,32175,34268,-2093,474,504,-30,6,11,-5,0,2,-2,0,1,-1,4,3,0,0,0,0,0,0,0,0,3,3,2,2,0
NA1_5643940265,16,16.18.817.5716,953,26407,31178,-4771,34362,37167,-2805,515,533,-18,6,13,-7,0,2,-2,0,1,-1,4,3,0,0,0,0,0,0,0,0,3,3,2,2,0
NA1_5644002556,0,16.18.817.5716,1880,2500,2500,0,0,0,0,0,0,0,0,0,0,0,0,0,0,0,0,4,4,0,0,0,0,0,0,0,0,3,3,2,2,0
NA1_5644002556,1,16.18.817.5716,1880,2510,2510,0,0,0,0,0,0,0,0,0,0,0,0,0,0,0,0,4,4,0,0,0,0,0,0,0,0,3,3,2,2,0
NA1_5644002556,2,16.18.817.5716,1880,4482,4317,165,2535,2204,331,36,35,1,2,1,1,0,0,0,0,0,0,4,4,0,0,0,0,0,0,0,0,3,3,2,2,0
NA1_5644002556,3,16.18.817.5716,1880,5939,6105,-166,4814,4845,-31,72,75,-3,2,2,0,0,0,0,0,0,0,4,4,0,0,0,0,0,0,0,0,3,3,2,2,0
NA1_5644002556,4,16.18.817.5716,1880,7194,7548,-354,6806,6554,252,103,100,3,2,3,-1,0,0,0,0,0,0,4,4,0,0,0,0,0,0,0,0,3,3,2,2,0
NA1_5644002556,5,16.18.817.5716,1880,8411,8941,-530,8641,8728,-87,129,133,-4,2,3,-1,0,0,0,0,0,0,4,4,0,0,0,0,0,0,0,0,3,3,2,2,0
NA1_5644002556,6,16.18.817.5716,1880,9806,11315,-1509,10897,11254,-357,169,164,5,2,6,-4,0,0,0,0,0,0,4,4,0,0,0,0,0,0,0,0,3,3,2,2,0
NA1_5644002556,7,16.18.817.5716,1880,11411,13166,-1755,12633,13700,-1067,192,196,-4,3,8,-5,0,0,0,0,0,0,4,4,0,0,0,0,0,0,0,0,3,3,2,2,0
NA1_5644002556,8,16.18.817.5716,1880,13048,14499,-1451,15236,15910,-674,236,232,4,3,8,-5,0,0,0,0,0,0,4,4,0,0,0,0,0,0,0,0,3,3,2,2,0
NA1_5644002556,9,16.18.817.5716,1880,15841,15819,22,17247,17515,-268,255,261,-6,6,8,-2,0,0,0,0,0,0,4,4,0,0,0,0,0,0,0,0,3,3,2,2,0
NA1_5644002556,10,16.18.817.5716,1880,17384,16894,490,19609,18777,832,289,278,11,6,8,-2,0,0,0,0,0,0,4,4,0,0,0,0,0,0,0,0,3,3,2,2,0
NA1_5644002556,11,16.18.817.5716,1880,19304,18535,769,22362,21398,964,327,314,13,7,9,-2,0,0,0,0,1,-1,4,3,0,0,0,0,0,0,0,0,3,3,2,2,0
NA1_5644002556,12,16.18.817.5716,1880,20766,20783,-17,23924,23759,165,350,349,1,7,10,-3,0,0,0,0,1,-1,4,3,0,0,0,0,0,0,0,0,3,3,2,2,0
NA1_5644002556,13,16.18.817.5716,1880,22683,22242,441,26572,25422,1150,377,377,0,8,10,-2,0,0,0,0,1,-1,4,3,0,0,0,0,0,0,0,0,3,3,2,2,0
NA1_5644002556,14,16.18.817.5716,1880,24600,24741,-141,28953,28994,-41,409,402,7,9,12,-3,0,0,0,0,1,-1,4,3,0,0,0,0,0,0,0,0,3,3,2,2,0
NA1_5644002556,15,16.18.817.5716,1880,26227,26615,-388,31108,31870,-762,441,450,-9,9,12,-3,0,0,0,0,1,-1,4,3,0,0,0,0,0,0,0,0,3,3,2,2,0
NA1_5644002556,16,16.18.817.5716,1880,29377,28346,1031,34451,33827,624,471,473,-2,11,13,-2,1,0,1,0,2,-2,4,2,0,0,0,0,0,0,0,0,3,3,2,2,0
NA1_5644002556,17,16.18.817.5716,1880,32085,29672,2413,37362,35336,2026,491,496,-5,14,13,1,1,0,1,0,2,-2,4,2,0,0,0,0,1,0,0,0,3,3,2,2,0
NA1_5644002556,18,16.18.817.5716,1880,34160,33107,1053,40048,40055,-7,528,553,-25,15,15,0,1,1,0,0,2,-2,4,2,0,0,0,0,1,0,0,0,3,3,2,2,0
NA1_5644002556,19,16.18.817.5716,1880,36619,34802,1817,43836,41959,1877,583,584,-1,16,15,1,2,2,0,0,2,-2,4,2,0,0,0,0,1,0,0,0,3,3,2,2,0
NA1_5644002556,20,16.18.817.5716,1880,37987,36895,1092,45657,44868,789,612,624,-12,16,16,0,2,2,0,0,2,-2,4,2,0,0,0,0,1,0,0,0,3,3,2,2,0
NA1_5644002556,21,16.18.817.5716,1880,39114,38735,379,46760,46630,130,629,643,-14,16,17,-1,2,2,0,0,2,-2,4,2,0,0,0,0,1,0,0,0,3,3,2,2,0
NA1_5644002556,22,16.18.817.5716,1880,41220,40883,337,49646,50311,-665,668,688,-20,17,18,-1,2,2,0,0,3,-3,4,1,0,0,0,0,1,0,0,0,3,3,2,2,0
NA1_5644002556,23,16.18.817.5716,1880,42860,42411,449,51224,52105,-881,691,722,-31,17,18,-1,3,2,1,0,3,-3,4,1,0,0,0,0,1,0,0,0,3,3,2,2,0
NA1_5644002556,24,16.18.817.5716,1880,44620,45304,-684,52482,55201,-2719,702,741,-39,18,21,-3,3,2,1,0,3,-3,4,1,0,0,0,0,1,0,0,0,3,3,2,2,0
NA1_5644002556,25,16.18.817.5716,1880,46460,46717,-257,55135,57274,-2139,749,775,-26,18,21,-3,3,2,1,0,3,-3,4,1,0,0,0,0,1,0,0,0,3,3,2,2,0
NA1_5644002556,26,16.18.817.5716,1880,48317,48120,197,56244,59123,-2879,759,786,-27,19,22,-3,3,2,1,0,3,-3,4,1,0,0,0,0,1,0,0,0,3,3,2,2,0
NA1_5644002556,27,16.18.817.5716,1880,49371,51260,-1889,56829,62343,-5514,769,798,-29,19,25,-6,3,3,0,0,4,-4,4,0,0,1,0,0,1,0,0,0,3,3,2,2,0
NA1_5644002556,28,16.18.817.5716,1880,51319,53034,-1715,58625,64397,-5772,780,817,-37,20,26,-6,3,3,0,0,4,-4,4,0,0,1,0,0,1,0,0,0,3,3,2,2,0
NA1_5644002556,29,16.18.817.5716,1880,52554,54351,-1797,60099,65780,-5681,803,842,-39,20,26,-6,3,3,0,0,4,-4,4,0,0,1,0,0,1,0,0,0,3,3,2,2,0
NA1_5644002556,30,16.18.817.5716,1880,53794,58913,-5119,61215,72606,-11391,820,871,-51,20,29,-9,4,3,1,0,4,-4,4,0,0,1,0,0,1,0,0,1,3,3,2,2,0
NA1_5644002556,31,16.18.817.5716,1880,54522,64385,-9863,62083,78399,-16316,823,911,-88,20,34,-14,4,5,-1,0,4,-4,4,0,0,1,0,0,1,0,0,1,3,3,2,2,0
NA1_5644002556,31,16.18.817.5716,1880,54738,65534,-10796,62083,79429,-17346,823,912,-89,20,35,-15,4,5,-1,0,4,-4,4,0,0,1,0,0,1,0,0,1,2,3,0,2,0
NA1_5642605414,0,16.18.817.5716,1422,2500,2500,0,0,0,0,0,0,0,0,0,0,0,0,0,0,0,0,4,4,0,0,0,0,0,0,0,0,3,3,2,2,1
NA1_5642605414,1,16.18.817.5716,1422,2505,2505,0,0,0,0,0,0,0,0,0,0,0,0,0,0,0,0,4,4,0,0,0,0,0,0,0,0,3,3,2,2,1
NA1_5642605414,2,16.18.817.5716,1422,3781,3862,-81,2411,2482,-71,38,41,-3,0,0,0,0,0,0,0,0,0,4,4,0,0,0,0,0,0,0,0,3,3,2,2,1
NA1_5642605414,3,16.18.817.5716,1422,5087,5244,-157,4641,4933,-292,69,74,-5,0,0,0,0,0,0,0,0,0,4,4,0,0,0,0,0,0,0,0,3,3,2,2,1
NA1_5642605414,4,16.18.817.5716,1422,7259,6721,538,6926,6606,320,107,100,7,1,1,0,0,0,0,0,0,0,4,4,0,0,0,0,0,0,0,0,3,3,2,2,1
NA1_5642605414,5,16.18.817.5716,1422,8462,7742,720,8393,8040,353,136,121,15,1,1,0,0,0,0,0,0,0,4,4,0,0,0,0,0,0,0,0,3,3,2,2,1
NA1_5642605414,6,16.18.817.5716,1422,9911,9956,-45,9931,9978,-47,153,149,4,2,3,-1,0,0,0,0,0,0,4,4,0,0,0,0,0,0,0,0,3,3,2,2,1
NA1_5642605414,7,16.18.817.5716,1422,11454,11546,-92,12132,12549,-417,192,192,0,2,3,-1,0,0,0,0,0,0,4,4,0,0,0,0,0,0,0,0,3,3,2,2,1
NA1_5642605414,8,16.18.817.5716,1422,14092,14533,-441,14440,14041,399,218,205,13,6,7,-1,0,0,0,1,0,1,3,4,0,0,0,0,0,0,0,0,3,3,2,2,1
NA1_5642605414,9,16.18.817.5716,1422,15509,17025,-1516,16772,17008,-236,255,244,11,6,9,-3,0,0,0,1,0,1,3,4,0,0,0,0,0,0,0,0,3,3,2,2,1
NA1_5642605414,10,16.18.817.5716,1422,17064,18352,-1288,19221,19142,79,299,279,20,6,9,-3,0,0,0,1,0,1,3,4,0,0,0,0,0,0,0,0,3,3,2,2,1
NA1_5642605414,11,16.18.817.5716,1422,20371,19999,372,21715,20501,1214,324,291,33,10,11,-1,0,0,0,1,0,1,3,4,0,0,0,0,0,0,0,0,3,3,2,2,1
NA1_5642605414,12,16.18.817.5716,1422,21918,21144,774,23766,22108,1658,356,315,41,11,11,0,0,0,0,1,0,1,3,4,0,0,0,0,0,0,0,0,3,3,2,2,1
NA1_5642605414,13,16.18.817.5716,1422,24603,23123,1480,27040,24847,2193,406,353,53,12,12,0,0,0,0,1,0,1,3,4,0,0,0,0,0,0,0,0,3,3,2,2,1
NA1_5642605414,14,16.18.817.5716,1422,26857,25184,1673,29785,27188,2597,430,380,50,14,13,1,0,0,0,1,0,1,3,4,0,0,0,0,0,0,0,0,3,3,2,2,1
NA1_5642605414,15,16.18.817.5716,1422,29403,26402,3001,33200,29060,4140,455,408,47,17,13,4,0,0,0,2,0,2,2,4,0,0,0,0,0,0,0,0,3,3,2,2,1
NA1_5642605414,16,16.18.817.5716,1422,31625,28586,3039,35158,31758,3400,484,443,41,17,14,3,1,0,1,2,0,2,2,4,0,0,0,0,1,0,0,0,3,3,2,2,1
NA1_5642605414,17,16.18.817.5716,1422,35046,30084,4962,39628,33861,5767,534,480,54,19,14,5,2,0,2,2,0,2,2,4,0,0,0,0,1,0,0,0,3,3,2,2,1
NA1_5642605414,18,16.18.817.5716,1422,37880,31553,6327,42616,35949,6667,569,507,62,21,14,7,3,0,3,2,0,2,2,4,0,0,0,0,1,0,0,0,3,3,2,2,1
NA1_5642605414,19,16.18.817.5716,1422,39698,34262,5436,44738,38613,6125,602,539,63,22,15,7,3,0,3,2,0,2,2,4,0,0,0,0,1,0,0,0,3,3,2,2,1
NA1_5642605414,20,16.18.817.5716,1422,42969,36256,6713,48732,40264,8468,622,546,76,27,16,11,3,0,3,3,0,3,1,4,0,0,0,0,1,0,0,0,3,3,2,2,1
NA1_5642605414,21,16.18.817.5716,1422,45260,37504,7756,51035,41943,9092,659,574,85,27,16,11,4,0,4,3,0,3,1,4,0,0,0,0,1,0,0,0,3,3,2,2,1
NA1_5642605414,22,16.18.817.5716,1422,50189,38586,11603,54861,43211,11650,698,592,106,30,16,14,7,0,7,3,0,3,1,4,0,0,0,0,1,0,0,0,3,2,2,2,1
NA1_5642605414,23,16.18.817.5716,1422,51184,39649,11535,55916,44915,11001,709,610,99,30,16,14,7,0,7,3,0,3,1,4,0,0,0,0,1,0,0,0,3,2,2,2,1
NA1_5642605414,24,16.18.817.5716,1422,55042,41680,13362,62618,47977,14641,727,619,108,34,18,16,8,0,8,3,0,3,1,4,0,0,0,0,1,0,1,0,3,1,2,2,1
NA1_5639823719,0,16.18.816.5012,2171,2500,2500,0,0,0,0,0,0,0,0,0,0,0,0,0,0,0,0,4,4,0,0,0,0,0,0,0,0,3,3,2,2,1
NA1_5639823719,1,16.18.816.5012,2171,2505,2505,0,0,0,0,0,0,0,0,0,0,0,0,0,0,0,0,4,4,0,0,0,0,0,0,0,0,3,3,2,2,1
NA1_5639823719,2,16.18.816.5012,2171,3652,4673,-1021,1963,2648,-685,30,40,-10,0,2,-2,0,0,0,0,0,0,4,4,0,0,0,0,0,0,0,0,3,3,2,2,1
NA1_5639823719,3,16.18.816.5012,2171,5277,6222,-945,4567,4629,-62,77,67,10,0,3,-3,0,0,0,0,0,0,4,4,0,0,0,0,0,0,0,0,3,3,2,2,1
NA1_5639823719,4,16.18.816.5012,2171,6728,8097,-1369,6552,6941,-389,118,110,8,0,4,-4,0,0,0,0,0,0,4,4,0,0,0,0,0,0,0,0,3,3,2,2,1
NA1_5639823719,5,16.18.816.5012,2171,7975,9549,-1574,8479,9318,-839,150,151,-1,0,4,-4,0,0,0,0,0,0,4,4,0,0,0,0,0,0,0,0,3,3,2,2,1
NA1_5639823719,6,16.18.816.5012,2171,10574,10760,-186,11104,11205,-101,192,177,15,2,4,-2,0,0,0,0,0,0,4,4,0,0,0,0,0,0,0,0,3,3,2,2,1
NA1_5639823719,7,16.18.816.5012,2171,11930,12975,-1045,12295,13170,-875,203,205,-2,3,6,-3,0,0,0,0,0,0,4,4,0,0,0,0,0,0,0,0,3,3,2,2,1
NA1_5639823719,8,16.18.816.5012,2171,13478,14786,-1308,14479,15453,-974,242,236,6,3,7,-4,0,0,0,0,0,0,4,4,0,0,0,0,0,0,0,0,3,3,2,2,1
NA1_5639823719,9,16.18.816.5012,2171,15109,17155,-2046,16705,17960,-1255,282,276,6,3,8,-5,0,0,0,0,0,0,4,4,0,0,0,0,0,0,0,0,3,3,2,2,1
NA1_5639823719,10,16.18.816.5012,2171,17905,18467,-562,19122,19562,-440,321,306,15,5,8,-3,0,0,0,0,0,0,4,4,0,0,0,0,0,0,0,0,3,3,2,2,1
NA1_5639823719,11,16.18.816.5012,2171,19227,20647,-1420,20634,22977,-2343,345,351,-6,5,10,-5,0,0,0,0,1,-1,4,3,0,0,0,0,0,0,0,0,3,3,2,2,1
NA1_5639823719,12,16.18.816.5012,2171,21878,22636,-758,23598,26213,-2615,385,393,-8,7,11,-4,0,0,0,0,1,-1,4,3,0,0,0,0,0,0,0,0,3,3,2,2,1
NA1_5639823719,13,16.18.816.5012,2171,24626,24845,-219,26286,28209,-1923,412,427,-15,9,12,-3,0,0,0,0,1,-1,4,3,0,0,0,0,0,0,0,0,3,3,2,2,1
NA1_5639823719,14,16.18.816.5012,2171,27206,26763,443,29629,30384,-755,448,458,-10,11,13,-2,0,0,0,0,1,-1,4,3,0,0,0,0,0,0,0,0,3,3,2,2,1
NA1_5639823719,15,16.18.816.5012,2171,28723,30033,-1310,30385,34267,-3882,459,486,-27,11,17,-6,0,0,0,0,1,-1,4,3,0,0,0,0,0,0,0,0,3,3,2,2,1
NA1_5639823719,16,16.18.816.5012,2171,30561,32153,-1592,32335,35998,-3663,494,517,-23,11,17,-6,1,1,0,1,1,0,3,3,0,0,0,0,0,0,0,0,3,3,2,2,1
NA1_5639823719,17,16.18.816.5012,2171,32138,34814,-2676,34601,39904,-5303,533,553,-20,11,20,-9,1,1,0,1,1,0,3,3,0,0,0,0,0,0,0,0,3,3,2,2,1
NA1_5639823719,18,16.18.816.5012,2171,34157,36873,-2716,36724,42841,-6117,572,587,-15,11,21,-10,2,2,0,1,1,0,3,3,0,0,0,0,0,1,0,0,3,3,2,2,1
NA1_5639823719,19,16.18.816.5012,2171,36436,39502,-3066,40157,45188,-5031,612,628,-16,12,21,-9,2,4,-2,1,1,0,3,3,0,0,0,0,0,1,0,0,3,3,2,2,1
NA1_5639823719,20,16.18.816.5012,2171,38168,41119,-2951,42271,47327,-5056,654,662,-8,12,21,-9,2,4,-2,1,1,0,3,3,0,0,0,0,0,1,0,0,3,3,2,2,1
NA1_5639823719,21,16.18.816.5012,2171,40186,42608,-2422,45104,49590,-4486,698,697,1,12,21,-9,3,4,-1,1,2,-1,3,2,0,0,0,0,0,1,0,0,3,3,2,2,1
NA1_5639823719,22,16.18.816.5012,2171,41880,44350,-2470,47559,51944,-4385,743,735,8,12,22,-10,3,4,-1,1,2,-1,3,2,0,0,0,0,0,1,0,0,3,3,2,2,1
NA1_5639823719,23,16.18.816.5012,2171,43317,45711,-2394,49429,53647,-4218,777,762,15,12,22,-10,3,4,-1,1,2,-1,3,2,0,0,0,0,0,1,0,0,3,3,2,2,1
NA1_5639823719,24,16.18.816.5012,2171,46982,47517,-535,53375,55202,-1827,807,783,24,15,23,-8,3,4,-1,1,2,-1,3,2,0,0,0,0,0,1,0,0,3,3,2,2,1
NA1_5639823719,25,16.18.816.5012,2171,49085,49229,-144,58398,57057,1341,824,799,25,15,24,-9,3,4,-1,1,2,-1,3,2,0,0,0,0,0,1,1,0,3,3,2,2,1
NA1_5639823719,26,16.18.816.5012,2171,50896,50476,420,60144,58385,1759,851,820,31,16,24,-8,3,4,-1,1,2,-1,3,2,0,0,0,0,0,1,1,0,3,3,2,2,1
NA1_5639823719,27,16.18.816.5012,2171,53947,52143,1804,64358,60620,3738,903,860,43,17,24,-7,4,4,0,2,2,0,2,2,0,0,0,0,0,1,1,0,3,3,2,2,1
NA1_5639823719,28,16.18.816.5012,2171,55704,54114,1590,65971,63292,2679,927,894,33,18,25,-7,4,4,0,2,2,0,2,2,0,0,0,0,0,1,1,0,3,3,2,2,1
NA1_5639823719,29,16.18.816.5012,2171,57442,55553,1889,68443,65075,3368,968,924,44,18,25,-7,4,4,0,2,2,0,2,2,0,0,0,0,0,1,1,0,3,3,2,2,1
NA1_5639823719,30,16.18.816.5012,2171,59948,57230,2718,70882,67048,3834,995,953,42,19,25,-6,5,4,1,2,2,0,2,2,0,0,0,0,0,1,1,0,3,3,2,2,1
NA1_5639823719,31,16.18.816.5012,2171,62076,59610,2466,73024,69846,3178,1014,966,48,21,27,-6,5,4,1,2,2,0,2,2,0,0,0,0,0,1,1,0,3,3,2,2,1
NA1_5639823719,32,16.18.816.5012,2171,65362,60554,4808,79527,70931,8596,1040,977,63,23,27,-4,5,4,1,3,2,1,1,2,0,0,0,0,0,1,2,0,3,3,2,2,1
NA1_5639823719,33,16.18.816.5012,2171,67693,62115,5578,82564,73805,8759,1091,1007,84,23,27,-4,5,4,1,3,2,1,1,2,0,0,0,0,0,1,2,0,3,3,2,2,1
NA1_5639823719,34,16.18.816.5012,2171,69427,64314,5113,84540,76613,7927,1126,1045,81,23,28,-5,5,4,1,3,2,1,1,2,0,0,0,0,0,1,2,0,3,3,2,2,1
NA1_5639823719,35,16.18.816.5012,2171,72828,65830,6998,88659,78827,9832,1175,1073,102,24,28,-4,6,4,2,3,2,1,1,2,0,0,0,0,0,1,2,0,3,3,2,2,1
NA1_5639823719,36,16.18.816.5012,2171,77444,67991,9453,93860,82105,11755,1212,1085,127,27,30,-3,8,4,4,3,2,1,1,2,0,0,0,0,0,1,2,0,3,1,2,0,1
NA1_5639823719,36,16.18.816.5012,2171,77641,68109,9532,94230,82105,12125,1214,1085,129,27,30,-3,8,4,4,3,2,1,1,2,0,0,0,0,0,1,2,0,3,1,2,0,1
NA1_5640246048,0,16.18.817.5716,2231,2500,2500,0,0,0,0,0,0,0,0,0,0,0,0,0,0,0,0,4,4,0,0,0,0,0,0,0,0,3,3,2,2,0
NA1_5640246048,1,16.18.817.5716,2231,2500,2530,-30,0,0,0,0,1,-1,0,0,0,0,0,0,0,0,0,4,4,0,0,0,0,0,0,0,0,3,3,2,2,0
NA1_5640246048,2,16.18.817.5716,2231,4262,3761,501,2570,2088,482,38,32,6,1,0,1,0,0,0,0,0,0,4,4,0,0,0,0,0,0,0,0,3,3,2,2,0
NA1_5640246048,3,16.18.817.5716,2231,5618,5274,344,4499,4760,-261,68,74,-6,1,0,1,0,0,0,0,0,0,4,4,0,0,0,0,0,0,0,0,3,3,2,2,0
NA1_5640246048,4,16.18.817.5716,2231,7371,6691,680,6893,6638,255,110,109,1,2,0,2,0,0,0,0,0,0,4,4,0,0,0,0,0,0,0,0,3,3,2,2,0
NA1_5640246048,5,16.18.817.5716,2231,8897,8633,264,8962,8786,176,138,144,-6,3,1,2,0,0,0,0,0,0,4,4,0,0,0,0,0,0,0,0,3,3,2,2,0
NA1_5640246048,6,16.18.817.5716,2231,10227,10044,183,11070,11091,-21,170,184,-14,3,1,2,0,0,0,0,0,0,4,4,0,0,0,0,0,0,0,0,3,3,2,2,0
NA1_5640246048,7,16.18.817.5716,2231,11598,11585,13,13127,13684,-557,208,225,-17,3,1,2,0,0,0,0,0,0,4,4,0,0,0,0,0,0,0,0,3,3,2,2,0
NA1_5640246048,8,16.18.817.5716,2231,13817,13199,618,15914,15592,322,256,251,5,4,2,2,0,0,0,0,0,0,4,4,0,0,0,0,0,0,0,0,3,3,2,2,0
NA1_5640246048,9,16.18.817.5716,2231,15684,14294,1390,18113,16982,1131,292,271,21,5,2,3,0,0,0,0,0,0,4,4,0,0,0,0,0,0,0,0,3,3,2,2,0
NA1_5640246048,10,16.18.817.5716,2231,17063,16853,210,20293,20079,214,326,314,12,5,4,1,0,0,0,0,1,-1,4,3,0,0,0,0,0,0,0,0,3,3,2,2,0
NA1_5640246048,11,16.18.817.5716,2231,18573,19055,-482,22631,22386,245,371,352,19,5,5,0,0,0,0,0,1,-1,4,3,0,0,0,0,0,0,0,0,3,3,2,2,0
NA1_5640246048,12,16.18.817.5716,2231,20437,21102,-665,24914,24969,-55,403,393,10,6,6,0,0,0,0,0,1,-1,4,3,0,0,0,0,0,0,0,0,3,3,2,2,0
NA1_5640246048,13,16.18.817.5716,2231,22207,24678,-2471,27841,28290,-449,432,418,14,7,9,-2,0,0,0,0,1,-1,4,3,0,0,0,0,0,0,0,0,3,3,2,2,0
NA1_5640246048,14,16.18.817.5716,2231,25186,26589,-1403,30640,31441,-801,463,459,4,9,10,-1,0,0,0,0,1,-1,4,3,0,0,0,0,0,0,0,0,3,3,2,2,0
NA1_5640246048,15,16.18.817.5716,2231,27074,29343,-2269,32842,34605,-1763,477,488,-11,11,12,-1,0,0,0,0,1,-1,4,3,0,0,0,0,0,0,0,0,3,3,2,2,0
NA1_5640246048,16,16.18.817.5716,2231,29824,31382,-1558,34980,36468,-1488,500,508,-8,12,13,-1,1,1,0,0,1,-1,4,3,0,0,0,0,0,0,0,0,3,3,2,2,0
NA1_5640246048,17,16.18.817.5716,2231,32621,34012,-1391,37732,39508,-1776,514,526,-12,15,16,-1,1,1,0,0,2,-2,4,2,0,0,0,0,0,0,0,0,3,3,2,2,0
NA1_5640246048,18,16.18.817.5716,2231,34341,36557,-2216,40498,42617,-2119,560,571,-11,15,17,-2,1,2,-1,0,2,-2,4,2,0,0,0,0,0,0,0,0,3,3,2,2,0
NA1_5640246048,19,16.18.817.5716,2231,35776,38158,-2382,42874,45190,-2316,597,613,-16,15,17,-2,1,2,-1,0,2,-2,4,2,0,0,0,0,0,0,0,0,3,3,2,2,0
NA1_5640246048,20,16.18.817.5716,2231,40055,40146,-91,47497,47121,376,613,627,-14,20,19,1,1,2,-1,0,2,-2,4,2,0,0,0,0,0,1,0,0,3,3,2,2,0
NA1_5640246048,21,16.18.817.5716,2231,42299,41627,672,49141,49071,70,644,663,-19,20,19,1,3,2,1,0,2,-2,4,2,0,0,0,0,0,1,0,0,3,3,2,2,0
NA1_5640246048,22,16.18.817.5716,2231,45169,42924,2245,55304,51442,3862,678,676,2,23,19,4,3,2,1,0,2,-2,4,2,0,0,0,0,0,1,0,0,3,3,2,2,0
NA1_5640246048,23,16.18.817.5716,2231,47731,45180,2551,58393,53811,4582,701,698,3,26,21,5,3,2,1,1,2,-1,3,2,0,0,0,0,0,1,0,0,3,3,2,2,0
NA1_5640246048,24,16.18.817.5716,2231,49144,46475,2669,59688,55321,4367,723,725,-2,26,21,5,3,2,1,1,2,-1,3,2,0,0,0,0,0,1,0,0,3,3,2,2,0
NA1_5640246048,25,16.18.817.5716,2231,50546,48169,2377,61237,57365,3872,744,755,-11,27,21,6,3,3,0,1,2,-1,3,2,0,0,0,0,0,1,0,0,3,3,2,2,0
NA1_5640246048,26,16.18.817.5716,2231,54456,48899,5557,65918,57734,8184,769,758,11,31,21,10,4,3,1,1,2,-1,3,2,0,0,0,0,0,1,0,0,3,3,2,2,0
NA1_5640246048,27,16.18.817.5716,2231,57297,50567,6730,71051,59819,11232,798,794,4,31,21,10,5,3,2,1,2,-1,3,2,0,0,0,0,0,1,1,0,3,3,2,2,0
NA1_5640246048,28,16.18.817.5716,2231,60673,55497,5176,75235,62967,12268,831,823,8,34,22,12,6,4,2,2,2,0,2,2,0,0,0,0,0,1,1,0,3,2,2,2,0
NA1_5640246048,29,16.18.817.5716,2231,62701,59028,3673,78109,67979,10130,859,870,-11,35,23,12,6,4,2,2,2,0,2,2,0,0,0,0,0,1,1,0,3,2,2,2,0
NA1_5640246048,30,16.18.817.5716,2231,64815,60407,4408,80340,69482,10858,896,896,0,35,23,12,7,4,3,2,2,0,2,2,0,0,0,0,0,1,1,0,3,2,2,2,0
NA1_5640246048,31,16.18.817.5716,2231,66032,64380,1652,82062,75229,6833,920,931,-11,35,26,9,7,4,3,2,2,0,2,2,0,0,0,0,0,1,1,0,3,2,2,2,0
NA1_5640246048,32,16.18.817.5716,2231,67479,66216,1263,83950,77997,5953,950,972,-22,35,26,9,7,4,3,2,2,0,2,2,0,0,0,0,0,1,1,0,3,2,2,2,0
NA1_5640246048,33,16.18.817.5716,2231,69490,71059,-1569,86174,84024,2150,976,988,-12,36,31,5,7,4,3,2,2,0,2,2,0,0,0,0,0,1,1,0,3,3,2,2,0
NA1_5640246048,34,16.18.817.5716,2231,70294,74142,-3848,86439,90658,-4219,980,1030,-50,36,31,5,7,5,2,2,3,-1,2,1,0,0,0,0,0,1,1,1,3,3,2,2,0
NA1_5640246048,35,16.18.817.5716,2231,72282,76082,-3800,89432,93094,-3662,1008,1055,-47,37,32,5,7,5,2,2,3,-1,2,1,0,0,0,0,0,1,1,1,3,3,2,2,0
NA1_5640246048,36,16.18.817.5716,2231,74995,78854,-3859,93047,96689,-3642,1036,1083,-47,39,34,5,7,5,2,2,3,-1,2,1,0,0,0,0,0,1,1,1,3,3,2,2,0
NA1_5640246048,37,16.18.817.5716,2231,76810,83746,-6936,95819,101756,-5937,1052,1105,-53,40,38,2,7,7,0,2,3,-1,2,1,0,0,0,0,0,1,1,1,1,3,0,2,0
NA1_5640246048,37,16.18.817.5716,2231,76921,84068,-7147,95819,102516,-6697,1052,1111,-59,40,38,2,7,7,0,2,3,-1,2,1,0,0,0,0,0,1,1,1,1,3,0,2,0
NA1_5641849126,0,16.18.817.5716,1808,2500,2500,0,0,0,0,0,0,0,0,0,0,0,0,0,0,0,0,4,4,0,0,0,0,0,0,0,0,3,3,2,2,0
NA1_5641849126,1,16.18.817.5716,1808,2510,2505,5,0,0,0,0,0,0,0,0,0,0,0,0,0,0,0,4,4,0,0,0,0,0,0,0,0,3,3,2,2,0
NA1_5641849126,2,16.18.817.5716,1808,3915,3791,124,2686,2556,130,42,37,5,0,0,0,0,0,0,0,0,0,4,4,0,0,0,0,0,0,0,0,3,3,2,2,0
NA1_5641849126,3,16.18.817.5716,1808,5469,5076,393,5285,4945,340,85,66,19,0,0,0,0,0,0,0,0,0,4,4,0,0,0,0,0,0,0,0,3,3,2,2,0
NA1_5641849126,4,16.18.817.5716,1808,7367,6805,562,6435,6386,49,101,89,12,2,1,1,0,0,0,0,0,0,4,4,0,0,0,0,0,0,0,0,3,3,2,2,0
NA1_5641849126,5,16.18.817.5716,1808,9610,8832,778,9286,8151,1135,144,109,35,4,3,1,0,0,0,0,0,0,4,4,0,0,0,0,0,0,0,0,3,3,2,2,0
NA1_5641849126,6,16.18.817.5716,1808,11279,10204,1075,11041,10385,656,172,143,29,5,3,2,0,0,0,0,0,0,4,4,0,0,0,0,0,0,0,0,3,3,2,2,0
NA1_5641849126,7,16.18.817.5716,1808,12649,12264,385,12876,12545,331,204,172,32,5,5,0,0,0,0,0,0,0,4,4,0,0,0,0,0,0,0,0,3,3,2,2,0
NA1_5641849126,8,16.18.817.5716,1808,14395,13704,691,15583,14908,675,242,209,33,6,5,1,0,0,0,1,0,1,3,4,0,0,0,0,0,0,0,0,3,3,2,2,0
NA1_5641849126,9,16.18.817.5716,1808,16051,15179,872,18245,16934,1311,291,239,52,6,5,1,0,0,0,1,0,1,3,4,0,0,0,0,0,0,0,0,3,3,2,2,0
NA1_5641849126,10,16.18.817.5716,1808,17876,17264,612,19442,18674,768,306,252,54,7,7,0,0,0,0,1,0,1,3,4,0,0,0,0,0,0,0,0,3,3,2,2,0
NA1_5641849126,11,16.18.817.5716,1808,19767,20203,-436,21477,21639,-162,340,283,57,8,10,-2,0,0,0,1,0,1,3,4,0,0,0,0,0,0,0,0,3,3,2,2,0
NA1_5641849126,12,16.18.817.5716,1808,21980,22037,-57,23958,23159,799,360,314,46,10,10,0,0,0,0,1,0,1,3,4,0,0,0,0,0,0,0,0,3,3,2,2,0
NA1_5641849126,13,16.18.817.5716,1808,25907,24613,1294,27071,25785,1286,393,333,60,13,12,1,1,0,1,2,0,2,2,4,0,0,0,0,0,0,0,0,3,3,2,2,0
NA1_5641849126,14,16.18.817.5716,1808,27703,28271,-568,29175,29464,-289,423,373,50,14,15,-1,1,1,0,2,0,2,2,4,0,0,0,0,0,0,0,0,3,3,2,2,0
NA1_5641849126,15,16.18.817.5716,1808,30443,30992,-549,32171,32660,-489,461,412,49,16,17,-1,2,1,1,2,0,2,2,4,0,0,0,0,0,0,0,0,3,3,2,2,0
NA1_5641849126,16,16.18.817.5716,1808,32981,33058,-77,34848,34581,267,497,445,52,17,17,0,3,2,1,2,0,2,2,4,0,0,0,0,1,0,0,0,3,3,2,2,0
NA1_5641849126,17,16.18.817.5716,1808,34045,37701,-3656,35669,39936,-4267,514,485,29,17,22,-5,3,3,0,2,0,2,2,4,0,0,0,0,1,0,0,0,3,3,2,2,0
NA1_5641849126,18,16.18.817.5716,1808,36641,39469,-2828,38976,41425,-2449,541,500,41,19,23,-4,3,3,0,2,0,2,2,4,0,0,0,0,1,0,0,0,3,3,2,2,0
NA1_5641849126,19,16.18.817.5716,1808,39240,43006,-3766,41195,45282,-4087,569,517,52,20,27,-7,4,4,0,2,0,2,2,4,0,0,0,0,1,0,0,0,3,3,2,2,0
NA1_5641849126,20,16.18.817.5716,1808,41772,45464,-3692,44880,49300,-4420,618,572,46,21,28,-7,4,4,0,2,1,1,2,3,0,0,0,0,1,0,0,0,3,3,2,2,0
NA1_5641849126,21,16.18.817.5716,1808,45107,47532,-2425,49125,50571,-1446,646,594,52,24,28,-4,4,6,-2,2,1,1,2,3,0,0,0,0,1,0,0,0,3,3,2,2,0
NA1_5641849126,22,16.18.817.5716,1808,49086,49876,-790,57047,53324,3723,680,614,66,27,30,-3,4,6,-2,2,1,1,2,3,0,0,0,0,1,0,1,0,3,3,2,2,0
NA1_5641849126,23,16.18.817.5716,1808,51264,54465,-3201,59353,59125,228,691,643,48,29,35,-6,4,7,-3,2,1,1,2,3,0,0,0,0,1,0,1,0,3,3,2,2,0
NA1_5641849126,24,16.18.817.5716,1808,52575,55968,-3393,60820,60198,622,718,663,55,29,35,-6,4,7,-3,2,1,1,2,3,0,0,0,0,1,0,1,0,2,3,2,2,0
NA1_5641849126,25,16.18.817.5716,1808,54617,60429,-5812,62963,64904,-1941,723,673,50,31,40,-9,4,8,-4,2,1,1,2,3,0,0,0,0,1,0,1,0,2,3,2,2,0
NA1_5641849126,26,16.18.817.5716,1808,56560,61817,-5257,66344,66804,-460,773,702,71,31,40,-9,4,8,-4,2,2,0,2,2,0,0,0,0,1,0,1,0,2,3,2,2,0
NA1_5641849126,27,16.18.817.5716,1808,59838,65794,-5956,70003,71628,-1625,798,721,77,34,45,-11,4,8,-4,2,2,0,2,2,0,0,0,0,1,0,1,0,2,3,2,2,0
NA1_5641849126,28,16.18.817.5716,1808,63022,67392,-4370,73425,72681,744,820,737,83,36,45,-9,4,8,-4,2,2,0,2,2,0,0,0,0,1,0,1,0,2,3,0,2,0
NA1_5641849126,29,16.18.817.5716,1808,66644,68294,-1650,80460,73422,7038,856,748,108,38,45,-7,4,8,-4,2,2,0,2,2,0,0,0,0,1,0,2,0,3,3,0,2,0
NA1_5641849126,30,16.18.817.5716,1808,68366,71794,-3428,82484,79199,3285,870,791,79,39,48,-9,4,8,-4,2,2,0,2,2,0,0,0,0,1,0,2,0,2,3,0,2,0
NA1_5641849126,30,16.18.817.5716,1808,68445,72494,-4049,82546,80095,2451,870,792,78,39,49,-10,4,8,-4,2,2,0,2,2,0,0,0,0,1,0,2,0,2,3,0,2,0
NA1_5640777608,0,16.18.817.5716,913,2500,2500,0,0,0,0,0,0,0,0,0,0,0,0,0,0,0,0,4,4,0,0,0,0,0,0,0,0,3,3,2,2,0
NA1_5640777608,1,16.18.817.5716,913,2505,2500,5,0,0,0,0,0,0,0,0,0,0,0,0,0,0,0,4,4,0,0,0,0,0,0,0,0,3,3,2,2,0
NA1_5640777608,2,16.18.817.5716,913,3951,3899,52,2574,2582,-8,46,41,5,0,0,0,0,0,0,0,0,0,4,4,0,0,0,0,0,0,0,0,3,3,2,2,0
NA1_5640777608,3,16.18.817.5716,913,5409,5547,-138,4957,5110,-153,83,82,1,0,0,0,0,0,0,0,0,0,4,4,0,0,0,0,0,0,0,0,3,3,2,2,0
NA1_5640777608,4,16.18.817.5716,913,7039,7606,-567,6495,7069,-574,102,109,-7,1,2,-1,0,0,0,0,0,0,4,4,0,0,0,0,0,0,0,0,3,3,2,2,0
NA1_5640777608,5,16.18.817.5716,913,8355,9113,-758,8598,9256,-658,139,147,-8,1,2,-1,0,0,0,0,0,0,4,4,0,0,0,0,0,0,0,0,3,3,2,2,0
NA1_5640777608,6,16.18.817.5716,913,9706,10820,-1114,10483,11755,-1272,172,182,-10,1,3,-2,0,0,0,0,0,0,4,4,0,0,0,0,0,0,0,0,3,3,2,2,0
NA1_5640777608,7,16.18.817.5716,913,11147,12235,-1088,12531,14035,-1504,206,218,-12,1,3,-2,0,0,0,0,0,0,4,4,0,0,0,0,0,0,0,0,3,3,2,2,0
NA1_5640777608,8,16.18.817.5716,913,12610,13839,-1229,15095,16504,-1409,249,261,-12,1,3,-2,0,0,0,0,0,0,4,4,0,0,0,0,0,0,0,0,3,3,2,2,0
NA1_5640777608,9,16.18.817.5716,913,14227,15356,-1129,17803,18956,-1153,295,302,-7,1,3,-2,0,0,0,0,1,-1,4,3,0,0,0,0,0,0,0,0,3,3,2,2,0
NA1_5640777608,10,16.18.817.5716,913,15589,17210,-1621,19885,21640,-1755,326,352,-26,1,3,-2,0,0,0,0,1,-1,4,3,0,0,0,0,0,0,0,0,3,3,2,2,0
NA1_5640777608,11,16.18.817.5716,913,17254,19343,-2089,22584,24294,-1710,373,399,-26,1,4,-3,0,0,0,0,1,-1,4,3,0,0,0,0,0,0,0,0,3,3,2,2,0
NA1_5640777608,12,16.18.817.5716,913,18746,21131,-2385,24338,26853,-2515,405,428,-23,1,5,-4,0,0,0,0,1,-1,4,3,0,0,0,0,0,0,0,0,3,3,2,2,0
NA1_5640777608,13,16.18.817.5716,913,19827,24997,-5170,26266,30603,-4337,425,485,-60,1,7,-6,0,1,-1,0,1,-1,4,3,0,0,0,0,0,0,0,0,3,3,2,2,0
NA1_5640777608,14,16.18.817.5716,913,22715,27297,-4582,28769,32568,-3799,453,498,-45,3,10,-7,0,1,-1,0,1,-1,4,3,0,0,0,0,0,0,0,0,3,3,2,2,0
NA1_5640777608,15,16.18.817.5716,913,24323,29872,-5549,30341,35691,-5350,478,541,-63,3,11,-8,0,2,-2,0,2,-2,4,2,0,0,0,0,0,0,0,0,3,3,2,2,0
NA1_5640777608,15,16.18.817.5716,913,24897,30125,-5228,31416,35770,-4354,495,544,-49,3,11,-8,0,2,-2,0,2,-2,4,2,0,0,0,0,0,0,0,0,3,3,2,2,0
NA1_5645836655,0,16.18.817.5716,2229,2500,2500,0,0,0,0,0,0,0,0,0,0,0,0,0,0,0,0,4,4,0,0,0,0,0,0,0,0,3,3,2,2,0
NA1_5645836655,1,16.18.817.5716,2229,2505,2505,0,62,0,62,0,0,0,0,0,0,0,0,0,0,0,0,4,4,0,0,0,0,0,0,0,0,3,3,2,2,0
NA1_5645836655,2,16.18.817.5716,2229,3812,4017,-205,2507,2716,-209,37,49,-12,0,0,0,0,0,0,0,0,0,4,4,0,0,0,0,0,0,0,0,3,3,2,2,0
NA1_5645836655,3,16.18.817.5716,2229,6188,5257,931,5736,4643,1093,84,79,5,2,0,2,0,0,0,0,0,0,4,4,0,0,0,0,0,0,0,0,3,3,2,2,0
NA1_5645836655,4,16.18.817.5716,2229,7356,7482,-126,7065,6869,196,104,108,-4,2,2,0,0,0,0,0,0,0,4,4,0,0,0,0,0,0,0,0,3,3,2,2,0
NA1_5645836655,5,16.18.817.5716,2229,9511,8794,717,9186,8944,242,140,142,-2,4,2,2,0,0,0,0,0,0,4,4,0,0,0,0,0,0,0,0,3,3,2,2,0
NA1_5645836655,6,16.18.817.5716,2229,11172,10170,1002,11587,11088,499,183,177,6,4,2,2,0,0,0,0,0,0,4,4,0,0,0,0,0,0,0,0,3,3,2,2,0
NA1_5645836655,7,16.18.817.5716,2229,12798,12295,503,13215,12956,259,207,203,4,5,4,1,0,0,0,0,0,0,4,4,0,0,0,0,0,0,0,0,3,3,2,2,0
NA1_5645836655,8,16.18.817.5716,2229,14255,13942,313,15364,15674,-310,248,250,-2,5,4,1,0,0,0,0,0,0,4,4,0,0,0,0,0,0,0,0,3,3,2,2,0
NA1_5645836655,9,16.18.817.5716,2229,15929,16336,-407,17701,18265,-564,288,285,3,5,6,-1,0,0,0,0,0,0,4,4,0,0,0,0,0,0,0,0,3,3,2,2,0
NA1_5645836655,10,16.18.817.5716,2229,17470,17927,-457,20303,20977,-674,326,329,-3,5,6,-1,0,0,0,0,0,0,4,4,0,0,0,0,0,0,0,0,3,3,2,2,0
NA1_5645836655,11,16.18.817.5716,2229,18796,19476,-680,21956,23113,-1157,361,370,-9,5,6,-1,0,0,0,0,0,0,4,4,0,0,0,0,0,0,0,0,3,3,2,2,0
NA1_5645836655,12,16.18.817.5716,2229,20413,21064,-651,24652,25299,-647,399,408,-9,5,6,-1,0,0,0,0,1,-1,4,3,0,0,0,0,0,0,0,0,3,3,2,2,0
NA1_5645836655,13,16.18.817.5716,2229,22850,23285,-435,27779,28027,-248,444,441,3,6,7,-1,0,0,0,0,1,-1,4,3,0,0,0,0,0,0,0,0,3,3,2,2,0
NA1_5645836655,14,16.18.817.5716,2229,24861,24903,-42,29547,31490,-1943,464,485,-21,7,7,0,0,0,0,0,1,-1,4,3,0,0,0,0,0,0,0,0,3,3,2,2,0
NA1_5645836655,15,16.18.817.5716,2229,28001,26167,1834,33432,33208,224,514,512,2,9,7,2,0,0,0,0,1,-1,4,3,0,0,0,0,0,0,0,0,3,3,2,2,0
NA1_5645836655,16,16.18.817.5716,2229,30497,29198,1299,36572,36428,144,548,550,-2,11,8,3,0,1,-1,0,1,-1,4,3,0,0,0,0,0,0,0,0,3,3,2,2,0
NA1_5645836655,17,16.18.817.5716,2229,34426,31729,2697,40552,39055,1497,587,576,11,14,10,4,1,1,0,0,2,-2,4,2,0,0,0,0,0,0,0,0,3,3,2,2,0
NA1_5645836655,18,16.18.817.5716,2229,36855,33720,3135,43558,42087,1471,624,615,9,16,11,5,1,1,0,0,2,-2,4,2,0,0,0,0,1,0,0,0,3,3,2,2,0
NA1_5645836655,19,16.18.817.5716,2229,38623,36087,2536,46328,44698,1630,657,644,13,17,13,4,1,1,0,0,2,-2,4,2,0,0,0,0,1,0,0,0,3,3,2,2,0
NA1_5645836655,20,16.18.817.5716,2229,41646,39246,2400,49206,48686,520,698,679,19,18,16,2,3,2,1,0,2,-2,4,2,0,0,0,0,1,0,0,0,3,3,2,2,0
NA1_5645836655,21,16.18.817.5716,2229,43698,41399,2299,50881,51867,-986,725,715,10,19,17,2,3,2,1,0,2,-2,4,2,0,0,0,0,1,0,0,0,3,3,2,2,0
NA1_5645836655,22,16.18.817.5716,2229,47177,44303,2874,55166,54604,562,748,755,-7,23,19,4,3,3,0,0,2,-2,4,2,0,0,0,0,1,0,0,0,3,3,2,2,0
NA1_5645836655,23,16.18.817.5716,2229,48626,45883,2743,57204,56117,1087,782,784,-2,23,19,4,3,4,-1,1,2,-1,3,2,0,0,0,0,1,0,0,0,3,3,2,2,0
NA1_5645836655,24,16.18.817.5716,2229,50629,48405,2224,58862,60129,-1267,815,834,-19,23,21,2,4,4,0,1,2,-1,3,2,0,0,0,0,1,0,0,0,3,3,2,2,0
NA1_5645836655,25,16.18.817.5716,2229,54620,50470,4150,66368,62374,3994,835,844,-9,27,23,4,4,4,0,1,2,-1,3,2,0,0,0,0,1,0,1,0,3,3,2,2,0
NA1_5645836655,26,16.18.817.5716,2229,56208,52182,4026,67993,64904,3089,863,888,-25,27,23,4,4,4,0,1,2,-1,3,2,0,0,0,0,1,0,1,0,3,3,2,2,0
NA1_5645836655,27,16.18.817.5716,2229,57906,55609,2297,70498,69048,1450,903,939,-36,27,25,2,4,5,-1,1,2,-1,3,2,0,0,0,0,1,0,1,0,3,3,2,2,0
NA1_5645836655,28,16.18.817.5716,2229,61247,58177,3070,74259,72188,2071,910,948,-38,31,28,3,4,5,-1,1,2,-1,3,2,0,0,0,0,1,0,1,0,3,3,2,2,0
NA1_5645836655,29,16.18.817.5716,2229,62833,59123,3710,76423,72919,3504,928,961,-33,32,28,4,4,5,-1,2,2,0,2,2,0,0,0,0,1,0,1,0,3,3,2,2,0
NA1_5645836655,30,16.18.817.5716,2229,66157,62600,3557,79808,77846,1962,958,994,-36,34,31,3,5,5,0,2,2,0,2,2,0,0,0,0,1,0,1,0,3,3,2,2,0
NA1_5645836655,31,16.18.817.5716,2229,67619,64422,3197,81677,80299,1378,988,1023,-35,34,32,2,5,5,0,2,2,0,2,2,0,0,0,0,1,0,1,0,3,3,2,2,0
NA1_5645836655,32,16.18.817.5716,2229,70854,66073,4781,85627,82402,3225,1008,1038,-30,37,33,4,5,5,0,2,2,0,2,2,0,0,0,0,1,0,1,0,3,3,2,2,0
NA1_5645836655,33,16.18.817.5716,2229,74346,68296,6050,90092,85331,4761,1028,1064,-36,41,35,6,5,5,0,2,2,0,2,2,0,0,0,0,1,0,1,0,3,3,2,2,0
NA1_5645836655,34,16.18.817.5716,2229,76485,69178,7307,93077,85928,7149,1072,1073,-1,41,35,6,6,5,1,3,2,1,1,2,0,0,0,0,1,0,1,0,3,3,2,2,0
NA1_5645836655,35,16.18.817.5716,2229,80547,72208,8339,98058,89100,8958,1094,1086,8,45,37,8,6,5,1,3,2,1,1,2,0,0,0,0,1,0,1,0,3,3,2,2,0
NA1_5645836655,36,16.18.817.5716,2229,82390,73447,8943,102172,90161,12011,1111,1105,6,45,37,8,6,5,1,3,2,1,1,2,0,0,0,0,1,0,2,0,3,3,2,2,0
NA1_5645836655,37,16.18.817.5716,2229,84166,80805,3361,103781,96729,7052,1112,1130,-18,47,42,5,6,7,-1,3,2,1,1,2,0,0,0,0,1,0,2,0,2,3,2,2,0
NA1_5645836655,37,16.18.817.5716,2229,84260,81399,2861,103781,96729,7052,1112,1130,-18,47,42,5,6,7,-1,3,2,1,1,2,0,0,0,0,1,0,2,0,2,3,0,2,0
NA1_5643118311,0,16.18.817.5716,1542,2500,2500,0,0,0,0,0,0,0,0,0,0,0,0,0,0,0,0,4,4,0,0,0,0,0,0,0,0,3,3,2,2,0
NA1_5643118311,1,16.18.817.5716,1542,2505,2505,0,0,0,0,0,0,0,0,0,0,0,0,0,0,0,0,4,4,0,0,0,0,0,0,0,0,3,3,2,2,0
NA1_5643118311,2,16.18.817.5716,1542,3927,3760,167,2587,2454,133,45,33,12,0,0,0,0,0,0,0,0,0,4,4,0,0,0,0,0,0,0,0,3,3,2,2,0
NA1_5643118311,3,16.18.817.5716,1542,5444,5646,-202,4983,5037,-54,86,65,21,0,1,-1,0,0,0,0,0,0,4,4,0,0,0,0,0,0,0,0,3,3,2,2,0
NA1_5643118311,4,16.18.817.5716,1542,6717,7177,-460,6585,7109,-524,118,96,22,0,2,-2,0,0,0,0,0,0,4,4,0,0,0,0,0,0,0,0,3,3,2,2,0
NA1_5643118311,5,16.18.817.5716,1542,8096,8639,-543,8967,8728,239,154,124,30,0,2,-2,0,0,0,0,0,0,4,4,0,0,0,0,0,0,0,0,3,3,2,2,0
NA1_5643118311,6,16.18.817.5716,1542,9894,10539,-645,10891,11111,-220,187,158,29,1,4,-3,0,0,0,0,0,0,4,4,0,0,0,0,0,0,0,0,3,3,2,2,0
NA1_5643118311,7,16.18.817.5716,1542,11413,12128,-715,13077,13260,-183,221,196,25,1,4,-3,0,0,0,0,0,0,4,4,0,0,0,0,0,0,0,0,3,3,2,2,0
NA1_5643118311,8,16.18.817.5716,1542,12644,14081,-1437,14651,15718,-1067,252,234,18,1,5,-4,0,0,0,0,0,0,4,4,0,0,0,0,0,0,0,0,3,3,2,2,0
NA1_5643118311,9,16.18.817.5716,1542,13997,15969,-1972,16378,18130,-1752,282,272,10,1,6,-5,0,0,0,0,0,0,4,4,0,0,0,0,0,0,0,0,3,3,2,2,0
NA1_5643118311,10,16.18.817.5716,1542,15270,17559,-2289,18292,20312,-2020,311,308,3,1,6,-5,0,0,0,1,0,1,3,4,0,0,0,0,0,0,0,0,3,3,2,2,0
NA1_5643118311,11,16.18.817.5716,1542,16768,19348,-2580,20524,22934,-2410,354,348,6,1,7,-6,0,0,0,1,0,1,3,4,0,0,0,0,0,0,0,0,3,3,2,2,0
NA1_5643118311,12,16.18.817.5716,1542,18271,22312,-4041,22445,26363,-3918,387,388,-1,1,9,-8,0,0,0,1,0,1,3,4,0,0,0,0,0,0,0,0,3,3,2,2,0
NA1_5643118311,13,16.18.817.5716,1542,19685,24190,-4505,25316,28927,-3611,423,424,-1,1,10,-9,0,0,0,1,0,1,3,4,0,0,0,0,0,0,0,0,3,3,2,2,0
NA1_5643118311,14,16.18.817.5716,1542,22021,25758,-3737,28297,30913,-2616,463,450,13,2,11,-9,0,0,0,1,0,1,3,4,0,0,0,0,0,0,0,0,3,3,2,2,0
NA1_5643118311,15,16.18.817.5716,1542,23744,27679,-3935,30619,34187,-3568,500,505,-5,2,11,-9,0,0,0,1,1,0,3,3,0,0,0,0,0,0,0,0,3,3,2,2,0
NA1_5643118311,16,16.18.817.5716,1542,25449,30418,-4969,32444,37380,-4936,530,544,-14,2,13,-11,0,1,-1,1,1,0,3,3,0,0,0,0,1,0,0,0,3,3,2,2,0
NA1_5643118311,17,16.18.817.5716,1542,27619,33461,-5842,35082,40746,-5664,568,582,-14,2,15,-13,0,3,-3,1,1,0,3,3,0,0,0,0,1,0,0,0,3,3,2,2,0
NA1_5643118311,18,16.18.817.5716,1542,29024,35518,-6494,37440,43491,-6051,602,622,-20,2,16,-14,0,3,-3,1,1,0,3,3,0,0,0,0,1,0,0,0,3,3,2,2,0
NA1_5643118311,19,16.18.817.5716,1542,30606,37826,-7220,40161,46851,-6690,646,661,-15,2,18,-16,0,3,-3,1,1,0,3,3,0,0,0,0,1,0,0,0,3,3,2,2,0
NA1_5643118311,20,16.18.817.5716,1542,32669,40889,-8220,42746,49958,-7212,678,704,-26,3,19,-16,0,4,-4,1,1,0,3,3,0,0,0,0,1,0,0,0,3,3,2,2,0
NA1_5643118311,21,16.18.817.5716,1542,34309,42704,-8395,44751,52972,-8221,709,756,-47,3,19,-16,0,4,-4,1,2,-1,3,2,0,0,0,0,1,0,0,0,3,3,2,2,0
NA1_5643118311,22,16.18.817.5716,1542,35686,45669,-9983,46456,55900,-9444,731,797,-66,3,20,-17,0,5,-5,1,2,-1,3,2,0,0,0,0,1,0,0,0,3,3,2,2,0
NA1_5643118311,23,16.18.817.5716,1542,37220,47709,-10489,48680,58411,-9731,771,834,-63,3,21,-18,0,5,-5,1,2,-1,3,2,0,0,0,0,1,0,0,0,3,3,2,2,0
NA1_5643118311,24,16.18.817.5716,1542,38265,51053,-12788,49945,64791,-14846,791,878,-87,3,22,-19,0,5,-5,1,2,-1,3,2,0,0,0,0,1,0,0,1,3,3,2,2,0
NA1_5643118311,25,16.18.817.5716,1542,39009,54953,-15944,51155,67071,-15916,796,906,-110,3,23,-20,0,8,-8,1,2,-1,3,2,0,0,0,0,1,0,0,1,1,3,1,2,0
NA1_5643118311,26,16.18.817.5716,1542,39653,58029,-18376,52231,71908,-19677,802,924,-122,3,28,-25,0,8,-8,1,2,-1,3,2,0,0,0,0,1,0,0,1,1,3,0,2,0
NA1_5644231560,0,16.18.817.5716,1327,2500,2500,0,0,0,0,0,0,0,0,0,0,0,0,0,0,0,0,4,4,0,0,0,0,0,0,0,0,3,3,2,2,1
NA1_5644231560,1,16.18.817.5716,1327,2505,2520,-15,0,62,-62,0,1,-1,0,0,0,0,0,0,0,0,0,4,4,0,0,0,0,0,0,0,0,3,3,2,2,1
NA1_5644231560,2,16.18.817.5716,1327,3992,3811,181,2587,2382,205,48,39,9,0,0,0,0,0,0,0,0,0,4,4,0,0,0,0,0,0,0,0,3,3,2,2,1
NA1_5644231560,3,16.18.817.5716,1327,6319,6285,34,4826,5411,-585,79,82,-3,2,2,0,0,0,0,0,0,0,4,4,0,0,0,0,0,0,0,0,3,3,2,2,1
NA1_5644231560,4,16.18.817.5716,1327,8084,7482,602,7102,7045,57,113,109,4,3,2,1,0,0,0,0,0,0,4,4,0,0,0,0,0,0,0,0,3,3,2,2,1
NA1_5644231560,5,16.18.817.5716,1327,9728,9859,-131,9043,9130,-87,140,146,-6,4,4,0,0,0,0,0,0,0,4,4,0,0,0,0,0,0,0,0,3,3,2,2,1
NA1_5644231560,6,16.18.817.5716,1327,11044,11086,-42,11055,11142,-87,171,175,-4,4,4,0,0,0,0,0,0,0,4,4,0,0,0,0,0,0,0,0,3,3,2,2,1
NA1_5644231560,7,16.18.817.5716,1327,12916,12481,435,14097,13034,1063,228,207,21,4,4,0,0,0,0,0,0,0,4,4,0,0,0,0,0,0,0,0,3,3,2,2,1
NA1_5644231560,8,16.18.817.5716,1327,14878,13974,904,16687,15397,1290,271,252,19,5,4,1,0,0,0,0,0,0,4,4,0,0,0,0,0,0,0,0,3,3,2,2,1
NA1_5644231560,9,16.18.817.5716,1327,16082,15735,347,18170,18437,-267,296,307,-11,5,4,1,0,0,0,1,0,1,3,4,0,0,0,0,0,0,0,0,3,3,2,2,1
NA1_5644231560,10,16.18.817.5716,1327,19550,17302,2248,22166,20288,1878,346,339,7,9,4,5,0,0,0,1,0,1,3,4,0,0,0,0,0,0,0,0,3,3,2,2,1
NA1_5644231560,11,16.18.817.5716,1327,21626,18341,3285,24270,21493,2777,376,359,17,11,4,7,0,0,0,1,0,1,3,4,0,0,0,0,0,0,0,0,3,3,2,2,1
NA1_5644231560,12,16.18.817.5716,1327,23360,19907,3453,26812,23959,2853,413,401,12,11,4,7,0,0,0,1,0,1,3,4,0,0,0,0,0,0,0,0,3,3,2,2,1
NA1_5644231560,13,16.18.817.5716,1327,26067,22733,3334,31202,27261,3941,468,438,30,13,6,7,0,0,0,1,0,1,3,4,0,0,0,0,0,0,0,0,3,3,2,2,1
NA1_5644231560,14,16.18.817.5716,1327,27711,24174,3537,33225,28768,4457,499,466,33,14,6,8,0,0,0,2,0,2,2,4,0,0,0,0,0,0,0,0,3,3,2,2,1
NA1_5644231560,15,16.18.817.5716,1327,29539,26171,3368,36732,32046,4686,552,524,28,14,6,8,0,0,0,2,0,2,2,4,0,0,0,0,0,0,0,0,3,3,2,2,1
NA1_5644231560,16,16.18.817.5716,1327,32180,28592,3588,39550,35088,4462,572,538,34,17,9,8,0,0,0,2,0,2,2,4,0,0,0,0,0,0,0,0,3,3,2,2,1
NA1_5644231560,17,16.18.817.5716,1327,35338,29616,5722,42942,36422,6520,623,553,70,19,9,10,1,0,1,2,0,2,2,4,0,0,0,0,0,0,0,0,3,3,2,2,1
NA1_5644231560,18,16.18.817.5716,1327,38405,31111,7294,46899,38845,8054,663,590,73,22,9,13,2,0,2,2,0,2,2,4,0,0,0,0,0,0,0,0,3,3,2,2,1
NA1_5644231560,19,16.18.817.5716,1327,40743,32266,8477,49381,40665,8716,700,615,85,23,9,14,3,0,3,3,0,3,1,4,0,0,0,0,1,0,0,0,3,3,2,2,1
NA1_5644231560,20,16.18.817.5716,1327,43821,33740,10081,54051,42896,11155,753,644,109,26,9,17,3,0,3,3,0,3,1,4,0,0,0,0,1,0,0,0,3,3,2,2,1
NA1_5644231560,21,16.18.817.5716,1327,45556,35588,9968,56713,45812,10901,796,684,112,26,9,17,3,0,3,3,0,3,1,4,0,0,0,0,1,0,0,0,3,3,2,2,1
NA1_5644231560,22,16.18.817.5716,1327,49500,38588,10912,60773,48705,12068,836,710,126,30,10,20,4,1,3,3,0,3,1,4,0,0,0,0,1,0,0,0,3,3,2,2,1
NA1_5644231560,22,16.18.817.5716,1327,49623,38747,10876,60910,48962,11948,838,714,124,30,10,20,4,1,3,3,0,3,1,4,0,0,0,0,1,0,0,0,3,3,2,2,1
NA1_5640886232,0,16.18.817.5716,2057,2500,2500,0,0,0,0,0,0,0,0,0,0,0,0,0,0,0,0,4,4,0,0,0,0,0,0,0,0,3,3,2,2,1
NA1_5640886232,1,16.18.817.5716,2057,2505,2505,0,0,0,0,0,0,0,0,0,0,0,0,0,0,0,0,4,4,0,0,0,0,0,0,0,0,3,3,2,2,1
NA1_5640886232,2,16.18.817.5716,2057,3928,3820,108,2685,2370,315,43,39,4,0,0,0,0,0,0,0,0,0,4,4,0,0,0,0,0,0,0,0,3,3,2,2,1
NA1_5640886232,3,16.18.817.5716,2057,5489,5471,18,4988,5200,-212,87,85,2,0,0,0,0,0,0,0,0,0,4,4,0,0,0,0,0,0,0,0,3,3,2,2,1
NA1_5640886232,4,16.18.817.5716,2057,7266,7111,155,7007,6685,322,113,110,3,1,1,0,0,0,0,0,0,0,4,4,0,0,0,0,0,0,0,0,3,3,2,2,1
NA1_5640886232,5,16.18.817.5716,2057,9189,8331,858,9523,8694,829,159,140,19,2,1,1,0,0,0,0,0,0,4,4,0,0,0,0,0,0,0,0,3,3,2,2,1
NA1_5640886232,6,16.18.817.5716,2057,10694,9869,825,11376,11236,140,187,185,2,2,1,1,0,0,0,0,0,0,4,4,0,0,0,0,0,0,0,0,3,3,2,2,1
NA1_5640886232,7,16.18.817.5716,2057,12315,11420,895,14130,13467,663,235,224,11,2,1,1,0,0,0,0,1,-1,4,3,0,0,0,0,0,0,0,0,3,3,2,2,1
NA1_5640886232,8,16.18.817.5716,2057,13846,13045,801,16410,16179,231,269,273,-4,2,1,1,0,0,0,0,1,-1,4,3,0,0,0,0,0,0,0,0,3,3,2,2,1
NA1_5640886232,9,16.18.817.5716,2057,16271,15187,1084,18719,18998,-279,296,307,-11,4,3,1,0,0,0,0,1,-1,4,3,0,0,0,0,0,0,0,0,3,3,2,2,1
NA1_5640886232,10,16.18.817.5716,2057,18286,16737,1549,21168,21107,61,337,344,-7,4,3,1,0,0,0,0,1,-1,4,3,0,0,0,0,0,0,0,0,3,3,2,2,1
NA1_5640886232,11,16.18.817.5716,2057,19982,18177,1805,23395,23853,-458,372,383,-11,4,3,1,0,0,0,0,1,-1,4,3,0,0,0,0,0,0,0,0,3,3,2,2,1
NA1_5640886232,12,16.18.817.5716,2057,21475,20830,645,25769,26204,-435,405,412,-7,4,5,-1,0,0,0,0,1,-1,4,3,0,0,0,0,0,0,0,0,3,3,2,2,1
NA1_5640886232,13,16.18.817.5716,2057,23569,22575,994,28066,29409,-1343,442,455,-13,4,5,-1,0,0,0,0,1,-1,4,3,0,0,0,0,0,0,0,0,3,3,2,2,1
NA1_5640886232,14,16.18.817.5716,2057,25764,24056,1708,30784,32042,-1258,483,499,-16,4,5,-1,0,0,0,0,2,-2,4,2,0,0,0,0,0,0,0,0,3,3,2,2,1
NA1_5640886232,15,16.18.817.5716,2057,29305,25480,3825,34085,34386,-301,529,529,0,5,5,0,2,0,2,0,2,-2,4,2,0,0,0,0,0,0,0,0,3,3,2,2,1
NA1_5640886232,16,16.18.817.5716,2057,30999,27153,3846,36656,37172,-516,571,575,-4,5,5,0,2,0,2,0,2,-2,4,2,0,0,0,0,0,0,0,0,3,3,2,2,1
NA1_5640886232,17,16.18.817.5716,2057,32484,28553,3931,39243,38953,290,609,605,4,5,5,0,2,0,2,0,2,-2,4,2,0,0,0,0,0,1,0,0,3,3,2,2,1
NA1_5640886232,18,16.18.817.5716,2057,34037,30274,3763,41115,41832,-717,641,656,-15,5,5,0,2,0,2,0,2,-2,4,2,0,0,0,0,0,1,0,0,3,3,2,2,1
NA1_5640886232,19,16.18.817.5716,2057,35658,32133,3525,43317,44480,-1163,680,702,-22,5,5,0,2,0,2,0,2,-2,4,2,0,0,0,0,0,1,0,0,3,3,2,2,1
NA1_5640886232,20,16.18.817.5716,2057,37651,33861,3790,46282,46599,-317,716,733,-17,6,5,1,2,1,1,1,2,-1,3,2,0,0,0,0,0,1,0,0,3,3,2,2,1
NA1_5640886232,21,16.18.817.5716,2057,40359,36430,3929,50695,49424,1271,757,773,-16,8,6,2,2,2,0,1,2,-1,3,2,0,0,0,0,0,1,0,0,3,3,2,2,1
NA1_5640886232,22,16.18.817.5716,2057,42665,38195,4470,54658,52713,1945,818,821,-3,8,6,2,3,2,1,1,2,-1,3,2,0,0,0,0,0,1,0,0,3,3,2,2,1
NA1_5640886232,23,16.18.817.5716,2057,45078,39952,5126,58006,55174,2832,857,857,0,9,6,3,3,2,1,1,2,-1,3,2,0,0,0,0,0,1,0,0,3,3,2,2,1
NA1_5640886232,24,16.18.817.5716,2057,47298,41636,5662,61069,58031,3038,910,902,8,9,6,3,3,2,1,1,2,-1,3,2,0,0,0,0,0,1,0,0,3,3,2,2,1
NA1_5640886232,25,16.18.817.5716,2057,50422,43652,6770,63975,63519,456,947,927,20,10,6,4,4,2,2,1,2,-1,3,2,0,0,0,0,0,1,0,1,3,3,2,2,1
NA1_5640886232,26,16.18.817.5716,2057,52181,45683,6498,66196,66686,-490,981,968,13,10,6,4,5,3,2,2,2,0,2,2,0,0,0,0,0,1,0,1,3,3,2,2,1
NA1_5640886232,27,16.18.817.5716,2057,54077,48992,5085,68752,69528,-776,1000,1003,-3,11,7,4,5,4,1,2,2,0,2,2,0,0,0,0,0,1,0,1,3,3,2,2,1
NA1_5640886232,28,16.18.817.5716,2057,56815,51058,5757,72789,71759,1030,1032,1032,0,13,8,5,5,4,1,2,2,0,2,2,0,0,0,0,0,1,0,1,3,3,2,2,1
NA1_5640886232,29,16.18.817.5716,2057,59324,52429,6895,75743,74001,1742,1075,1063,12,14,8,6,5,4,1,2,2,0,2,2,0,0,0,0,0,1,0,1,3,3,2,2,1
NA1_5640886232,30,16.18.817.5716,2057,61238,54628,6610,78135,76600,1535,1121,1111,10,14,8,6,5,4,1,2,2,0,2,2,0,0,0,0,0,1,0,1,3,3,2,2,1
NA1_5640886232,31,16.18.817.5716,2057,63739,56403,7336,81683,78661,3022,1159,1147,12,15,8,7,5,4,1,3,2,1,1,2,0,0,0,0,0,1,0,1,3,3,2,2,1
NA1_5640886232,32,16.18.817.5716,2057,66624,59272,7352,85797,80598,5199,1177,1165,12,18,9,9,5,5,0,3,2,1,1,2,0,0,0,0,0,1,0,1,3,3,2,2,1
NA1_5640886232,33,16.18.817.5716,2057,70001,61227,8774,93202,83670,9532,1232,1216,16,19,9,10,5,5,0,3,2,1,1,2,0,0,0,0,0,1,1,1,3,3,2,2,1
NA1_5640886232,34,16.18.817.5716,2057,75138,62435,12703,98835,85451,13384,1283,1234,49,22,9,13,7,5,2,3,2,1,1,2,0,0,0,0,0,1,1,1,3,2,2,2,1
NA1_5640886232,34,16.18.817.5716,2057,75973,62619,13354,99042,85513,13529,1286,1234,52,22,9,13,7,5,2,3,2,1,1,2,0,0,0,0,0,1,1,1,3,1,2,0,1
NA1_5644218477,0,16.18.817.5716,1717,2500,2500,0,0,0,0,0,0,0,0,0,0,0,0,0,0,0,0,4,4,0,0,0,0,0,0,0,0,3,3,2,2,1
NA1_5644218477,1,16.18.817.5716,1717,3000,2505,495,26,0,26,0,0,0,1,0,1,0,0,0,0,0,0,4,4,0,0,0,0,0,0,0,0,3,3,2,2,1
NA1_5644218477,2,16.18.817.5716,1717,4309,3978,331,2133,2604,-471,38,48,-10,1,0,1,0,0,0,0,0,0,4,4,0,0,0,0,0,0,0,0,3,3,2,2,1
NA1_5644218477,3,16.18.817.5716,1717,6003,6359,-356,4642,4896,-254,73,80,-7,2,2,0,0,0,0,0,0,0,4,4,0,0,0,0,0,0,0,0,3,3,2,2,1
NA1_5644218477,4,16.18.817.5716,1717,7621,9261,-1640,6044,7232,-1188,98,108,-10,3,6,-3,0,0,0,0,0,0,4,4,0,0,0,0,0,0,0,0,3,3,2,2,1
NA1_5644218477,5,16.18.817.5716,1717,9044,11116,-2072,8248,8955,-707,141,141,0,3,7,-4,0,0,0,0,0,0,4,4,0,0,0,0,0,0,0,0,3,3,2,2,1
NA1_5644218477,6,16.18.817.5716,1717,11491,13510,-2019,10139,11216,-1077,164,173,-9,6,10,-4,0,0,0,0,0,0,4,4,0,0,0,0,0,0,0,0,3,3,2,2,1
NA1_5644218477,7,16.18.817.5716,1717,13021,15532,-2511,12598,14268,-1670,209,218,-9,6,12,-6,0,0,0,0,1,-1,4,3,0,0,0,0,0,0,0,0,3,3,2,2,1
NA1_5644218477,8,16.18.817.5716,1717,15193,16725,-1532,14950,15360,-410,249,241,8,7,12,-5,0,0,0,0,1,-1,4,3,0,0,0,0,0,0,0,0,3,3,2,2,1
NA1_5644218477,9,16.18.817.5716,1717,16473,19370,-2897,16167,18316,-2149,270,278,-8,7,16,-9,0,0,0,0,1,-1,4,3,0,0,0,0,0,0,0,0,3,3,2,2,1
NA1_5644218477,10,16.18.817.5716,1717,18840,21021,-2181,18601,20217,-1616,303,299,4,9,17,-8,0,0,0,0,1,-1,4,3,0,0,0,0,0,0,0,0,3,3,2,2,1
NA1_5644218477,11,16.18.817.5716,1717,21090,22904,-1814,21367,22644,-1277,338,332,6,11,19,-8,0,0,0,0,1,-1,4,3,0,0,0,0,0,0,0,0,3,3,2,2,1
NA1_5644218477,12,16.18.817.5716,1717,22378,26219,-3841,23239,26844,-3605,366,373,-7,11,23,-12,0,0,0,0,1,-1,4,3,0,0,0,0,0,0,0,0,3,3,2,2,1
NA1_5644218477,13,16.18.817.5716,1717,23936,28588,-4652,25257,28324,-3067,382,387,-5,12,24,-12,0,1,-1,0,2,-2,4,2,0,0,0,0,0,0,0,0,3,3,2,2,1
NA1_5644218477,14,16.18.817.5716,1717,26193,30237,-4044,28067,30710,-2643,410,425,-15,13,25,-12,0,1,-1,0,2,-2,4,2,0,0,0,0,0,0,0,0,3,3,2,2,1
NA1_5644218477,15,16.18.817.5716,1717,28070,32611,-4541,31027,34193,-3166,447,468,-21,14,26,-12,0,2,-2,0,2,-2,4,2,0,0,0,0,0,0,0,0,3,3,2,2,1
NA1_5644218477,16,16.18.817.5716,1717,29913,35845,-5932,33709,38030,-4321,479,502,-23,15,30,-15,0,2,-2,0,2,-2,4,2,0,0,0,0,0,0,0,0,3,3,2,2,1
NA1_5644218477,17,16.18.817.5716,1717,33439,38856,-5417,36768,40466,-3698,489,540,-51,18,31,-13,0,3,-3,0,2,-2,4,2,0,0,0,0,0,0,0,0,3,3,2,2,1
NA1_5644218477,18,16.18.817.5716,1717,36032,40994,-4962,38687,42594,-3907,517,555,-38,18,33,-15,1,4,-3,1,2,-1,3,2,0,0,0,0,0,0,0,0,3,3,2,2,1
NA1_5644218477,19,16.18.817.5716,1717,39023,42894,-3871,42616,44770,-2154,563,584,-21,20,34,-14,2,5,-3,1,2,-1,3,2,0,0,0,0,0,0,0,0,3,3,2,2,1
NA1_5644218477,20,16.18.817.5716,1717,41952,46085,-4133,46220,47747,-1527,598,606,-8,22,37,-15,2,6,-4,1,2,-1,3,2,0,0,0,0,1,0,0,0,3,3,2,2,1
NA1_5644218477,21,16.18.817.5716,1717,44691,47371,-2680,49253,48619,634,624,606,18,25,38,-13,2,6,-4,1,2,-1,3,2,0,0,0,0,1,0,0,0,3,3,2,2,1
NA1_5644218477,22,16.18.817.5716,1717,47814,49491,-1677,56384,51777,4607,683,639,44,26,39,-13,2,6,-4,1,2,-1,3,2,0,0,0,0,1,0,1,0,3,3,2,2,1
NA1_5644218477,23,16.18.817.5716,1717,52623,50815,1808,61504,52909,8595,714,655,59,31,39,-8,4,6,-2,1,2,-1,3,2,0,0,0,0,1,0,1,0,3,3,2,2,1
NA1_5644218477,24,16.18.817.5716,1717,54441,52316,2125,63760,54874,8886,752,690,62,31,39,-8,4,6,-2,2,2,0,2,2,0,0,0,0,1,0,1,0,3,3,2,2,1
NA1_5644218477,25,16.18.817.5716,1717,60071,54163,5908,69245,57503,11742,792,703,89,36,41,-5,7,6,1,2,2,0,2,2,0,0,0,0,1,0,1,0,3,2,2,1,1
NA1_5644218477,26,16.18.817.5716,1717,63102,58927,4175,72288,62206,10082,801,718,83,40,45,-5,7,6,1,2,2,0,2,2,0,0,0,0,1,0,1,0,3,2,2,0,1
NA1_5644218477,27,16.18.817.5716,1717,64771,61067,3704,74200,65369,8831,831,749,82,41,46,-5,7,6,1,2,2,0,2,2,0,0,0,0,1,0,1,0,3,2,2,0,1
NA1_5644218477,28,16.18.817.5716,1717,66635,62264,4371,76464,66248,10216,851,767,84,43,46,-3,7,6,1,2,2,0,2,2,0,0,0,0,1,0,1,0,3,2,2,1,1
NA1_5644218477,29,16.18.817.5716,1717,69859,63740,6119,82394,68559,13835,859,767,92,46,48,-2,7,6,1,2,2,0,2,2,0,0,0,0,1,0,2,0,3,2,2,0,1
NA1_5642131612,0,16.18.817.5716,1948,2500,2500,0,0,0,0,0,0,0,0,0,0,0,0,0,0,0,0,4,4,0,0,0,0,0,0,0,0,3,3,2,2,1
NA1_5642131612,1,16.18.817.5716,1948,2520,2505,15,62,0,62,1,0,1,0,0,0,0,0,0,0,0,0,4,4,0,0,0,0,0,0,0,0,3,3,2,2,1
NA1_5642131612,2,16.18.817.5716,1948,4438,4081,357,2514,2102,412,39,28,11,1,1,0,0,0,0,0,0,0,4,4,0,0,0,0,0,0,0,0,3,3,2,2,1
NA1_5642131612,3,16.18.817.5716,1948,7229,6282,947,5115,3928,1187,81,54,27,4,3,1,0,0,0,0,0,0,4,4,0,0,0,0,0,0,0,0,3,3,2,2,1
NA1_5642131612,4,16.18.817.5716,1948,8836,7615,1221,7192,5955,1237,123,86,37,4,3,1,0,0,0,0,0,0,4,4,0,0,0,0,0,0,0,0,3,3,2,2,1
NA1_5642131612,5,16.18.817.5716,1948,11784,9689,2095,10017,7968,2049,168,112,56,7,5,2,0,0,0,0,0,0,4,4,0,0,0,0,0,0,0,0,3,3,2,2,1
NA1_5642131612,6,16.18.817.5716,1948,14102,10872,3230,11991,9437,2554,195,135,60,9,5,4,0,0,0,0,0,0,4,4,0,0,0,0,0,0,0,0,3,3,2,2,1
NA1_5642131612,7,16.18.817.5716,1948,15563,12183,3380,14246,11811,2435,233,166,67,9,5,4,0,0,0,0,1,-1,4,3,0,0,0,0,0,0,0,0,3,3,2,2,1
NA1_5642131612,8,16.18.817.5716,1948,18855,13007,5848,16509,12493,4016,262,177,85,13,5,8,0,0,0,0,1,-1,4,3,0,0,0,0,0,0,0,0,3,3,2,2,1
NA1_5642131612,9,16.18.817.5716,1948,20463,14608,5855,18437,14611,3826,289,214,75,13,5,8,0,0,0,0,1,-1,4,3,0,0,0,0,0,0,0,0,3,3,2,2,1
NA1_5642131612,10,16.18.817.5716,1948,22346,16079,6267,21495,17125,4370,336,252,84,14,5,9,0,0,0,0,1,-1,4,3,0,0,0,0,0,0,0,0,3,3,2,2,1
NA1_5642131612,11,16.18.817.5716,1948,24668,18007,6661,24127,18793,5334,377,280,97,16,6,10,0,0,0,0,1,-1,4,3,0,0,0,0,0,0,0,0,3,3,2,2,1
NA1_5642131612,12,16.18.817.5716,1948,26567,19891,6676,26816,21096,5720,412,303,109,16,7,9,0,0,0,0,1,-1,4,3,0,0,0,0,0,0,0,0,3,3,2,2,1
NA1_5642131612,13,16.18.817.5716,1948,29888,21126,8762,29706,23030,6676,450,329,121,18,7,11,1,0,1,0,1,-1,4,3,0,0,0,0,0,0,0,0,3,3,2,2,1
NA1_5642131612,14,16.18.817.5716,1948,31281,24763,6518,31457,26733,4724,470,364,106,18,9,9,1,0,1,0,2,-2,4,2,0,0,0,0,0,0,0,0,3,3,2,2,1
NA1_5642131612,15,16.18.817.5716,1948,33941,26157,7784,35535,28929,6606,532,398,134,19,9,10,2,0,2,0,2,-2,4,2,0,0,0,0,0,0,0,0,3,3,2,2,1
NA1_5642131612,16,16.18.817.5716,1948,35735,28721,7014,38005,32488,5517,564,437,127,20,10,10,2,0,2,0,2,-2,4,2,0,0,0,0,0,0,0,0,3,3,2,2,1
NA1_5642131612,17,16.18.817.5716,1948,37208,31605,5603,40268,34952,5316,604,472,132,20,11,9,2,1,1,0,2,-2,4,2,0,0,0,0,1,0,0,0,3,3,2,2,1
NA1_5642131612,18,16.18.817.5716,1948,38946,33294,5652,43001,37048,5953,652,515,137,20,11,9,2,1,1,0,2,-2,4,2,0,0,0,0,1,0,0,0,3,3,2,2,1
NA1_5642131612,19,16.18.817.5716,1948,41607,34584,7023,46243,38964,7279,687,544,143,22,11,11,2,1,1,1,2,-1,3,2,0,0,0,0,1,0,0,0,3,3,2,2,1
NA1_5642131612,20,16.18.817.5716,1948,43936,39528,4408,48153,44413,3740,696,572,124,24,16,8,2,1,1,1,2,-1,3,2,0,0,0,0,1,0,0,0,3,3,2,2,1
NA1_5642131612,21,16.18.817.5716,1948,46487,41673,4814,52348,46918,5430,750,616,134,25,16,9,2,2,0,1,2,-1,3,2,0,0,0,0,1,0,0,0,3,3,2,2,1
NA1_5642131612,22,16.18.817.5716,1948,48962,43895,5067,54171,49810,4361,763,636,127,27,18,9,3,2,1,1,2,-1,3,2,0,0,0,0,1,0,0,0,3,3,2,2,1
NA1_5642131612,23,16.18.817.5716,1948,51828,47259,4569,58445,52833,5612,784,647,137,30,21,9,3,2,1,1,2,-1,3,2,0,0,0,0,1,0,0,0,3,3,2,2,1
NA1_5642131612,24,16.18.817.5716,1948,53497,49580,3917,62356,56772,5584,796,676,120,30,23,7,3,2,1,1,3,-2,3,1,0,0,0,0,1,0,1,0,3,3,2,2,1
NA1_5642131612,25,16.18.817.5716,1948,57699,51491,6208,67000,58074,8926,810,684,126,35,24,11,3,3,0,1,3,-2,3,1,0,0,0,0,1,0,1,0,3,3,2,2,1
NA1_5642131612,26,16.18.817.5716,1948,59928,53119,6809,70676,60495,10181,877,727,150,35,24,11,3,3,0,1,3,-2,3,1,0,0,0,0,1,0,1,0,3,3,2,2,1
NA1_5642131612,27,16.18.817.5716,1948,65887,54753,11134,75436,62206,13230,903,736,167,40,25,15,5,3,2,1,3,-2,3,1,0,0,0,0,1,0,1,0,3,3,2,2,1
NA1_5642131612,28,16.18.817.5716,1948,68590,56990,11600,77219,65898,11321,928,777,151,41,26,15,8,3,5,1,3,-2,3,1,0,0,0,0,1,0,1,0,3,3,2,2,1
NA1_5642131612,29,16.18.817.5716,1948,70130,59165,10965,79474,69728,9746,959,828,131,41,26,15,8,3,5,2,3,-1,2,1,0,0,0,0,1,0,1,0,3,3,2,2,1
NA1_5642131612,30,16.18.817.5716,1948,73788,61534,12254,85621,72432,13189,981,854,127,44,27,17,8,3,5,2,3,-1,2,1,0,0,0,0,1,0,2,0,3,3,2,2,1
NA1_5642131612,31,16.18.817.5716,1948,75914,63000,12914,87912,73669,14243,1006,871,135,45,27,18,8,4,4,2,3,-1,2,1,0,0,0,0,1,0,2,0,3,2,2,2,1
NA1_5642131612,32,16.18.817.5716,1948,78941,64259,14682,91653,75866,15787,1034,889,145,48,27,21,8,4,4,2,3,-1,2,1,0,0,0,0,1,0,2,0,3,2,2,2,1
NA1_5642131612,32,16.18.817.5716,1948,82152,64692,17460,94811,76136,18675,1054,894,160,50,27,23,9,4,5,2,3,-1,2,1,0,0,0,0,1,0,2,0,3,0,2,0,1
NA1_5640914076,0,16.18.817.5716,1516,2500,2500,0,0,0,0,0,0,0,0,0,0,0,0,0,0,0,0,4,4,0,0,0,0,0,0,0,0,3,3,2,2,1
NA1_5640914076,1,16.18.817.5716,1516,2500,2500,0,0,0,0,0,0,0,0,0,0,0,0,0,0,0,0,4,4,0,0,0,0,0,0,0,0,3,3,2,2,1
NA1_5640914076,2,16.18.817.5716,1516,4467,3651,816,2243,1916,327,29,28,1,2,0,2,0,0,0,0,0,0,4,4,0,0,0,0,0,0,0,0,3,3,2,2,1
NA1_5640914076,3,16.18.817.5716,1516,6319,5021,1298,4405,4042,363,62,63,-1,3,0,3,0,0,0,0,0,0,4,4,0,0,0,0,0,0,0,0,3,3,2,2,1
NA1_5640914076,4,16.18.817.5716,1516,8156,7523,633,6262,5857,405,90,86,4,5,3,2,0,0,0,0,0,0,4,4,0,0,0,0,0,0,0,0,3,3,2,2,1
NA1_5640914076,5,16.18.817.5716,1516,9867,8975,892,8483,8077,406,122,129,-7,6,3,3,0,0,0,0,0,0,4,4,0,0,0,0,0,0,0,0,3,3,2,2,1
NA1_5640914076,6,16.18.817.5716,1516,11732,10516,1216,10928,10117,811,156,163,-7,7,3,4,0,0,0,0,0,0,4,4,0,0,0,0,0,0,0,0,3,3,2,2,1
NA1_5640914076,7,16.18.817.5716,1516,13203,12411,792,12778,12787,-9,188,209,-21,7,4,3,0,0,0,0,0,0,4,4,0,0,0,0,0,0,0,0,3,3,2,2,1
NA1_5640914076,8,16.18.817.5716,1516,15241,14065,1176,14423,14033,390,209,230,-21,9,5,4,0,0,0,0,0,0,4,4,0,0,0,0,0,0,0,0,3,3,2,2,1
NA1_5640914076,9,16.18.817.5716,1516,16753,16579,174,16611,16756,-145,250,274,-24,9,7,2,0,0,0,0,0,0,4,4,0,0,0,0,0,0,0,0,3,3,2,2,1
NA1_5640914076,10,16.18.817.5716,1516,18341,18464,-123,18617,19416,-799,285,326,-41,9,7,2,0,0,0,0,0,0,4,4,0,0,0,0,0,0,0,0,3,3,2,2,1
NA1_5640914076,11,16.18.817.5716,1516,20213,19853,360,21268,21164,104,325,356,-31,10,8,2,0,0,0,1,0,1,3,4,0,0,0,0,0,0,0,0,3,3,2,2,1
NA1_5640914076,12,16.18.817.5716,1516,23727,21105,2622,24822,22551,2271,361,382,-21,14,8,6,0,0,0,1,0,1,3,4,0,0,0,0,0,0,0,0,3,3,2,2,1
NA1_5640914076,13,16.18.817.5716,1516,25693,22728,2965,27552,25797,1755,405,423,-18,14,8,6,0,0,0,1,0,1,3,4,0,0,0,0,0,0,0,0,3,3,2,2,1
NA1_5640914076,14,16.18.817.5716,1516,27956,24354,3602,29995,28233,1762,437,453,-16,16,9,7,0,0,0,1,0,1,3,4,0,0,0,0,0,0,0,0,3,3,2,2,1
NA1_5640914076,15,16.18.817.5716,1516,30268,26715,3553,31982,31572,410,467,492,-25,16,10,6,1,0,1,1,0,1,3,4,0,0,0,0,0,0,0,0,3,3,2,2,1
NA1_5640914076,16,16.18.817.5716,1516,32889,29800,3089,34269,33523,746,487,514,-27,19,11,8,1,2,-1,1,0,1,3,4,0,0,0,0,0,0,0,0,3,3,2,2,1
NA1_5640914076,17,16.18.817.5716,1516,36788,31325,5463,37693,34764,2929,538,531,7,20,11,9,3,2,1,1,0,1,3,4,0,0,0,0,0,0,0,0,3,3,2,2,1
NA1_5640914076,18,16.18.817.5716,1516,39206,33123,6083,40280,37900,2380,566,575,-9,21,11,10,4,2,2,2,0,2,2,4,0,0,0,0,0,0,0,0,3,3,2,2,1
NA1_5640914076,19,16.18.817.5716,1516,41750,35553,6197,44079,41416,2663,599,611,-12,23,13,10,4,2,2,2,0,2,2,4,0,0,0,0,0,0,0,0,3,3,2,2,1
NA1_5640914076,20,16.18.817.5716,1516,44014,37041,6973,47496,43961,3535,661,647,14,23,13,10,4,2,2,2,0,2,2,4,0,0,0,0,1,0,0,0,3,3,2,2,1
NA1_5640914076,21,16.18.817.5716,1516,45408,39789,5619,49061,47069,1992,683,693,-10,24,13,11,4,4,0,2,0,2,2,4,0,0,0,0,1,0,0,0,3,3,2,2,1
NA1_5640914076,22,16.18.817.5716,1516,48813,41213,7600,55349,48949,6400,725,720,5,25,13,12,5,4,1,2,0,2,2,4,0,0,0,0,1,0,1,0,3,3,2,2,1
NA1_5640914076,23,16.18.817.5716,1516,52018,43196,8822,57546,51268,6278,751,757,-6,26,13,13,7,5,2,3,0,3,1,4,0,0,0,0,1,0,1,0,3,2,2,2,1
NA1_5640914076,24,16.18.817.5716,1516,53663,44574,9089,60083,53735,6348,791,788,3,26,13,13,7,5,2,3,0,3,1,4,0,0,0,0,1,0,1,0,3,2,2,2,1
NA1_5640914076,25,16.18.817.5716,1516,58032,47485,10547,64610,56696,7914,806,800,6,31,15,16,8,5,3,3,0,3,1,4,0,0,0,0,1,0,1,0,3,2,2,2,1
NA1_5640914076,25,16.18.817.5716,1516,58861,47657,11204,65374,56696,8678,812,800,12,31,15,16,8,5,3,3,0,3,1,4,0,0,0,0,1,0,1,0,3,2,2,0,1
NA1_5639427402,0,16.18.816.5012,1538,2500,2500,0,0,0,0,0,0,0,0,0,0,0,0,0,0,0,0,4,4,0,0,0,0,0,0,0,0,3,3,2,2,1
NA1_5639427402,1,16.18.816.5012,1538,2505,2505,0,0,0,0,0,0,0,0,0,0,0,0,0,0,0,0,4,4,0,0,0,0,0,0,0,0,3,3,2,2,1
NA1_5639427402,2,16.18.816.5012,1538,4019,3907,112,2721,2427,294,51,43,8,0,0,0,0,0,0,0,0,0,4,4,0,0,0,0,0,0,0,0,3,3,2,2,1
NA1_5639427402,3,16.18.816.5012,1538,5344,5835,-491,4908,5090,-182,82,85,-3,0,1,-1,0,0,0,0,0,0,4,4,0,0,0,0,0,0,0,0,3,3,2,2,1
NA1_5639427402,4,16.18.816.5012,1538,7306,7691,-385,7339,7321,18,127,121,6,1,2,-1,0,0,0,0,0,0,4,4,0,0,0,0,0,0,0,0,3,3,2,2,1
NA1_5639427402,5,16.18.816.5012,1538,8753,9623,-870,9518,10038,-520,165,166,-1,1,3,-2,0,0,0,0,0,0,4,4,0,0,0,0,0,0,0,0,3,3,2,2,1
NA1_5639427402,6,16.18.816.5012,1538,11472,11461,11,11322,11818,-496,192,185,7,4,4,0,0,0,0,0,0,0,4,4,0,0,0,0,0,0,0,0,3,3,2,2,1
NA1_5639427402,7,16.18.816.5012,1538,12840,13393,-553,13051,14367,-1316,218,232,-14,4,5,-1,0,0,0,0,0,0,4,4,0,0,0,0,0,0,0,0,3,3,2,2,1
NA1_5639427402,8,16.18.816.5012,1538,14173,15116,-943,15392,17224,-1832,253,278,-25,4,6,-2,0,0,0,0,0,0,4,4,0,0,0,0,0,0,0,0,3,3,2,2,1
NA1_5639427402,9,16.18.816.5012,1538,15965,17532,-1567,17541,19952,-2411,288,320,-32,5,8,-3,0,0,0,0,0,0,4,4,0,0,0,0,0,0,0,0,3,3,2,2,1
NA1_5639427402,10,16.18.816.5012,1538,18715,19101,-386,20370,22523,-2153,321,361,-40,7,8,-1,0,0,0,0,1,-1,4,3,0,0,0,0,0,0,0,0,3,3,2,2,1
NA1_5639427402,11,16.18.816.5012,1538,20921,20590,331,22629,23775,-1146,351,379,-28,8,9,-1,0,0,0,0,1,-1,4,3,0,0,0,0,0,0,0,0,3,3,2,2,1
NA1_5639427402,12,16.18.816.5012,1538,23124,22589,535,25617,26079,-462,385,407,-22,9,11,-2,0,0,0,0,1,-1,4,3,0,0,0,0,0,0,0,0,3,3,2,2,1
NA1_5639427402,13,16.18.816.5012,1538,26959,25441,1518,28238,29604,-1366,418,434,-16,11,14,-3,1,0,1,0,1,-1,4,3,0,0,0,0,0,0,0,0,3,3,2,2,1
NA1_5639427402,14,16.18.816.5012,1538,28312,27165,1147,30078,31757,-1679,452,470,-18,11,14,-3,1,0,1,0,1,-1,4,3,0,0,0,0,0,0,0,0,3,3,2,2,1
NA1_5639427402,15,16.18.816.5012,1538,30497,28926,1571,33136,34650,-1514,501,515,-14,11,14,-3,1,0,1,0,1,-1,4,3,0,0,0,0,0,0,0,0,3,3,2,2,1
NA1_5639427402,16,16.18.816.5012,1538,32064,31629,435,35917,37817,-1900,539,551,-12,11,16,-5,1,0,1,1,1,0,3,3,0,0,0,0,0,0,0,0,3,3,2,2,1
NA1_5639427402,17,16.18.816.5012,1538,35857,35001,856,39132,41707,-2575,548,583,-35,15,19,-4,2,1,1,1,1,0,3,3,0,0,0,0,0,1,0,0,3,3,2,2,1
NA1_5639427402,18,16.18.816.5012,1538,39179,36777,2402,42935,43432,-497,590,608,-18,17,20,-3,3,1,2,1,1,0,3,3,0,0,0,0,0,1,0,0,3,3,2,2,1
NA1_5639427402,19,16.18.816.5012,1538,42619,39165,3454,46719,44857,1862,611,622,-11,21,21,0,3,2,1,1,1,0,3,3,0,0,0,0,0,1,0,0,3,3,2,2,1
NA1_5639427402,20,16.18.816.5012,1538,46428,40405,6023,51041,46518,4523,644,648,-4,24,21,3,4,2,2,1,1,0,3,3,0,0,0,0,0,1,0,0,3,3,2,2,1
NA1_5639427402,21,16.18.816.5012,1538,48286,41961,6325,53272,48723,4549,684,684,0,24,21,3,4,2,2,2,1,1,2,3,0,0,0,0,0,1,0,0,3,3,2,2,1
NA1_5639427402,22,16.18.816.5012,1538,51286,44748,6538,56520,52367,4153,713,730,-17,26,22,4,5,2,3,2,1,1,2,3,0,0,0,0,0,1,0,0,3,3,2,2,1
NA1_5639427402,23,16.18.816.5012,1538,55012,46241,8771,62630,54086,8544,725,738,-13,29,23,6,6,2,4,2,1,1,2,3,0,0,0,0,0,1,1,0,3,3,2,2,1
NA1_5639427402,24,16.18.816.5012,1538,58211,47636,10575,64669,55476,9193,745,762,-17,31,23,8,7,2,5,2,1,1,2,3,0,0,0,0,0,1,1,0,3,2,2,2,1
NA1_5639427402,25,16.18.816.5012,1538,61432,48926,12506,69721,57367,12354,805,791,14,33,23,10,7,2,5,2,1,1,2,3,0,0,0,0,0,1,1,0,3,2,2,2,1
NA1_5639427402,26,16.18.816.5012,1538,65377,49357,16020,73770,57670,16100,823,791,32,37,23,14,9,2,7,2,1,1,2,3,0,0,0,0,0,1,1,0,3,1,2,0,1
NA1_5644325067,0,16.18.817.5716,1129,2500,2500,0,0,0,0,0,0,0,0,0,0,0,0,0,0,0,0,4,4,0,0,0,0,0,0,0,0,3,3,2,2,0
NA1_5644325067,1,16.18.817.5716,1129,2510,2505,5,0,0,0,0,0,0,0,0,0,0,0,0,0,0,0,4,4,0,0,0,0,0,0,0,0,3,3,2,2,0
NA1_5644325067,2,16.18.817.5716,1129,3746,3842,-96,2494,2398,96,32,39,-7,0,0,0,0,0,0,0,0,0,4,4,0,0,0,0,0,0,0,0,3,3,2,2,0
NA1_5644325067,3,16.18.817.5716,1129,5521,5901,-380,4388,5148,-760,67,89,-22,1,1,0,0,0,0,0,0,0,4,4,0,0,0,0,0,0,0,0,3,3,2,2,0
NA1_5644325067,4,16.18.817.5716,1129,6855,7206,-351,6330,6862,-532,99,123,-24,1,1,0,0,0,0,0,0,0,4,4,0,0,0,0,0,0,0,0,3,3,2,2,0
NA1_5644325067,5,16.18.817.5716,1129,8526,9717,-1191,8320,9296,-976,126,159,-33,2,4,-2,0,0,0,0,0,0,4,4,0,0,0,0,0,0,0,0,3,3,2,2,0
NA1_5644325067,6,16.18.817.5716,1129,10144,11160,-1016,10888,11550,-662,161,198,-37,3,4,-1,0,0,0,1,0,1,3,4,0,0,0,0,0,0,0,0,3,3,2,2,0
NA1_5644325067,7,16.18.817.5716,1129,11464,14158,-2694,12893,14280,-1387,193,243,-50,3,7,-4,0,0,0,1,0,1,3,4,0,0,0,0,0,0,0,0,3,3,2,2,0
NA1_5644325067,8,16.18.817.5716,1129,13113,15710,-2597,15143,16105,-962,231,272,-41,3,8,-5,0,0,0,1,0,1,3,4,0,0,0,0,0,0,0,0,3,3,2,2,0
NA1_5644325067,9,16.18.817.5716,1129,15073,17550,-2477,17275,18685,-1410,266,316,-50,4,9,-5,0,0,0,1,0,1,3,4,0,0,0,0,0,0,0,0,3,3,2,2,0
NA1_5644325067,10,16.18.817.5716,1129,16495,20001,-3506,19256,20903,-1647,303,350,-47,4,11,-7,0,0,0,1,0,1,3,4,0,0,0,0,0,0,0,0,3,3,2,2,0
NA1_5644325067,11,16.18.817.5716,1129,18295,22196,-3901,21265,23546,-2281,337,394,-57,5,13,-8,0,0,0,1,0,1,3,4,0,0,0,0,0,0,0,0,3,3,2,2,0
NA1_5644325067,12,16.18.817.5716,1129,20013,25774,-5761,23776,26899,-3123,371,440,-69,5,15,-10,0,1,-1,1,1,0,3,3,0,0,0,0,0,0,0,0,3,3,2,2,0
NA1_5644325067,13,16.18.817.5716,1129,21633,28179,-6546,25331,29431,-4100,400,468,-68,5,17,-12,0,2,-2,1,1,0,3,3,0,0,0,0,0,0,0,0,3,3,2,2,0
NA1_5644325067,14,16.18.817.5716,1129,22814,31330,-8516,26854,33346,-6492,428,524,-96,5,20,-15,0,2,-2,1,1,0,3,3,0,0,0,0,0,0,0,0,3,3,2,2,0
NA1_5644325067,15,16.18.817.5716,1129,24126,34069,-9943,28742,36436,-7694,458,563,-105,5,22,-17,0,2,-2,1,1,0,3,3,0,0,0,0,0,0,0,0,3,3,2,2,0
NA1_5644325067,16,16.18.817.5716,1129,25375,37257,-11882,30950,40291,-9341,484,612,-128,5,24,-19,0,4,-4,1,1,0,3,3,0,0,0,0,0,1,0,0,3,3,2,2,0
NA1_5644325067,17,16.18.817.5716,1129,27247,39659,-12412,33775,41379,-7604,505,631,-126,6,24,-18,0,5,-5,1,1,0,3,3,0,0,0,0,0,1,0,0,3,3,2,2,0
NA1_5644325067,18,16.18.817.5716,1129,28596,42575,-13979,35679,44686,-9007,534,668,-134,6,27,-21,0,5,-5,1,2,-1,3,2,0,0,0,0,0,1,0,0,3,3,2,2,0
NA1_5644325067,19,16.18.817.5716,1129,29395,45372,-15977,36520,47810,-11290,547,701,-154,6,29,-23,0,7,-7,1,2,-1,3,2,0,0,0,0,0,1,0,0,3,3,2,2,0
NA1_5639583684,0,16.18.816.5012,919,2500,2500,0,0,0,0,0,0,0,0,0,0,0,0,0,0,0,0,4,4,0,0,0,0,0,0,0,0,3,3,2,2,0
NA1_5639583684,1,16.18.816.5012,919,2525,2500,25,102,0,102,1,0,1,0,0,0,0,0,0,0,0,0,4,4,0,0,0,0,0,0,0,0,3,3,2,2,0
NA1_5639583684,2,16.18.816.5012,919,3778,3925,-147,2283,2658,-375,33,43,-10,0,0,0,0,0,0,0,0,0,4,4,0,0,0,0,0,0,0,0,3,3,2,2,0
NA1_5639583684,3,16.18.816.5012,919,5038,6637,-1599,4469,5032,-563,65,75,-10,0,3,-3,0,0,0,0,0,0,4,4,0,0,0,0,0,0,0,0,3,3,2,2,0
NA1_5639583684,4,16.18.816.5012,919,6392,8620,-2228,6494,7123,-629,102,114,-12,0,4,-4,0,0,0,0,0,0,4,4,0,0,0,0,0,0,0,0,3,3,2,2,0
NA1_5639583684,5,16.18.816.5012,919,7479,10429,-2950,7964,9587,-1623,123,154,-31,0,5,-5,0,0,0,0,0,0,4,4,0,0,0,0,0,0,0,0,3,3,2,2,0
NA1_5639583684,6,16.18.816.5012,919,8889,11675,-2786,10415,11434,-1019,163,187,-24,0,5,-5,0,0,0,0,1,-1,4,3,0,0,0,0,0,0,0,0,3,3,2,2,0
NA1_5639583684,7,16.18.816.5012,919,11224,13874,-2650,12645,13815,-1170,195,219,-24,2,8,-6,0,0,0,0,1,-1,4,3,0,0,0,0,0,0,0,0,3,3,2,2,0
NA1_5639583684,8,16.18.816.5012,919,12401,15543,-3142,14169,16264,-2095,224,256,-32,2,9,-7,0,0,0,0,1,-1,4,3,0,0,0,0,0,0,0,0,3,3,2,2,0
NA1_5639583684,9,16.18.816.5012,919,14077,17921,-3844,16736,19356,-2620,249,295,-46,3,11,-8,0,0,0,0,1,-1,4,3,0,0,0,0,0,0,0,0,3,3,2,2,0
NA1_5639583684,10,16.18.816.5012,919,15115,20854,-5739,18126,22795,-4669,269,339,-70,3,15,-12,0,0,0,0,1,-1,4,3,0,0,0,0,0,0,0,0,3,3,2,2,0
NA1_5639583684,11,16.18.816.5012,919,17821,22504,-4683,20833,25166,-4333,294,371,-77,5,16,-11,0,0,0,0,1,-1,4,3,0,0,0,0,0,0,0,0,3,3,2,2,0
NA1_5639583684,12,16.18.816.5012,919,19179,24999,-5820,22990,29169,-6179,327,416,-89,5,18,-13,0,0,0,0,2,-2,4,2,0,0,0,0,0,0,0,0,3,3,2,2,0
NA1_5639583684,13,16.18.816.5012,919,21240,28821,-7581,26091,32917,-6826,351,455,-104,7,22,-15,0,1,-1,0,2,-2,4,2,0,0,0,0,0,0,0,0,3,3,2,2,0
NA1_5639583684,14,16.18.816.5012,919,22741,31360,-8619,27910,35976,-8066,374,494,-120,7,25,-18,0,1,-1,0,2,-2,4,2,0,0,0,0,0,0,0,0,3,3,2,2,0
NA1_5639583684,15,16.18.816.5012,919,23734,35481,-11747,29101,40754,-11653,388,558,-170,7,28,-21,0,2,-2,0,2,-2,4,2,0,0,0,0,0,0,0,0,3,3,2,2,0
NA1_5639583684,15,16.18.816.5012,919,24078,36329,-12251,29455,42601,-13146,396,570,-174,7,30,-23,0,2,-2,0,2,-2,4,2,0,0,0,0,0,0,0,0,3,3,2,2,0
NA1_5643958297,0,16.18.817.5716,1642,2500,2500,0,0,0,0,0,0,0,0,0,0,0,0,0,0,0,0,4,4,0,0,0,0,0,0,0,0,3,3,2,2,1
NA1_5643958297,1,16.18.817.5716,1642,2505,2525,-20,0,62,-62,0,1,-1,0,0,0,0,0,0,0,0,0,4,4,0,0,0,0,0,0,0,0,3,3,2,2,1
NA1_5643958297,2,16.18.817.5716,1642,3897,3902,-5,2602,2365,237,42,40,2,0,0,0,0,0,0,0,0,0,4,4,0,0,0,0,0,0,0,0,3,3,2,2,1
NA1_5643958297,3,16.18.817.5716,1642,5383,5556,-173,4980,5115,-135,78,90,-12,0,0,0,0,0,0,0,0,0,4,4,0,0,0,0,0,0,0,0,3,3,2,2,1
NA1_5643958297,4,16.18.817.5716,1642,7023,8385,-1362,6726,7132,-406,103,122,-19,1,3,-2,0,0,0,0,0,0,4,4,0,0,0,0,0,0,0,0,3,3,2,2,1
NA1_5643958297,5,16.18.817.5716,1642,8368,9724,-1356,8774,9100,-326,143,155,-12,1,3,-2,0,0,0,0,0,0,4,4,0,0,0,0,0,0,0,0,3,3,2,2,1
NA1_5643958297,6,16.18.817.5716,1642,10551,11191,-640,11355,10909,446,184,187,-3,2,3,-1,0,0,0,0,0,0,4,4,0,0,0,0,0,0,0,0,3,3,2,2,1
NA1_5643958297,7,16.18.817.5716,1642,11997,12832,-835,13707,13408,299,224,227,-3,2,3,-1,0,0,0,0,0,0,4,4,0,0,0,0,0,0,0,0,3,3,2,2,1
NA1_5643958297,8,16.18.817.5716,1642,14740,14681,59,15576,14924,652,245,245,0,5,5,0,0,0,0,1,0,1,3,4,0,0,0,0,0,0,0,0,3,3,2,2,1
NA1_5643958297,9,16.18.817.5716,1642,16693,16061,632,18507,16954,1553,290,278,12,6,5,1,0,0,0,1,0,1,3,4,0,0,0,0,0,0,0,0,3,3,2,2,1
NA1_5643958297,10,16.18.817.5716,1642,18254,18611,-357,20703,19647,1056,319,311,8,7,7,0,0,0,0,1,0,1,3,4,0,0,0,0,0,0,0,0,3,3,2,2,1
NA1_5643958297,11,16.18.817.5716,1642,19629,20506,-877,22668,21745,923,358,347,11,7,8,-1,0,0,0,1,0,1,3,4,0,0,0,0,0,0,0,0,3,3,2,2,1
NA1_5643958297,12,16.18.817.5716,1642,21874,22144,-270,25979,24034,1945,398,390,8,8,8,0,0,0,0,1,0,1,3,4,0,0,0,0,0,0,0,0,3,3,2,2,1
NA1_5643958297,13,16.18.817.5716,1642,23544,24538,-994,28075,26941,1134,433,422,11,8,10,-2,0,0,0,1,0,1,3,4,0,0,0,0,0,0,0,0,3,3,2,2,1
NA1_5643958297,14,16.18.817.5716,1642,25787,25785,2,30142,28668,1474,460,450,10,9,10,-1,0,0,0,2,0,2,2,4,0,0,0,0,0,0,0,0,3,3,2,2,1
NA1_5643958297,15,16.18.817.5716,1642,29132,28072,1060,33334,31473,1861,494,483,11,11,11,0,1,0,1,2,0,2,2,4,0,0,0,0,0,0,0,0,3,3,2,2,1
NA1_5643958297,16,16.18.817.5716,1642,30727,30404,323,35663,34114,1549,519,518,1,12,13,-1,1,0,1,2,0,2,2,4,0,0,0,0,1,0,0,0,3,3,2,2,1
NA1_5643958297,17,16.18.817.5716,1642,32275,32085,190,38287,35901,2386,548,543,5,13,14,-1,1,0,1,2,0,2,2,4,0,0,0,0,1,0,0,0,3,3,2,2,1
NA1_5643958297,18,16.18.817.5716,1642,35798,33732,2066,41366,38714,2652,594,593,1,14,14,0,3,0,3,2,0,2,2,4,0,0,0,0,1,0,0,0,3,3,2,2,1
NA1_5643958297,19,16.18.817.5716,1642,37826,35176,2650,44082,41192,2890,632,628,4,15,14,1,3,0,3,2,0,2,2,4,0,0,0,0,1,0,0,0,3,3,2,2,1
NA1_5643958297,20,16.18.817.5716,1642,39789,36566,3223,46409,42906,3503,668,660,8,15,14,1,3,0,3,3,0,3,1,4,0,0,0,0,1,0,0,0,3,3,2,2,1
NA1_5643958297,21,16.18.817.5716,1642,41114,39509,1605,48320,45749,2571,699,705,-6,15,15,0,3,1,2,3,0,3,1,4,0,0,0,0,1,0,0,0,3,3,2,2,1
NA1_5643958297,22,16.18.817.5716,1642,43598,41104,2494,51438,48216,3222,748,745,3,16,15,1,4,1,3,3,0,3,1,4,0,0,0,0,1,0,0,0,3,3,2,2,1
NA1_5643958297,23,16.18.817.5716,1642,46004,44286,1718,56399,51348,5051,762,775,-13,17,17,0,4,3,1,3,0,3,1,4,0,0,0,0,1,0,1,0,3,3,2,2,1
NA1_5643958297,24,16.18.817.5716,1642,47981,45764,2217,59397,53352,6045,818,809,9,17,17,0,4,3,1,3,0,3,1,4,0,0,0,0,1,0,1,0,3,3,2,2,1
NA1_5643958297,25,16.18.817.5716,1642,50811,47014,3797,62082,54805,7277,829,822,7,20,18,2,5,3,2,3,0,3,1,4,0,0,0,0,1,0,1,0,3,3,2,2,1
NA1_5643958297,26,16.18.817.5716,1642,52857,50284,2573,64649,58844,5805,856,865,-9,21,20,1,5,3,2,4,0,4,0,4,1,0,0,0,1,0,1,0,3,3,2,2,1
NA1_5643958297,27,16.18.817.5716,1642,57103,52182,4921,69127,60657,8470,896,889,7,24,21,3,7,3,4,4,0,4,0,4,1,0,0,0,1,0,1,0,3,3,2,2,1
NA1_5643958297,27,16.18.817.5716,1642,58646,52516,6130,70771,61215,9556,912,892,20,25,21,4,7,3,4,4,0,4,0,4,1,0,0,0,1,0,1,0,3,2,2,2,1
NA1_5644699400,0,16.18.817.5716,636,2500,2500,0,0,0,0,0,0,0,0,0,0,0,0,0,0,0,0,4,4,0,0,0,0,0,0,0,0,3,3,2,2,1
NA1_5644699400,1,16.18.817.5716,636,2500,2520,-20,0,62,-62,0,1,-1,0,0,0,0,0,0,0,0,0,4,4,0,0,0,0,0,0,0,0,3,3,2,2,1
NA1_5644699400,2,16.18.817.5716,636,4806,3672,1134,2423,2225,198,39,30,9,2,0,2,0,0,0,0,0,0,4,4,0,0,0,0,0,0,0,0,3,3,2,2,1
NA1_5644699400,3,16.18.817.5716,636,6514,5483,1031,4709,4719,-10,65,74,-9,4,1,3,0,0,0,0,0,0,4,4,0,0,0,0,0,0,0,0,3,3,2,2,1
NA1_5644699400,4,16.18.817.5716,636,7999,6658,1341,6846,6441,405,104,99,5,4,1,3,0,0,0,0,0,0,4,4,0,0,0,0,0,0,0,0,3,3,2,2,1
NA1_5644699400,5,16.18.817.5716,636,9298,7831,1467,8989,8041,948,140,121,19,4,1,3,0,0,0,0,0,0,4,4,0,0,0,0,0,0,0,0,3,3,2,2,1
NA1_5644699400,6,16.18.817.5716,636,11158,9248,1910,10689,10482,207,171,161,10,5,1,4,0,0,0,0,0,0,4,4,0,0,0,0,0,0,0,0,3,3,2,2,1
NA1_5644699400,7,16.18.817.5716,636,13132,10502,2630,13168,12267,901,213,186,27,6,1,5,0,0,0,0,0,0,4,4,0,0,0,0,0,0,0,0,3,3,2,2,1
NA1_5644699400,8,16.18.817.5716,636,15258,12073,3185,15290,14610,680,239,222,17,9,2,7,0,0,0,1,0,1,3,4,0,0,0,0,0,0,0,0,3,3,2,2,1
NA1_5644699400,9,16.18.817.5716,636,17338,13051,4287,17543,15987,1556,279,240,39,9,2,7,0,0,0,1,0,1,3,4,0,0,0,0,0,0,0,0,3,3,2,2,1
NA1_5644699400,10,16.18.817.5716,636,18558,14700,3858,19090,19301,-211,306,288,18,9,2,7,0,0,0,1,0,1,3,4,0,0,0,0,0,0,0,0,3,3,2,2,1
NA1_5644699400,11,16.18.817.5716,636,20036,15821,4215,20813,20784,29,335,305,30,10,3,7,0,0,0,1,0,1,3,4,0,0,0,0,0,0,0,0,3,3,2,2,1
NA1_5642833406,0,16.18.817.5716,1994,2500,2500,0,0,0,0,0,0,0,0,0,0,0,0,0,0,0,0,4,4,0,0,0,0,0,0,0,0,3,3,2,2,1
NA1_5642833406,1,16.18.817.5716,1994,2505,2505,0,0,0,0,0,0,0,0,0,0,0,0,0,0,0,0,4,4,0,0,0,0,0,0,0,0,3,3,2,2,1
NA1_5642833406,2,16.18.817.5716,1994,3774,3908,-134,2320,2585,-265,35,41,-6,0,0,0,0,0,0,0,0,0,4,4,0,0,0,0,0,0,0,0,3,3,2,2,1
NA1_5642833406,3,16.18.817.5716,1994,5054,5700,-646,4401,5059,-658,67,75,-8,0,1,-1,0,0,0,0,0,0,4,4,0,0,0,0,0,0,0,0,3,3,2,2,1
NA1_5642833406,4,16.18.817.5716,1994,6385,7378,-993,6394,7315,-921,98,114,-16,0,2,-2,0,0,0,0,0,0,4,4,0,0,0,0,0,0,0,0,3,3,2,2,1
NA1_5642833406,5,16.18.817.5716,1994,7648,8926,-1278,8129,9805,-1676,131,160,-29,0,2,-2,0,0,0,0,0,0,4,4,0,0,0,0,0,0,0,0,3,3,2,2,1
NA1_5642833406,6,16.18.817.5716,1994,9334,12132,-2798,10071,12703,-2632,158,204,-46,1,5,-4,0,0,0,0,0,0,4,4,0,0,0,0,0,0,0,0,3,3,2,2,1
NA1_5642833406,7,16.18.817.5716,1994,11423,13259,-1836,12250,14124,-1874,186,225,-39,3,5,-2,0,0,0,0,0,0,4,4,0,0,0,0,0,0,0,0,3,3,2,2,1
NA1_5642833406,8,16.18.817.5716,1994,14501,15148,-647,15579,16713,-1134,231,262,-31,6,6,0,0,0,0,0,0,0,4,4,0,0,0,0,0,0,0,0,3,3,2,2,1
NA1_5642833406,9,16.18.817.5716,1994,17218,17122,96,17098,18264,-1166,242,278,-36,10,8,2,0,0,0,0,1,-1,4,3,0,0,0,0,0,0,0,0,3,3,2,2,1
NA1_5642833406,10,16.18.817.5716,1994,19880,18980,900,19537,20250,-713,276,304,-28,12,9,3,0,0,0,0,1,-1,4,3,0,0,0,0,0,0,0,0,3,3,2,2,1
NA1_5642833406,11,16.18.817.5716,1994,22127,20158,1969,22350,21410,940,318,327,-9,14,9,5,0,0,0,0,1,-1,4,3,0,0,0,0,0,0,0,0,3,3,2,2,1
NA1_5642833406,12,16.18.817.5716,1994,24073,22353,1720,25166,24313,853,360,362,-2,15,10,5,0,0,0,0,1,-1,4,3,0,0,0,0,0,0,0,0,3,3,2,2,1
NA1_5642833406,13,16.18.817.5716,1994,26387,24736,1651,27908,27240,668,386,404,-18,16,11,5,0,0,0,0,1,-1,4,3,0,0,0,0,0,0,0,0,3,3,2,2,1
NA1_5642833406,14,16.18.817.5716,1994,28148,26443,1705,30041,29636,405,414,437,-23,17,12,5,0,0,0,0,1,-1,4,3,0,0,0,0,0,0,0,0,3,3,2,2,1
NA1_5642833406,15,16.18.817.5716,1994,29814,28363,1451,32115,32208,-93,449,471,-22,17,13,4,0,0,0,1,1,0,3,3,0,0,0,0,0,0,0,0,3,3,2,2,1
NA1_5642833406,16,16.18.817.5716,1994,32217,29753,2464,35064,33990,1074,474,499,-25,19,13,6,0,0,0,1,1,0,3,3,0,0,0,0,0,0,0,0,3,3,2,2,1
NA1_5642833406,17,16.18.817.5716,1994,35453,31873,3580,38737,36846,1891,510,539,-29,21,14,7,1,0,1,1,1,0,3,3,0,0,0,0,1,0,0,0,3,3,2,2,1
NA1_5642833406,18,16.18.817.5716,1994,37511,36797,714,40375,40923,-548,535,576,-41,21,17,4,2,2,0,1,1,0,3,3,0,0,0,0,1,0,0,0,3,3,2,2,1
NA1_5642833406,19,16.18.817.5716,1994,40714,38863,1851,43749,44024,-275,557,612,-55,24,18,6,3,2,1,1,1,0,3,3,0,0,0,0,1,0,0,0,3,3,2,2,1
NA1_5642833406,20,16.18.817.5716,1994,42577,40518,2059,46293,46267,26,586,655,-69,25,18,7,3,2,1,2,1,1,2,3,0,0,0,0,1,0,0,0,3,3,2,2,1
NA1_5642833406,21,16.18.817.5716,1994,45059,42170,2889,50097,48344,1753,625,678,-53,27,19,8,3,2,1,2,1,1,2,3,0,0,0,0,1,0,0,0,3,3,2,2,1
NA1_5642833406,22,16.18.817.5716,1994,46398,46675,-277,51227,56450,-5223,645,706,-61,27,23,4,4,2,2,2,1,1,2,3,0,0,0,0,1,0,0,1,3,3,2,2,1
NA1_5642833406,23,16.18.817.5716,1994,48774,48232,542,54711,58818,-4107,697,747,-50,28,23,5,4,2,2,2,1,1,2,3,0,0,0,0,1,0,0,1,3,3,2,2,1
NA1_5642833406,24,16.18.817.5716,1994,51141,50794,347,57700,61861,-4161,713,756,-43,31,26,5,4,2,2,2,1,1,2,3,0,0,0,0,1,0,0,1,3,3,2,2,1
NA1_5642833406,25,16.18.817.5716,1994,53921,51804,2117,61095,62373,-1278,729,771,-42,34,26,8,4,2,2,2,1,1,2,3,0,0,0,0,1,0,0,1,3,3,2,2,1
NA1_5642833406,26,16.18.817.5716,1994,55347,53665,1682,63382,65197,-1815,759,824,-65,34,26,8,4,2,2,3,1,2,1,3,0,0,0,0,1,0,0,1,3,3,2,2,1
NA1_5642833406,27,16.18.817.5716,1994,56844,55170,1674,65461,66828,-1367,794,858,-64,34,26,8,4,2,2,3,1,2,1,3,0,0,0,0,1,0,0,1,3,3,2,2,1
NA1_5642833406,28,16.18.817.5716,1994,59787,57671,2116,69481,68989,492,818,882,-64,37,27,10,4,3,1,3,1,2,1,3,0,0,0,0,1,0,0,1,3,3,2,2,1
NA1_5642833406,29,16.18.817.5716,1994,61824,59062,2762,74273,70066,4207,834,895,-61,37,27,10,4,3,1,3,1,2,1,3,0,0,0,0,1,0,1,1,3,3,2,2,1
NA1_5642833406,30,16.18.817.5716,1994,66843,60410,6433,79863,71303,8560,863,895,-32,42,28,14,6,3,3,3,1,2,1,3,0,0,0,0,1,0,1,1,3,2,2,2,1
NA1_5642833406,31,16.18.817.5716,1994,69458,62462,6996,82379,74181,8198,899,941,-42,42,28,14,7,3,4,4,1,3,0,3,1,0,0,0,1,0,1,1,3,1,2,2,1
NA1_5642833406,32,16.18.817.5716,1994,72609,65845,6764,84641,77371,7270,912,977,-65,44,29,15,9,4,5,4,1,3,0,3,1,0,0,0,1,0,1,1,3,0,2,2,1
NA1_5642833406,33,16.18.817.5716,1994,76118,70003,6115,90487,82420,8067,931,996,-65,48,32,16,9,4,5,4,1,3,0,3,1,0,0,0,1,0,1,1,3,0,2,1,1
NA1_5642833406,33,16.18.817.5716,1994,77045,70178,6867,91404,82500,8904,932,997,-65,49,32,17,9,4,5,4,1,3,0,3,1,0,0,0,1,0,1,1,3,0,2,0,1
NA1_5645480913,0,16.18.817.5716,1469,2500,2500,0,0,0,0,0,0,0,0,0,0,0,0,0,0,0,0,4,4,0,0,0,0,0,0,0,0,3,3,2,2,1
NA1_5645480913,1,16.18.817.5716,1469,2510,2535,-25,0,62,-62,0,2,-2,0,0,0,0,0,0,0,0,0,4,4,0,0,0,0,0,0,0,0,3,3,2,2,1
NA1_5645480913,2,16.18.817.5716,1469,3930,3817,113,2587,2227,360,45,39,6,0,0,0,0,0,0,0,0,0,4,4,0,0,0,0,0,0,0,0,3,3,2,2,1
NA1_5645480913,3,16.18.817.5716,1469,6503,5306,1197,4827,4420,407,73,81,-8,3,0,3,0,0,0,0,0,0,4,4,0,0,0,0,0,0,0,0,3,3,2,2,1
NA1_5645480913,4,16.18.817.5716,1469,8476,6589,1887,7094,6495,599,106,111,-5,5,0,5,0,0,0,0,0,0,4,4,0,0,0,0,0,0,0,0,3,3,2,2,1
NA1_5645480913,5,16.18.817.5716,1469,9540,8407,1133,8593,8986,-393,131,156,-25,5,1,4,0,0,0,0,0,0,4,4,0,0,0,0,0,0,0,0,3,3,2,2,1
NA1_5645480913,6,16.18.817.5716,1469,11206,9702,1504,11273,10616,657,172,180,-8,5,1,4,0,0,0,0,0,0,4,4,0,0,0,0,0,0,0,0,3,3,2,2,1
NA1_5645480913,7,16.18.817.5716,1469,12553,11623,930,13116,12606,510,206,213,-7,5,2,3,0,0,0,0,0,0,4,4,0,0,0,0,0,0,0,0,3,3,2,2,1
NA1_5645480913,8,16.18.817.5716,1469,14016,13264,752,14860,14392,468,232,240,-8,6,3,3,0,0,0,0,1,-1,4,3,0,0,0,0,0,0,0,0,3,3,2,2,1
NA1_5645480913,9,16.18.817.5716,1469,16124,15036,1088,16774,16484,290,250,270,-20,8,4,4,0,0,0,0,1,-1,4,3,0,0,0,0,0,0,0,0,3,3,2,2,1
NA1_5645480913,10,16.18.817.5716,1469,18454,17081,1373,19355,18847,508,287,312,-25,11,5,6,0,0,0,0,1,-1,4,3,0,0,0,0,0,0,0,0,3,3,2,2,1
NA1_5645480913,11,16.18.817.5716,1469,20139,19458,681,20876,21180,-304,312,347,-35,11,7,4,0,0,0,0,1,-1,4,3,0,0,0,0,0,0,0,0,3,3,2,2,1
NA1_5645480913,12,16.18.817.5716,1469,22372,21380,992,23375,24090,-715,343,384,-41,12,8,4,0,0,0,0,1,-1,4,3,0,0,0,0,0,0,0,0,3,3,2,2,1
NA1_5645480913,13,16.18.817.5716,1469,25009,23493,1516,25943,26212,-269,369,411,-42,15,9,6,0,0,0,0,1,-1,4,3,0,0,0,0,0,0,0,0,3,3,2,2,1
NA1_5645480913,14,16.18.817.5716,1469,27710,24691,3019,30086,27695,2391,402,438,-36,17,9,8,1,0,1,1,1,0,3,3,0,0,0,0,0,0,0,0,3,3,2,2,1
NA1_5645480913,15,16.18.817.5716,1469,31029,26827,4202,33486,29352,4134,433,465,-32,20,9,11,1,1,0,1,1,0,3,3,0,0,0,0,0,0,0,0,3,3,2,2,1
NA1_5645480913,16,16.18.817.5716,1469,34352,31433,2919,35770,33271,2499,453,486,-33,23,13,10,3,2,1,1,1,0,3,3,0,0,0,0,0,0,0,0,3,3,2,2,1
NA1_5645480913,17,16.18.817.5716,1469,36703,33689,3014,37573,36686,887,468,520,-52,24,15,9,4,2,2,1,1,0,3,3,0,0,0,0,0,0,0,0,3,3,2,2,1
NA1_5645480913,18,16.18.817.5716,1469,39444,34801,4643,40510,37954,2556,495,540,-45,26,15,11,4,2,2,1,1,0,3,3,0,0,0,0,0,1,0,0,3,3,2,2,1
NA1_5645480913,19,16.18.817.5716,1469,42394,36605,5789,43260,39610,3650,511,557,-46,28,16,12,5,2,3,1,1,0,3,3,0,0,0,0,0,1,0,0,3,3,2,2,1
NA1_5645480913,20,16.18.817.5716,1469,44521,37675,6846,46221,41068,5153,549,578,-29,29,16,13,5,2,3,2,1,1,2,3,0,0,0,0,0,1,0,0,3,3,2,2,1
NA1_5645480913,21,16.18.817.5716,1469,49386,39079,10307,51845,43028,8817,589,608,-19,34,16,18,5,2,3,2,1,1,2,3,0,0,0,0,0,1,0,0,3,3,2,2,1
NA1_5645480913,22,16.18.817.5716,1469,52457,41322,11135,54466,45591,8875,613,626,-13,35,18,17,7,2,5,2,1,1,2,3,0,0,0,0,0,1,0,0,3,3,2,2,1
NA1_5645480913,23,16.18.817.5716,1469,57181,43360,13821,58571,47082,11489,627,635,-8,40,19,21,8,2,6,2,1,1,2,3,0,0,0,0,0,1,0,0,3,2,2,2,1
NA1_5645480913,24,16.18.817.5716,1469,61013,47989,13024,63503,51816,11687,646,656,-10,45,22,23,8,3,5,2,1,1,2,3,0,0,0,0,0,1,0,0,3,1,2,0,1
NA1_5645480913,24,16.18.817.5716,1469,61668,49635,12033,64826,54233,10593,655,657,-2,46,23,23,8,3,5,2,1,1,2,3,0,0,0,0,0,1,0,0,3,1,2,0,1
NA1_5640252114,0,16.18.817.5716,1669,2500,2500,0,0,0,0,0,0,0,0,0,0,0,0,0,0,0,0,4,4,0,0,0,0,0,0,0,0,3,3,2,2,0
NA1_5640252114,1,16.18.817.5716,1669,2505,2505,0,0,0,0,0,0,0,0,0,0,0,0,0,0,0,0,4,4,0,0,0,0,0,0,0,0,3,3,2,2,0
NA1_5640252114,2,16.18.817.5716,1669,3874,3918,-44,2485,2414,71,38,44,-6,0,0,0,0,0,0,0,0,0,4,4,0,0,0,0,0,0,0,0,3,3,2,2,0
NA1_5640252114,3,16.18.817.5716,1669,5148,6207,-1059,4458,5100,-642,68,78,-10,0,2,-2,0,0,0,0,0,0,4,4,0,0,0,0,0,0,0,0,3,3,2,2,0
NA1_5640252114,4,16.18.817.5716,1669,6502,8224,-1722,6237,7204,-967,100,111,-11,0,4,-4,0,0,0,0,0,0,4,4,0,0,0,0,0,0,0,0,3,3,2,2,0
NA1_5640252114,5,16.18.817.5716,1669,7704,9734,-2030,7887,9765,-1878,129,158,-29,0,4,-4,0,0,0,0,0,0,4,4,0,0,0,0,0,0,0,0,3,3,2,2,0
NA1_5640252114,6,16.18.817.5716,1669,9215,11369,-2154,10511,11717,-1206,174,193,-19,0,4,-4,0,0,0,0,0,0,4,4,0,0,0,0,0,0,0,0,3,3,2,2,0
NA1_5640252114,7,16.18.817.5716,1669,10529,12919,-2390,12538,13825,-1287,205,233,-28,0,4,-4,0,0,0,0,1,-1,4,3,0,0,0,0,0,0,0,0,3,3,2,2,0
NA1_5640252114,8,16.18.817.5716,1669,11924,14619,-2695,14963,16547,-1584,241,288,-47,0,4,-4,0,0,0,0,1,-1,4,3,0,0,0,0,0,0,0,0,3,3,2,2,0
NA1_5640252114,9,16.18.817.5716,1669,13320,16094,-2774,16932,18788,-1856,274,328,-54,0,4,-4,0,0,0,0,1,-1,4,3,0,0,0,0,0,0,0,0,3,3,2,2,0
NA1_5640252114,10,16.18.817.5716,1669,15392,17769,-2377,19722,21176,-1454,312,370,-58,1,4,-3,0,0,0,0,1,-1,4,3,0,0,0,0,0,0,0,0,3,3,2,2,0
NA1_5640252114,11,16.18.817.5716,1669,16905,19050,-2145,22034,23093,-1059,352,404,-52,1,4,-3,0,0,0,0,1,-1,4,3,0,0,0,0,0,0,0,0,3,3,2,2,0
NA1_5640252114,12,16.18.817.5716,1669,19142,21015,-1873,24420,25586,-1166,384,433,-49,2,4,-2,0,0,0,0,2,-2,4,2,0,0,0,0,0,0,0,0,3,3,2,2,0
NA1_5640252114,13,16.18.817.5716,1669,21721,23354,-1633,26612,27739,-1127,411,455,-44,3,5,-2,0,0,0,0,2,-2,4,2,0,0,0,0,0,0,0,0,3,3,2,2,0
NA1_5640252114,14,16.18.817.5716,1669,23632,25479,-1847,28855,30831,-1976,437,500,-63,3,6,-3,1,0,1,0,2,-2,4,2,0,0,0,0,0,0,0,0,3,3,2,2,0
NA1_5640252114,15,16.18.817.5716,1669,25212,27970,-2758,31259,33699,-2440,479,535,-56,3,7,-4,1,2,-1,0,2,-2,4,2,0,0,0,0,0,0,0,0,3,3,2,2,0
NA1_5640252114,16,16.18.817.5716,1669,28399,30065,-1666,34189,36062,-1873,508,560,-52,6,8,-2,1,3,-2,0,2,-2,4,2,0,0,0,0,0,1,0,0,3,3,2,2,0
NA1_5640252114,17,16.18.817.5716,1669,29812,31909,-2097,36214,37757,-1543,545,589,-44,6,8,-2,1,3,-2,0,2,-2,4,2,0,0,0,0,0,1,0,0,3,3,2,2,0
NA1_5640252114,18,16.18.817.5716,1669,31354,34423,-3069,38165,39840,-1675,558,604,-46,7,10,-3,1,4,-3,1,2,-1,3,2,0,0,0,0,0,1,0,0,3,3,2,2,0
NA1_5640252114,19,16.18.817.5716,1669,33121,36269,-3148,40759,42665,-1906,607,654,-47,7,10,-3,1,4,-3,1,2,-1,3,2,0,0,0,0,0,1,0,0,3,3,2,2,0
NA1_5640252114,20,16.18.817.5716,1669,37141,38955,-1814,44522,44814,-292,632,669,-37,10,12,-2,2,5,-3,1,2,-1,3,2,0,0,0,0,0,1,0,0,3,3,2,2,0
NA1_5640252114,21,16.18.817.5716,1669,38422,40217,-1795,46055,46349,-294,662,696,-34,10,12,-2,2,5,-3,1,2,-1,3,2,0,0,0,0,0,1,0,0,3,3,2,2,0
NA1_5640252114,22,16.18.817.5716,1669,40319,42431,-2112,48941,49757,-816,715,740,-25,10,13,-3,2,5,-3,1,2,-1,3,2,0,0,0,0,0,1,0,0,3,3,2,2,0
NA1_5640252114,23,16.18.817.5716,1669,41932,44269,-2337,50358,54086,-3728,729,758,-29,11,13,-2,2,5,-3,1,2,-1,3,2,0,0,0,0,0,1,0,1,3,3,2,2,0
NA1_5640252114,24,16.18.817.5716,1669,45478,45526,-48,55977,55265,712,762,777,-15,15,13,2,2,5,-3,2,2,0,2,2,0,0,0,0,0,1,0,1,3,3,2,2,0
NA1_5640252114,25,16.18.817.5716,1669,48356,46987,1369,59297,57368,1929,825,813,12,15,13,2,2,5,-3,2,2,0,2,2,0,0,0,0,0,1,0,1,3,3,2,2,0
NA1_5640252114,26,16.18.817.5716,1669,50301,48567,1734,61877,59678,2199,871,851,20,15,13,2,3,5,-2,2,2,0,2,2,0,0,0,0,0,1,0,1,3,3,2,2,0
NA1_5640252114,27,16.18.817.5716,1669,52140,51827,313,63859,64467,-608,902,878,24,16,16,0,3,5,-2,2,2,0,2,2,0,0,0,0,0,1,0,1,3,3,2,2,0
NA1_5640252114,28,16.18.817.5716,1669,52701,54903,-2202,63973,66834,-2861,903,903,0,16,17,-1,3,6,-3,2,2,0,2,2,0,0,0,0,0,1,0,1,2,3,0,2,0
NA1_5643447050,0,16.18.817.5716,1870,2500,2500,0,0,0,0,0,0,0,0,0,0,0,0,0,0,0,0,4,4,0,0,0,0,0,0,0,0,3,3,2,2,1
NA1_5643447050,1,16.18.817.5716,1870,2500,2567,-67,0,290,-290,0,3,-3,0,0,0,0,0,0,0,0,0,4,4,0,0,0,0,0,0,0,0,3,3,2,2,1
NA1_5643447050,2,16.18.817.5716,1870,3754,3781,-27,2486,2235,251,34,38,-4,0,0,0,0,0,0,0,0,0,4,4,0,0,0,0,0,0,0,0,3,3,2,2,1
NA1_5643447050,3,16.18.817.5716,1870,5373,5150,223,5078,4297,781,78,69,9,0,0,0,0,0,0,0,0,0,4,4,0,0,0,0,0,0,0,0,3,3,2,2,1
NA1_5643447050,4,16.18.817.5716,1870,7116,7029,87,6914,6142,772,105,100,5,1,1,0,0,0,0,0,0,0,4,4,0,0,0,0,0,0,0,0,3,3,2,2,1
NA1_5643447050,5,16.18.817.5716,1870,8276,8172,104,9009,7615,1394,135,128,7,1,1,0,0,0,0,0,0,0,4,4,0,0,0,0,0,0,0,0,3,3,2,2,1
NA1_5643447050,6,16.18.817.5716,1870,10426,10095,331,11611,9608,2003,167,147,20,3,3,0,0,0,0,0,0,0,4,4,0,0,0,0,0,0,0,0,3,3,2,2,1
NA1_5643447050,7,16.18.817.5716,1870,12202,11413,789,13747,11484,2263,195,182,13,4,3,1,0,0,0,0,0,0,4,4,0,0,0,0,0,0,0,0,3,3,2,2,1
NA1_5643447050,8,16.18.817.5716,1870,14408,12822,1586,15862,13648,2214,225,222,3,6,3,3,0,0,0,0,1,-1,4,3,0,0,0,0,0,0,0,0,3,3,2,2,1
NA1_5643447050,9,16.18.817.5716,1870,16214,15364,850,17902,16029,1873,253,252,1,7,5,2,0,0,0,0,1,-1,4,3,0,0,0,0,0,0,0,0,3,3,2,2,1
NA1_5643447050,10,16.18.817.5716,1870,17794,16701,1093,20400,18021,2379,296,284,12,7,5,2,0,0,0,0,1,-1,4,3,0,0,0,0,0,0,0,0,3,3,2,2,1
NA1_5643447050,11,16.18.817.5716,1870,19602,18641,961,22076,20827,1249,323,325,-2,7,6,1,0,0,0,0,1,-1,4,3,0,0,0,0,0,0,0,0,3,3,2,2,1
NA1_5643447050,12,16.18.817.5716,1870,21820,19909,1911,24855,23012,1843,362,348,14,8,6,2,0,0,0,0,1,-1,4,3,0,0,0,0,0,0,0,0,3,3,2,2,1
NA1_5643447050,13,16.18.817.5716,1870,24470,22992,1478,27141,25448,1693,374,360,14,11,10,1,0,0,0,0,1,-1,4,3,0,0,0,0,0,0,0,0,3,3,2,2,1
NA1_5643447050,14,16.18.817.5716,1870,25778,24006,1772,28387,26592,1795,387,378,9,12,10,2,0,0,0,0,1,-1,4,3,0,0,0,0,0,0,0,0,3,3,2,2,1
NA1_5643447050,15,16.18.817.5716,1870,28058,26389,1669,30090,30649,-559,414,431,-17,12,11,1,1,0,1,0,2,-2,4,2,0,0,0,0,0,0,0,0,3,3,2,2,1
NA1_5643447050,16,16.18.817.5716,1870,30221,28332,1889,33274,33098,176,455,461,-6,13,12,1,1,0,1,0,2,-2,4,2,0,0,0,0,0,0,0,0,3,3,2,2,1
NA1_5643447050,17,16.18.817.5716,1870,31432,30115,1317,34941,35415,-474,472,496,-24,13,12,1,1,1,0,0,2,-2,4,2,0,0,0,0,0,1,0,0,3,3,2,2,1
NA1_5643447050,18,16.18.817.5716,1870,33709,31863,1846,37967,37804,163,508,542,-34,14,12,2,1,1,0,0,2,-2,4,2,0,0,0,0,0,1,0,0,3,3,2,2,1
NA1_5643447050,19,16.18.817.5716,1870,37091,33863,3228,41176,40770,406,537,578,-41,16,13,3,3,1,2,0,2,-2,4,2,0,0,0,0,0,1,0,0,3,3,2,2,1
NA1_5643447050,20,16.18.817.5716,1870,40598,35288,5310,44319,41910,2409,563,584,-21,19,14,5,3,1,2,1,2,-1,3,2,0,0,0,0,0,1,0,0,3,3,2,2,1
NA1_5643447050,21,16.18.817.5716,1870,43089,38871,4218,46652,44799,1853,588,627,-39,21,15,6,3,3,0,1,2,-1,3,2,0,0,0,0,0,1,0,0,3,3,2,2,1
NA1_5643447050,22,16.18.817.5716,1870,45919,40571,5348,52903,46504,6399,635,654,-19,21,15,6,3,3,0,1,2,-1,3,2,0,0,0,0,0,1,1,0,3,3,2,2,1
NA1_5643447050,23,16.18.817.5716,1870,49173,42992,6181,55606,50216,5390,663,694,-31,22,16,6,5,3,2,1,2,-1,3,2,0,0,0,0,0,1,1,0,3,3,2,2,1
NA1_5643447050,24,16.18.817.5716,1870,50666,44417,6249,57620,51933,5687,695,726,-31,22,16,6,5,3,2,1,2,-1,3,2,0,0,0,0,0,1,1,0,3,3,2,2,1
NA1_5643447050,25,16.18.817.5716,1870,51903,46751,5152,59152,54386,4766,720,766,-46,22,16,6,5,5,0,2,2,0,2,2,0,0,0,0,0,1,1,0,3,3,2,2,1
NA1_5643447050,26,16.18.817.5716,1870,54460,48233,6227,63026,56426,6600,759,800,-41,24,16,8,5,5,0,2,2,0,2,2,0,0,0,0,0,1,1,0,3,3,2,2,1
NA1_5643447050,27,16.18.817.5716,1870,56917,50119,6798,65460,58947,6513,788,825,-37,24,17,7,6,5,1,2,2,0,2,2,0,0,0,0,0,1,1,0,3,3,2,2,1
NA1_5643447050,28,16.18.817.5716,1870,58085,51719,6366,66007,60758,5249,799,860,-61,24,17,7,6,5,1,2,2,0,2,2,0,0,0,0,0,1,1,0,3,3,2,2,1
NA1_5643447050,29,16.18.817.5716,1870,59785,53957,5828,67613,62414,5199,811,875,-64,25,18,7,6,5,1,2,2,0,2,2,0,0,0,0,0,1,1,0,3,3,2,2,1
NA1_5643447050,30,16.18.817.5716,1870,63616,55549,8067,71488,64016,7472,827,888,-61,29,19,10,7,5,2,2,2,0,2,2,0,0,0,0,0,1,1,0,3,2,2,2,1
NA1_5643447050,31,16.18.817.5716,1870,67572,56377,11195,77276,64692,12584,869,897,-28,33,19,14,7,5,2,3,2,1,1,2,0,0,0,0,0,1,1,0,3,2,2,1,1
NA1_5643447050,31,16.18.817.5716,1870,68471,56477,11994,77944,64692,13252,870,897,-27,34,19,15,7,5,2,3,2,1,1,2,0,0,0,0,0,1,1,0,3,2,2,0,1
NA1_5645124226,0,16.18.817.5716,1091,2500,2500,0,0,0,0,0,0,0,0,0,0,0,0,0,0,0,0,4,4,0,0,0,0,0,0,0,0,3,3,2,2,0
NA1_5645124226,1,16.18.817.5716,1091,2500,2520,-20,0,62,-62,0,1,-1,0,0,0,0,0,0,0,0,0,4,4,0,0,0,0,0,0,0,0,3,3,2,2,0
NA1_5645124226,2,16.18.817.5716,1091,3606,4750,-1144,1698,2882,-1184,28,41,-13,0,2,-2,0,0,0,0,0,0,4,4,0,0,0,0,0,0,0,0,3,3,2,2,0
NA1_5645124226,3,16.18.817.5716,1091,5557,6059,-502,4556,4709,-153,78,67,11,1,2,-1,0,0,0,0,0,0,4,4,0,0,0,0,0,0,0,0,3,3,2,2,0
NA1_5645124226,4,16.18.817.5716,1091,7369,8297,-928,6152,6957,-805,97,103,-6,3,4,-1,0,0,0,0,0,0,4,4,0,0,0,0,0,0,0,0,3,3,2,2,0
NA1_5645124226,5,16.18.817.5716,1091,8690,9763,-1073,8116,8995,-879,134,142,-8,3,4,-1,0,0,0,0,0,0,4,4,0,0,0,0,0,0,0,0,3,3,2,2,0
NA1_5645124226,6,16.18.817.5716,1091,10435,12508,-2073,10302,12020,-1718,168,186,-18,4,7,-3,0,0,0,0,0,0,4,4,0,0,0,0,0,0,0,0,3,3,2,2,0
NA1_5645124226,7,16.18.817.5716,1091,12686,13980,-1294,12879,13931,-1052,205,221,-16,5,7,-2,0,0,0,0,0,0,4,4,0,0,0,0,0,0,0,0,3,3,2,2,0
NA1_5645124226,8,16.18.817.5716,1091,14938,16239,-1301,15124,15844,-720,242,248,-6,6,10,-4,0,0,0,0,0,0,4,4,0,0,0,0,0,0,0,0,3,3,2,2,0
NA1_5645124226,9,16.18.817.5716,1091,16264,18144,-1880,16651,18564,-1913,265,295,-30,6,11,-5,0,0,0,0,1,-1,4,3,0,0,0,0,0,0,0,0,3,3,2,2,0
NA1_5645124226,10,16.18.817.5716,1091,18012,20972,-2960,18700,21164,-2464,294,334,-40,7,13,-6,0,0,0,0,1,-1,4,3,0,0,0,0,0,0,0,0,3,3,2,2,0
NA1_5645124226,11,16.18.817.5716,1091,19804,23728,-3924,20808,23970,-3162,324,366,-42,8,16,-8,0,0,0,0,1,-1,4,3,0,0,0,0,0,0,0,0,3,3,2,2,0
NA1_5645124226,12,16.18.817.5716,1091,21014,27366,-6352,22485,27380,-4895,351,399,-48,8,19,-11,0,1,-1,0,1,-1,4,3,0,0,0,0,0,0,0,0,3,3,2,2,0
NA1_5645124226,13,16.18.817.5716,1091,22289,29652,-7363,23960,30950,-6990,378,451,-73,8,20,-12,0,1,-1,0,1,-1,4,3,0,0,0,0,0,0,0,0,3,3,2,2,0
NA1_5645124226,14,16.18.817.5716,1091,23534,32739,-9205,25817,33790,-7973,395,489,-94,8,22,-14,0,3,-3,0,1,-1,4,3,0,0,0,0,0,0,0,0,3,3,2,2,0
NA1_5645124226,15,16.18.817.5716,1091,24755,35525,-10770,27474,36652,-9178,420,528,-108,8,24,-16,0,4,-4,0,2,-2,4,2,0,0,0,0,0,0,0,0,3,3,2,2,0
NA1_5645124226,16,16.18.817.5716,1091,26629,38894,-12265,30154,40303,-10149,451,574,-123,9,26,-17,0,5,-5,0,2,-2,4,2,0,0,0,0,0,1,0,0,3,3,2,2,0
NA1_5645124226,17,16.18.817.5716,1091,29004,42845,-13841,32515,43554,-11039,462,603,-141,11,29,-18,0,7,-7,0,2,-2,4,2,0,0,0,0,0,1,0,0,3,3,2,2,0
NA1_5645124226,18,16.18.817.5716,1091,30571,45344,-14773,35279,45965,-10686,504,625,-121,11,31,-20,0,8,-8,0,2,-2,4,2,0,0,0,0,0,1,0,0,2,3,2,2,0
NA1_5645124226,18,16.18.817.5716,1091,30700,46021,-15321,35279,45965,-10686,504,625,-121,11,31,-20,0,8,-8,0,2,-2,4,2,0,0,0,0,0,1,0,0,2,3,0,2,0
NA1_5640113139,0,16.18.817.4437,1621,2500,2500,0,0,0,0,0,0,0,0,0,0,0,0,0,0,0,0,4,4,0,0,0,0,0,0,0,0,3,3,2,2,0
NA1_5640113139,1,16.18.817.4437,1621,2520,2532,-12,62,0,62,1,1,0,0,0,0,0,0,0,0,0,0,4,4,0,0,0,0,0,0,0,0,3,3,2,2,0
NA1_5640113139,2,16.18.817.4437,1621,3878,3719,159,2539,2139,400,41,33,8,0,0,0,0,0,0,0,0,0,4,4,0,0,0,0,0,0,0,0,3,3,2,2,0
NA1_5640113139,3,16.18.817.4437,1621,6406,6217,189,4904,4922,-18,75,65,10,2,3,-1,0,0,0,0,0,0,4,4,0,0,0,0,0,0,0,0,3,3,2,2,0
NA1_5640113139,4,16.18.817.4437,1621,8201,7608,593,7066,6271,795,109,94,15,3,3,0,0,0,0,0,0,0,4,4,0,0,0,0,0,0,0,0,3,3,2,2,0
NA1_5640113139,5,16.18.817.4437,1621,9852,9781,71,9384,8584,800,153,122,31,3,5,-2,0,0,0,0,0,0,4,4,0,0,0,0,0,0,0,0,3,3,2,2,0
NA1_5640113139,6,16.18.817.4437,1621,11700,11412,288,11747,10872,875,192,154,38,4,6,-2,0,0,0,0,1,-1,4,3,0,0,0,0,0,0,0,0,3,3,2,2,0
NA1_5640113139,7,16.18.817.4437,1621,13678,14076,-398,14155,14142,13,228,199,29,5,8,-3,0,0,0,0,1,-1,4,3,0,0,0,0,0,0,0,0,3,3,2,2,0
NA1_5640113139,8,16.18.817.4437,1621,14954,15753,-799,15908,15823,85,259,224,35,5,9,-4,0,0,0,0,1,-1,4,3,0,0,0,0,0,0,0,0,3,3,2,2,0
NA1_5640113139,9,16.18.817.4437,1621,17215,17758,-543,18657,18126,531,298,260,38,7,10,-3,0,0,0,0,1,-1,4,3,0,0,0,0,0,0,0,0,3,3,2,2,0
NA1_5640113139,10,16.18.817.4437,1621,19554,19542,12,21190,19676,1514,331,280,51,9,11,-2,0,0,0,0,1,-1,4,3,0,0,0,0,0,0,0,0,3,3,2,2,0
NA1_5640113139,11,16.18.817.4437,1621,21384,21603,-219,23133,22358,775,367,314,53,9,12,-3,0,0,0,1,1,0,3,3,0,0,0,0,0,0,0,0,3,3,2,2,0
NA1_5640113139,12,16.18.817.4437,1621,24055,24394,-339,27601,24902,2699,415,349,66,12,13,-1,0,1,-1,1,1,0,3,3,0,0,0,0,0,0,0,0,3,3,2,2,0
NA1_5640113139,13,16.18.817.4437,1621,26764,26310,454,29874,26778,3096,454,384,70,13,14,-1,1,1,0,1,1,0,3,3,0,0,0,0,0,0,0,0,3,3,2,2,0
NA1_5640113139,14,16.18.817.4437,1621,28629,29393,-764,31514,30144,1370,482,419,63,13,16,-3,2,1,1,1,1,0,3,3,0,0,0,0,0,0,0,0,3,3,2,2,0
NA1_5640113139,15,16.18.817.4437,1621,30646,31905,-1259,34963,31713,3250,543,445,98,13,17,-4,2,2,0,1,1,0,3,3,0,0,0,0,0,0,0,0,3,3,2,2,0
NA1_5640113139,16,16.18.817.4437,1621,32806,33833,-1027,37185,33642,3543,566,468,98,15,18,-3,2,2,0,1,1,0,3,3,0,0,0,0,0,0,0,0,3,3,2,2,0
NA1_5640113139,17,16.18.817.4437,1621,34976,37452,-2476,39578,37833,1745,575,496,79,17,21,-4,2,3,-1,1,1,0,3,3,0,0,0,0,0,0,0,0,3,3,2,2,0
NA1_5640113139,18,16.18.817.4437,1621,36611,39796,-3185,41581,41001,580,616,543,73,17,22,-5,2,3,-1,2,1,1,2,3,0,0,0,0,0,0,0,0,3,3,2,2,0
NA1_5640113139,19,16.18.817.4437,1621,38777,41846,-3069,43946,43392,554,658,578,80,17,23,-6,2,3,-1,2,1,1,2,3,0,0,0,0,0,0,0,0,3,3,2,2,0
NA1_5640113139,20,16.18.817.4437,1621,40210,44527,-4317,45933,46326,-393,691,625,66,17,24,-7,2,4,-2,2,1,1,2,3,0,0,0,0,0,0,0,0,3,3,2,2,0
NA1_5640113139,21,16.18.817.4437,1621,46237,46973,-736,51012,48827,2185,709,637,72,22,26,-4,4,4,0,2,1,1,2,3,0,0,0,0,0,0,0,0,3,3,2,2,0
NA1_5640113139,22,16.18.817.4437,1621,48326,48424,-98,53374,50824,2550,744,670,74,23,26,-3,4,4,0,2,1,1,2,3,0,0,0,0,0,0,0,0,3,3,2,2,0
NA1_5640113139,23,16.18.817.4437,1621,51559,50947,612,56425,53836,2589,772,684,88,25,29,-4,5,4,1,2,1,1,2,3,0,0,0,0,0,0,0,0,3,3,2,2,0
NA1_5640113139,24,16.18.817.4437,1621,53272,54222,-950,58016,57243,773,803,723,80,25,31,-6,6,4,2,2,1,1,2,3,0,0,0,0,0,0,0,0,3,3,2,2,0
NA1_5640113139,25,16.18.817.4437,1621,54959,57533,-2574,58921,64913,-5992,818,754,64,25,33,-8,7,4,3,2,2,0,2,2,0,0,0,0,0,0,0,1,3,3,2,2,0
NA1_5640113139,26,16.18.817.4437,1621,56829,59740,-2911,60967,66793,-5826,856,778,78,25,34,-9,7,4,3,2,2,0,2,2,0,0,0,0,0,0,0,1,3,3,2,2,0
NA1_5640113139,27,16.18.817.4437,1621,57531,64115,-6584,61303,71082,-9779,857,798,59,25,38,-13,7,5,2,2,2,0,2,2,0,0,0,0,0,0,0,1,2,3,0,2,0
NA1_5644590044,0,16.18.817.5716,1760,2500,2500,0,0,0,0,0,0,0,0,0,0,0,0,0,0,0,0,4,4,0,0,0,0,0,0,0,0,3,3,2,2,0
NA1_5644590044,1,16.18.817.5716,1760,2505,3007,-502,0,26,-26,0,0,0,0,1,-1,0,0,0,0,0,0,4,4,0,0,0,0,0,0,0,0,3,3,2,2,0
NA1_5644590044,2,16.18.817.5716,1760,3647,4199,-552,2028,1930,98,31,35,-4,0,1,-1,0,0,0,0,0,0,4,4,0,0,0,0,0,0,0,0,3,3,2,2,0
NA1_5644590044,3,16.18.817.5716,1760,5256,5648,-392,4679,4467,212,76,72,4,0,1,-1,0,0,0,0,0,0,4,4,0,0,0,0,0,0,0,0,3,3,2,2,0
NA1_5644590044,4,16.18.817.5716,1760,6995,6909,86,6334,6308,26,107,102,5,1,1,0,0,0,0,0,0,0,4,4,0,0,0,0,0,0,0,0,3,3,2,2,0
NA1_5644590044,5,16.18.817.5716,1760,8275,8559,-284,8369,8557,-188,140,137,3,1,2,-1,0,0,0,0,0,0,4,4,0,0,0,0,0,0,0,0,3,3,2,2,0
NA1_5644590044,6,16.18.817.5716,1760,10068,10582,-514,10780,11085,-305,170,170,0,2,4,-2,0,0,0,0,0,0,4,4,0,0,0,0,0,0,0,0,3,3,2,2,0
NA1_5644590044,7,16.18.817.5716,1760,11907,12121,-214,12472,13390,-918,196,213,-17,3,4,-1,0,0,0,0,1,-1,4,3,0,0,0,0,0,0,0,0,3,3,2,2,0
NA1_5644590044,8,16.18.817.5716,1760,13869,13748,121,14949,15659,-710,236,250,-14,4,5,-1,0,0,0,0,1,-1,4,3,0,0,0,0,0,0,0,0,3,3,2,2,0
NA1_5644590044,9,16.18.817.5716,1760,15203,16268,-1065,16588,18511,-1923,261,294,-33,4,7,-3,0,0,0,0,1,-1,4,3,0,0,0,0,0,0,0,0,3,3,2,2,0
NA1_5644590044,10,16.18.817.5716,1760,16998,18049,-1051,19080,20680,-1600,292,331,-39,5,8,-3,0,0,0,0,1,-1,4,3,0,0,0,0,0,0,0,0,3,3,2,2,0
NA1_5644590044,11,16.18.817.5716,1760,19271,20863,-1592,21811,22598,-787,334,359,-25,6,9,-3,0,1,-1,0,1,-1,4,3,0,0,0,0,0,0,0,0,3,3,2,2,0
NA1_5644590044,12,16.18.817.5716,1760,21330,22803,-1473,24287,25258,-971,369,396,-27,7,10,-3,0,1,-1,0,2,-2,4,2,0,0,0,0,0,0,0,0,3,3,2,2,0
NA1_5644590044,13,16.18.817.5716,1760,22539,24123,-1584,26403,26399,4,392,413,-21,7,11,-4,0,1,-1,0,2,-2,4,2,0,0,0,0,0,0,0,0,3,3,2,2,0
NA1_5644590044,14,16.18.817.5716,1760,24260,25534,-1274,27989,28813,-824,418,447,-29,7,11,-4,0,1,-1,0,2,-2,4,2,0,0,0,0,0,0,0,0,3,3,2,2,0
NA1_5644590044,15,16.18.817.5716,1760,25776,27336,-1560,30086,31789,-1703,455,483,-28,7,12,-5,0,1,-1,0,2,-2,4,2,0,0,0,0,0,0,0,0,3,3,2,2,0
NA1_5644590044,16,16.18.817.5716,1760,28201,28855,-654,33461,33693,-232,499,520,-21,8,12,-4,0,1,-1,0,2,-2,4,2,0,0,0,0,0,0,0,0,3,3,2,2,0
NA1_5644590044,17,16.18.817.5716,1760,30481,32016,-1535,36423,38123,-1700,539,554,-15,9,16,-7,0,1,-1,0,2,-2,4,2,0,0,0,0,0,0,0,0,3,3,2,2,0
NA1_5644590044,18,16.18.817.5716,1760,32750,34416,-1666,38962,40996,-2034,587,606,-19,9,16,-7,0,2,-2,0,3,-3,4,1,0,0,0,0,0,0,0,0,3,3,2,2,0
NA1_5644590044,19,16.18.817.5716,1760,33977,37564,-3587,40573,45630,-5057,612,661,-49,9,18,-9,0,2,-2,0,3,-3,4,1,0,0,0,0,0,1,0,0,3,3,2,2,0
NA1_5644590044,20,16.18.817.5716,1760,35424,40209,-4785,43166,47052,-3886,649,679,-30,9,18,-9,0,4,-4,0,3,-3,4,1,0,0,0,0,0,1,0,0,3,3,2,2,0
NA1_5644590044,21,16.18.817.5716,1760,38160,41931,-3771,44880,48887,-4007,671,713,-42,10,18,-8,1,4,-3,0,3,-3,4,1,0,0,0,0,0,1,0,0,3,3,2,2,0
NA1_5644590044,22,16.18.817.5716,1760,39658,43571,-3913,46874,50998,-4124,709,748,-39,10,18,-8,1,5,-4,0,3,-3,4,1,0,0,0,0,0,1,0,0,3,3,2,2,0
NA1_5644590044,23,16.18.817.5716,1760,43156,46511,-3355,49698,53866,-4168,738,756,-18,12,22,-10,2,5,-3,0,3,-3,4,1,0,0,0,0,0,1,0,0,3,3,2,2,0
NA1_5644590044,24,16.18.817.5716,1760,45829,49065,-3236,51866,57661,-5795,775,795,-20,13,24,-11,3,5,-2,0,4,-4,4,0,0,1,0,0,0,1,0,0,3,3,2,2,0
NA1_5644590044,25,16.18.817.5716,1760,46905,51744,-4839,52921,63446,-10525,792,833,-41,13,25,-12,3,5,-2,0,4,-4,4,0,0,1,0,0,0,1,0,1,3,3,2,2,0
NA1_5644590044,26,16.18.817.5716,1760,48590,53229,-4639,55948,65711,-9763,839,871,-32,13,25,-12,3,5,-2,0,4,-4,4,0,0,1,0,0,0,1,0,1,3,3,2,2,0
NA1_5644590044,27,16.18.817.5716,1760,49618,56684,-7066,57395,68851,-11456,852,894,-42,13,27,-14,3,7,-4,0,4,-4,4,0,0,1,0,0,0,1,0,1,2,3,2,2,0
NA1_5644590044,28,16.18.817.5716,1760,52326,59268,-6942,60582,72131,-11549,876,923,-47,14,29,-15,3,7,-4,0,4,-4,4,0,0,1,0,0,0,1,0,1,2,3,2,2,0
NA1_5644590044,29,16.18.817.5716,1760,53994,63315,-9321,62797,76189,-13392,903,932,-29,15,34,-19,3,9,-6,0,4,-4,4,0,0,1,0,0,0,1,0,1,1,3,2,2,0
NA1_5644590044,29,16.18.817.5716,1760,54223,64498,-10275,62797,77398,-14601,903,947,-44,15,34,-19,3,9,-6,0,4,-4,4,0,0,1,0,0,0,1,0,1,0,3,0,2,0
NA1_5640002630,0,16.18.816.5012,1651,2500,2500,0,0,0,0,0,0,0,0,0,0,0,0,0,0,0,0,4,4,0,0,0,0,0,0,0,0,3,3,2,2,1
NA1_5640002630,1,16.18.816.5012,1651,2505,2505,0,0,0,0,0,0,0,0,0,0,0,0,0,0,0,0,4,4,0,0,0,0,0,0,0,0,3,3,2,2,1
NA1_5640002630,2,16.18.816.5012,1651,3939,3850,89,2587,2516,71,47,40,7,0,0,0,0,0,0,0,0,0,4,4,0,0,0,0,0,0,0,0,3,3,2,2,1
NA1_5640002630,3,16.18.816.5012,1651,5728,5362,366,4944,4820,124,80,82,-2,1,0,1,0,0,0,0,0,0,4,4,0,0,0,0,0,0,0,0,3,3,2,2,1
NA1_5640002630,4,16.18.816.5012,1651,8500,7245,1255,7903,5951,1952,121,93,28,4,2,2,0,0,0,0,0,0,4,4,0,0,0,0,0,0,0,0,3,3,2,2,1
NA1_5640002630,5,16.18.816.5012,1651,9865,8381,1484,9649,7464,2185,154,122,32,4,2,2,0,0,0,0,0,0,4,4,0,0,0,0,0,0,0,0,3,3,2,2,1
NA1_5640002630,6,16.18.816.5012,1651,12378,9988,2390,12666,9807,2859,202,160,42,6,2,4,0,0,0,0,0,0,4,4,0,0,0,0,0,0,0,0,3,3,2,2,1
NA1_5640002630,7,16.18.816.5012,1651,13945,11425,2520,14578,12173,2405,237,197,40,6,2,4,0,0,0,0,0,0,4,4,0,0,0,0,0,0,0,0,3,3,2,2,1
NA1_5640002630,8,16.18.816.5012,1651,15348,13262,2086,16405,14524,1881,270,232,38,6,3,3,0,0,0,1,0,1,3,4,0,0,0,0,0,0,0,0,3,3,2,2,1
NA1_5640002630,9,16.18.816.5012,1651,17242,15306,1936,18890,16809,2081,308,271,37,7,4,3,0,0,0,1,0,1,3,4,0,0,0,0,0,0,0,0,3,3,2,2,1
NA1_5640002630,10,16.18.816.5012,1651,18972,16686,2286,21682,18577,3105,354,304,50,7,4,3,0,0,0,1,0,1,3,4,0,0,0,0,0,0,0,0,3,3,2,2,1
NA1_5640002630,11,16.18.816.5012,1651,20718,18326,2392,23647,20858,2789,384,343,41,8,4,4,0,0,0,1,0,1,3,4,0,0,0,0,0,0,0,0,3,3,2,2,1
NA1_5640002630,12,16.18.816.5012,1651,23536,19666,3870,27309,22831,4478,424,380,44,10,4,6,0,0,0,1,0,1,3,4,0,0,0,0,0,0,0,0,3,3,2,2,1
NA1_5640002630,13,16.18.816.5012,1651,25767,23096,2671,29820,26143,3677,450,414,36,12,7,5,0,0,0,1,0,1,3,4,0,0,0,0,0,0,0,0,3,3,2,2,1
NA1_5640002630,14,16.18.816.5012,1651,28667,24759,3908,32285,27818,4467,483,428,55,14,8,6,1,0,1,1,0,1,3,4,0,0,0,0,0,0,0,0,3,3,2,2,1
NA1_5640002630,15,16.18.816.5012,1651,31167,26392,4775,35283,30708,4575,532,471,61,14,8,6,3,0,3,2,0,2,2,4,0,0,0,0,0,0,0,0,3,3,2,2,1
NA1_5640002630,16,16.18.816.5012,1651,33294,29363,3931,38041,33920,4121,575,500,75,15,11,4,3,0,3,2,0,2,2,4,0,0,0,0,0,0,0,0,3,3,2,2,1
NA1_5640002630,17,16.18.816.5012,1651,37196,31630,5566,41961,34856,7105,608,517,91,19,11,8,4,0,4,2,0,2,2,4,0,0,0,0,0,1,0,0,3,3,2,2,1
NA1_5640002630,18,16.18.816.5012,1651,39060,34250,4810,44074,38692,5382,635,567,68,20,12,8,4,0,4,2,0,2,2,4,0,0,0,0,0,1,0,0,3,3,2,2,1
NA1_5640002630,19,16.18.816.5012,1651,40541,36110,4431,46102,41029,5073,671,607,64,20,12,8,4,0,4,2,0,2,2,4,0,0,0,0,0,1,0,0,3,3,2,2,1
NA1_5640002630,20,16.18.816.5012,1651,43591,38602,4989,49816,42885,6931,703,641,62,23,12,11,4,1,3,3,0,3,1,4,0,0,0,0,0,1,0,0,3,3,2,2,1
NA1_5640002630,21,16.18.816.5012,1651,45605,43430,2175,50980,47796,3184,717,666,51,24,16,8,5,1,4,3,0,3,1,4,0,0,0,0,0,1,0,0,3,3,2,2,1
NA1_5640002630,22,16.18.816.5012,1651,46783,46703,80,52786,51315,1471,742,710,32,24,18,6,5,2,3,3,0,3,1,4,0,0,0,0,0,1,0,0,3,3,2,2,1
NA1_5640002630,23,16.18.816.5012,1651,49350,48163,1187,55730,52488,3242,754,719,35,27,19,8,5,2,3,3,0,3,1,4,0,0,0,0,0,1,0,0,3,3,2,2,1
NA1_5640002630,24,16.18.816.5012,1651,51748,50009,1739,61080,54807,6273,796,761,35,27,19,8,5,2,3,3,0,3,1,4,0,0,0,0,0,1,1,0,3,3,2,2,1
NA1_5640002630,25,16.18.816.5012,1651,54118,51471,2647,64230,56295,7935,821,789,32,30,19,11,5,2,3,3,0,3,1,4,0,0,0,0,0,1,1,0,3,3,2,2,1
NA1_5640002630,26,16.18.816.5012,1651,58272,52949,5323,67692,57993,9699,865,814,51,31,19,12,8,2,6,4,0,4,0,4,1,0,0,0,0,1,1,0,3,2,2,2,1
NA1_5640002630,27,16.18.816.5012,1651,61420,56031,5389,71654,60936,10718,878,834,44,36,22,14,9,2,7,4,0,4,0,4,1,0,0,0,0,1,1,0,3,2,2,2,1
NA1_5640002630,28,16.18.816.5012,1651,63456,56380,7076,73655,61182,12473,889,834,55,38,22,16,9,2,7,4,0,4,0,4,1,0,0,0,0,1,1,0,3,1,2,0,1
NA1_5645347612,0,16.18.817.5716,1591,2500,2500,0,0,0,0,0,0,0,0,0,0,0,0,0,0,0,0,4,4,0,0,0,0,0,0,0,0,3,3,2,2,1
NA1_5645347612,1,16.18.817.5716,1591,2505,2540,-35,0,62,-62,0,2,-2,0,0,0,0,0,0,0,0,0,4,4,0,0,0,0,0,0,0,0,3,3,2,2,1
NA1_5645347612,2,16.18.817.5716,1591,3862,4333,-471,2237,2527,-290,36,44,-8,0,1,-1,0,0,0,0,0,0,4,4,0,0,0,0,0,0,0,0,3,3,2,2,1
NA1_5645347612,3,16.18.817.5716,1591,5620,5705,-85,5041,4853,188,86,79,7,0,1,-1,0,0,0,0,0,0,4,4,0,0,0,0,0,0,0,0,3,3,2,2,1
NA1_5645347612,4,16.18.817.5716,1591,6704,8401,-1697,5976,7308,-1332,103,121,-18,0,4,-4,0,0,0,0,0,0,4,4,0,0,0,0,0,0,0,0,3,3,2,2,1
NA1_5645347612,5,16.18.817.5716,1591,8382,10086,-1704,8565,9622,-1057,155,158,-3,0,5,-5,0,0,0,0,0,0,4,4,0,0,0,0,0,0,0,0,3,3,2,2,1
NA1_5645347612,6,16.18.817.5716,1591,10112,12828,-2716,10449,11929,-1480,179,194,-15,1,8,-7,0,0,0,1,0,1,3,4,0,0,0,0,0,0,0,0,3,3,2,2,1
NA1_5645347612,7,16.18.817.5716,1591,11620,14478,-2858,11960,14019,-2059,201,232,-31,2,8,-6,0,0,0,1,0,1,3,4,0,0,0,0,0,0,0,0,3,3,2,2,1
NA1_5645347612,8,16.18.817.5716,1591,13095,16117,-3022,14191,16248,-2057,243,270,-27,2,9,-7,0,0,0,1,0,1,3,4,0,0,0,0,0,0,0,0,3,3,2,2,1
NA1_5645347612,9,16.18.817.5716,1591,15612,17452,-1840,17157,17762,-605,285,295,-10,4,9,-5,0,0,0,1,0,1,3,4,0,0,0,0,0,0,0,0,3,3,2,2,1
NA1_5645347612,10,16.18.817.5716,1591,17609,19221,-1612,19704,20679,-975,322,351,-29,5,9,-4,0,0,0,1,0,1,3,4,0,0,0,0,0,0,0,0,3,3,2,2,1
NA1_5645347612,11,16.18.817.5716,1591,20462,20647,-185,22056,21505,551,352,363,-11,7,10,-3,0,0,0,1,0,1,3,4,0,0,0,0,0,0,0,0,3,3,2,2,1
NA1_5645347612,12,16.18.817.5716,1591,23473,22492,981,24975,23629,1346,381,391,-10,10,11,-1,0,0,0,1,0,1,3,4,0,0,0,0,0,0,0,0,3,3,2,2,1
NA1_5645347612,13,16.18.817.5716,1591,25812,23741,2071,27645,25869,1776,425,416,9,11,11,0,0,0,0,2,0,2,2,4,0,0,0,0,0,0,0,0,3,3,2,2,1
NA1_5645347612,14,16.18.817.5716,1591,27481,25772,1709,30963,28663,2300,470,467,3,11,11,0,0,0,0,2,0,2,2,4,0,0,0,0,0,0,0,0,3,3,2,2,1
NA1_5645347612,15,16.18.817.5716,1591,30505,27031,3474,34213,30572,3641,505,495,10,13,11,2,0,0,0,2,0,2,2,4,0,0,0,0,0,0,0,0,3,3,2,2,1
NA1_5645347612,16,16.18.817.5716,1591,32576,29562,3014,36339,33642,2697,540,538,2,13,12,1,1,0,1,2,0,2,2,4,0,0,0,0,0,0,0,0,3,3,2,2,1
NA1_5645347612,17,16.18.817.5716,1591,34226,31362,2864,38389,35710,2679,583,568,15,13,13,0,1,0,1,2,0,2,2,4,0,0,0,0,0,0,0,0,3,3,2,2,1
NA1_5645347612,18,16.18.817.5716,1591,37035,32947,4088,42174,37426,4748,624,597,27,15,13,2,1,1,0,3,0,3,1,4,0,0,0,0,0,1,0,0,3,3,2,2,1
NA1_5645347612,19,16.18.817.5716,1591,39705,34610,5095,45007,39815,5192,668,641,27,16,13,3,3,1,2,3,0,3,1,4,0,0,0,0,0,1,0,0,3,3,2,2,1
NA1_5645347612,20,16.18.817.5716,1591,41153,37770,3383,46638,43370,3268,689,677,12,17,15,2,3,1,2,3,0,3,1,4,0,0,0,0,0,1,0,0,3,3,2,2,1
NA1_5645347612,21,16.18.817.5716,1591,42966,40681,2285,51110,46468,4642,740,714,26,17,16,1,3,3,0,3,0,3,1,4,0,0,0,0,0,1,0,0,3,3,2,2,1
NA1_5645347612,22,16.18.817.5716,1591,45986,42026,3960,54473,48565,5908,774,749,25,20,16,4,3,3,0,3,0,3,1,4,0,0,0,0,0,1,0,0,3,3,2,2,1
NA1_5645347612,23,16.18.817.5716,1591,48933,42995,5938,59263,49036,10227,795,759,36,21,16,5,3,3,0,3,0,3,1,4,0,0,0,0,0,1,1,0,3,3,2,2,1
NA1_5645347612,24,16.18.817.5716,1591,51939,44856,7083,62099,51555,10544,822,777,45,23,17,6,4,3,1,4,0,4,0,4,1,0,0,0,0,1,1,0,3,3,2,2,1
NA1_5645347612,25,16.18.817.5716,1591,53404,46625,6779,63886,55173,8713,846,823,23,24,17,7,4,3,1,4,0,4,0,4,1,0,0,0,0,1,1,0,3,3,2,2,1
NA1_5645347612,26,16.18.817.5716,1591,57581,50173,7408,67738,57600,10138,871,838,33,27,18,9,6,4,2,4,0,4,0,4,1,0,0,0,0,1,1,0,3,2,2,2,1
NA1_5645347612,27,16.18.817.5716,1591,59614,51531,8083,69881,58817,11064,891,838,53,29,18,11,6,5,1,4,0,4,0,4,1,0,0,0,0,1,1,0,3,2,2,0,1
NA1_5646823009,0,16.18.817.5716,1770,2500,2500,0,0,0,0,0,0,0,0,0,0,0,0,0,0,0,0,4,4,0,0,0,0,0,0,0,0,3,3,2,2,0
NA1_5646823009,1,16.18.817.5716,1770,2505,2500,5,0,0,0,0,0,0,0,0,0,0,0,0,0,0,0,4,4,0,0,0,0,0,0,0,0,3,3,2,2,0
NA1_5646823009,2,16.18.817.5716,1770,3760,3973,-213,2268,2733,-465,34,46,-12,0,0,0,0,0,0,0,0,0,4,4,0,0,0,0,0,0,0,0,3,3,2,2,0
NA1_5646823009,3,16.18.817.5716,1770,5805,5770,35,4718,5130,-412,70,85,-15,1,1,0,0,0,0,0,0,0,4,4,0,0,0,0,0,0,0,0,3,3,2,2,0
NA1_5646823009,4,16.18.817.5716,1770,6856,8242,-1386,6222,6537,-315,93,107,-14,1,4,-3,0,0,0,0,0,0,4,4,0,0,0,0,0,0,0,0,3,3,2,2,0
NA1_5646823009,5,16.18.817.5716,1770,8058,9862,-1804,8283,9120,-837,119,156,-37,1,4,-3,0,0,0,0,0,0,4,4,0,0,0,0,0,0,0,0,3,3,2,2,0
NA1_5646823009,6,16.18.817.5716,1770,9716,11266,-1550,10543,11154,-611,150,192,-42,2,4,-2,0,0,0,0,1,-1,4,3,0,0,0,0,0,0,0,0,3,3,2,2,0
NA1_5646823009,7,16.18.817.5716,1770,10922,13587,-2665,12401,13924,-1523,176,233,-57,2,6,-4,0,0,0,0,1,-1,4,3,0,0,0,0,0,0,0,0,3,3,2,2,0
NA1_5646823009,8,16.18.817.5716,1770,12309,15012,-2703,14804,16076,-1272,216,273,-57,2,6,-4,0,0,0,0,1,-1,4,3,0,0,0,0,0,0,0,0,3,3,2,2,0
NA1_5646823009,9,16.18.817.5716,1770,13739,16747,-3008,17062,18825,-1763,251,323,-72,2,6,-4,0,0,0,0,1,-1,4,3,0,0,0,0,0,0,0,0,3,3,2,2,0
NA1_5646823009,10,16.18.817.5716,1770,17115,18167,-1052,19415,20031,-616,270,334,-64,6,7,-1,0,0,0,0,1,-1,4,3,0,0,0,0,0,0,0,0,3,3,2,2,0
NA1_5646823009,11,16.18.817.5716,1770,18073,20304,-2231,20475,22741,-2266,289,380,-91,6,8,-2,0,0,0,0,1,-1,4,3,0,0,0,0,0,0,0,0,3,3,2,2,0
NA1_5646823009,12,16.18.817.5716,1770,19768,22485,-2717,22678,25799,-3121,327,427,-100,6,9,-3,0,0,0,0,1,-1,4,3,0,0,0,0,0,0,0,0,3,3,2,2,0
NA1_5646823009,13,16.18.817.5716,1770,21454,24122,-2668,24986,28942,-3956,356,472,-116,6,9,-3,0,0,0,0,2,-2,4,2,0,0,0,0,0,0,0,0,3,3,2,2,0
NA1_5646823009,14,16.18.817.5716,1770,22841,27506,-4665,26912,31996,-5084,386,501,-115,6,11,-5,0,1,-1,0,2,-2,4,2,0,0,0,0,0,0,0,0,3,3,2,2,0
NA1_5646823009,15,16.18.817.5716,1770,24153,29728,-5575,29511,35077,-5566,413,540,-127,6,12,-6,0,1,-1,0,2,-2,4,2,0,0,0,0,0,0,0,0,3,3,2,2,0
NA1_5646823009,16,16.18.817.5716,1770,26715,32026,-5311,31165,36949,-5784,430,566,-136,7,13,-6,1,2,-1,0,2,-2,4,2,0,0,0,0,0,0,0,0,3,3,2,2,0
NA1_5646823009,17,16.18.817.5716,1770,29003,34901,-5898,33935,39995,-6060,460,608,-148,8,14,-6,1,3,-2,0,2,-2,4,2,0,0,0,0,0,1,0,0,3,3,2,2,0
NA1_5646823009,18,16.18.817.5716,1770,32220,36112,-3892,36905,41906,-5001,481,637,-156,10,14,-4,1,3,-2,0,2,-2,4,2,0,0,0,0,0,1,0,0,3,3,2,2,0
NA1_5646823009,19,16.18.817.5716,1770,34513,39898,-5385,39004,46284,-7280,482,663,-181,13,19,-6,1,3,-2,0,2,-2,4,2,0,0,0,0,0,1,0,0,3,3,2,2,0
NA1_5646823009,20,16.18.817.5716,1770,35988,41395,-5407,41108,48553,-7445,519,697,-178,13,19,-6,1,3,-2,0,3,-3,4,1,0,0,0,0,0,1,0,0,3,3,2,2,0
NA1_5646823009,21,16.18.817.5716,1770,37744,43598,-5854,43998,50445,-6447,568,734,-166,13,19,-6,1,4,-3,0,3,-3,4,1,0,0,0,0,0,1,0,0,3,3,2,2,0
NA1_5646823009,22,16.18.817.5716,1770,40763,45274,-4511,47823,52128,-4305,588,752,-164,16,20,-4,1,4,-3,0,3,-3,4,1,0,0,0,0,0,1,0,0,3,3,2,2,0
NA1_5646823009,23,16.18.817.5716,1770,42786,46801,-4015,50227,54249,-4022,619,789,-170,17,20,-3,1,4,-3,0,3,-3,4,1,0,0,0,0,0,1,0,0,3,3,2,2,0
NA1_5646823009,24,16.18.817.5716,1770,44666,48027,-3361,52875,55724,-2849,653,809,-156,18,20,-2,1,4,-3,0,3,-3,4,1,0,0,0,0,0,1,0,0,3,3,2,2,0
NA1_5646823009,25,16.18.817.5716,1770,45550,50779,-5229,53377,59268,-5891,661,827,-166,18,23,-5,1,4,-3,0,4,-4,4,0,0,1,0,0,0,1,0,0,3,3,2,2,0
NA1_5646823009,26,16.18.817.5716,1770,46425,54631,-8206,53924,62902,-8978,670,869,-199,18,25,-7,1,6,-5,0,4,-4,4,0,0,1,0,0,0,1,0,0,2,3,2,2,0
NA1_5646823009,27,16.18.817.5716,1770,47820,56738,-8918,55517,64885,-9368,696,888,-192,18,27,-9,1,6,-5,0,4,-4,4,0,0,1,0,0,0,1,0,0,2,3,2,2,0
NA1_5646823009,28,16.18.817.5716,1770,49712,61734,-12022,57074,72043,-14969,703,912,-209,19,30,-11,1,8,-7,0,4,-4,4,0,0,1,0,0,0,1,0,1,1,3,2,2,0
NA1_5646823009,29,16.18.817.5716,1770,51881,63708,-11827,60659,74951,-14292,760,951,-191,19,31,-12,1,8,-7,0,4,-4,4,0,0,1,0,0,0,1,0,1,1,3,2,2,0
NA1_5646823009,30,16.18.817.5716,1770,52819,66893,-14074,61602,77944,-16342,760,954,-194,20,35,-15,1,8,-7,0,4,-4,4,0,0,1,0,0,0,1,0,1,1,3,0,2,0
NA1_5645728398,0,16.18.817.5716,1418,2500,2500,0,0,0,0,0,0,0,0,0,0,0,0,0,0,0,0,4,4,0,0,0,0,0,0,0,0,3,3,2,2,1
NA1_5645728398,1,16.18.817.5716,1418,2500,2505,-5,0,0,0,0,0,0,0,0,0,0,0,0,0,0,0,4,4,0,0,0,0,0,0,0,0,3,3,2,2,1
NA1_5645728398,2,16.18.817.5716,1418,4485,4311,174,2685,2490,195,45,41,4,1,1,0,0,0,0,0,0,0,4,4,0,0,0,0,0,0,0,0,3,3,2,2,1
NA1_5645728398,3,16.18.817.5716,1418,5675,5942,-267,4230,4639,-409,74,75,-1,1,2,-1,0,0,0,0,0,0,4,4,0,0,0,0,0,0,0,0,3,3,2,2,1
NA1_5645728398,4,16.18.817.5716,1418,7300,7547,-247,6610,6910,-300,118,118,0,1,2,-1,0,0,0,0,0,0,4,4,0,0,0,0,0,0,0,0,3,3,2,2,1
NA1_5645728398,5,16.18.817.5716,1418,9135,9849,-714,8979,9191,-212,157,150,7,2,4,-2,0,0,0,0,0,0,4,4,0,0,0,0,0,0,0,0,3,3,2,2,1
NA1_5645728398,6,16.18.817.5716,1418,10723,10935,-212,11266,10631,635,188,169,19,3,4,-1,0,0,0,0,0,0,4,4,0,0,0,0,0,0,0,0,3,3,2,2,1
NA1_5645728398,7,16.18.817.5716,1418,13280,12247,1033,13658,12790,868,233,202,31,5,4,1,0,0,0,0,0,0,4,4,0,0,0,0,0,0,0,0,3,3,2,2,1
NA1_5645728398,8,16.18.817.5716,1418,15311,14116,1195,16342,15303,1039,270,242,28,7,5,2,0,0,0,0,0,0,4,4,0,0,0,0,0,0,0,0,3,3,2,2,1
NA1_5645728398,9,16.18.817.5716,1418,17746,15626,2120,19095,16859,2236,306,272,34,9,5,4,0,0,0,0,0,0,4,4,0,0,0,0,0,0,0,0,3,3,2,2,1
NA1_5645728398,10,16.18.817.5716,1418,20363,17137,3226,22308,19221,3087,351,313,38,12,5,7,0,0,0,0,0,0,4,4,0,0,0,0,0,0,0,0,3,3,2,2,1
NA1_5645728398,11,16.18.817.5716,1418,21814,18384,3430,24202,21235,2967,387,347,40,12,5,7,0,0,0,1,0,1,3,4,0,0,0,0,0,0,0,0,3,3,2,2,1
NA1_5645728398,12,16.18.817.5716,1418,23820,20185,3635,26449,23379,3070,431,375,56,12,6,6,0,0,0,1,0,1,3,4,0,0,0,0,0,0,0,0,3,3,2,2,1
NA1_5645728398,13,16.18.817.5716,1418,26374,21496,4878,30092,25933,4159,475,403,72,14,6,8,0,0,0,1,0,1,3,4,0,0,0,0,0,0,0,0,3,3,2,2,1
NA1_5645728398,14,16.18.817.5716,1418,28431,24614,3817,32854,28643,4211,511,432,79,15,8,7,0,0,0,1,0,1,3,4,0,0,0,0,0,0,0,0,3,3,2,2,1
NA1_5645728398,15,16.18.817.5716,1418,31254,26542,4712,35382,30455,4927,547,463,84,16,8,8,1,0,1,1,0,1,3,4,0,0,0,0,0,0,0,0,3,3,2,2,1
NA1_5645728398,16,16.18.817.5716,1418,33178,28106,5072,37491,32317,5174,582,491,91,16,8,8,3,0,3,2,0,2,2,4,0,0,0,0,0,0,0,0,3,3,2,2,1
NA1_5645728398,17,16.18.817.5716,1418,36849,29558,7291,40193,33957,6236,608,515,93,19,8,11,5,0,5,2,0,2,2,4,0,0,0,0,0,0,0,0,3,2,2,2,1
NA1_5645728398,18,16.18.817.5716,1418,38516,31042,7474,42210,36331,5879,636,550,86,20,8,12,5,0,5,2,0,2,2,4,0,0,0,0,1,0,0,0,3,2,2,2,1
NA1_5645728398,19,16.18.817.5716,1418,41625,34323,7302,44238,40571,3667,668,600,68,20,9,11,7,0,7,2,0,2,2,4,0,0,0,0,1,0,0,0,3,1,2,2,1
NA1_5645728398,20,16.18.817.5716,1418,42861,36101,6760,45460,43169,2291,693,647,46,20,9,11,7,0,7,2,0,2,2,4,0,0,0,0,1,0,0,0,3,1,2,2,1
NA1_5645728398,21,16.18.817.5716,1418,44532,37776,6756,49240,45905,3335,702,688,14,20,9,11,7,0,7,2,0,2,2,4,0,0,0,0,1,0,1,0,3,1,2,2,1
NA1_5645728398,22,16.18.817.5716,1418,46087,39727,6360,51535,48512,3023,742,718,24,20,10,10,7,0,7,3,0,3,1,4,0,0,0,0,1,0,1,0,3,2,2,2,1
NA1_5645728398,23,16.18.817.5716,1418,48530,41474,7056,54291,51006,3285,770,752,18,21,10,11,8,0,8,3,0,3,1,4,0,0,0,0,1,0,1,0,3,1,2,2,1
NA1_5645728398,24,16.18.817.5716,1418,49974,42208,7766,55641,51466,4175,777,758,19,22,10,12,8,0,8,3,0,3,1,4,0,0,0,0,1,0,1,0,3,1,2,0,1
NA1_5639399573,0,16.18.816.5012,1124,2500,2500,0,0,0,0,0,0,0,0,0,0,0,0,0,0,0,0,4,4,0,0,0,0,0,0,0,0,3,3,2,2,0
NA1_5639399573,1,16.18.816.5012,1124,2505,2510,-5,0,0,0,0,0,0,0,0,0,0,0,0,0,0,0,4,4,0,0,0,0,0,0,0,0,3,3,2,2,0
NA1_5639399573,2,16.18.816.5012,1124,3808,3921,-113,2506,2544,-38,39,42,-3,0,0,0,0,0,0,0,0,0,4,4,0,0,0,0,0,0,0,0,3,3,2,2,0
NA1_5639399573,3,16.18.816.5012,1124,5350,5351,-1,5159,5187,-28,80,81,-1,0,0,0,0,0,0,0,0,0,4,4,0,0,0,0,0,0,0,0,3,3,2,2,0
NA1_5639399573,4,16.18.816.5012,1124,7065,7229,-164,6983,6783,200,103,108,-5,1,1,0,0,0,0,0,0,0,4,4,0,0,0,0,0,0,0,0,3,3,2,2,0
NA1_5639399573,5,16.18.816.5012,1124,9074,8877,197,8546,8024,522,123,125,-2,3,3,0,0,0,0,0,0,0,4,4,0,0,0,0,0,0,0,0,3,3,2,2,0
NA1_5639399573,6,16.18.816.5012,1124,10662,11273,-611,10881,10079,802,162,153,9,3,5,-2,0,0,0,0,0,0,4,4,0,0,0,0,0,0,0,0,3,3,2,2,0
NA1_5639399573,7,16.18.816.5012,1124,12704,12695,9,13595,12100,1495,207,190,17,4,5,-1,0,0,0,0,0,0,4,4,0,0,0,0,0,0,0,0,3,3,2,2,0
NA1_5639399573,8,16.18.816.5012,1124,14708,14681,27,15189,14325,864,231,218,13,6,7,-1,0,0,0,0,0,0,4,4,0,0,0,0,0,0,0,0,3,3,2,2,0
NA1_5639399573,9,16.18.816.5012,1124,16486,16791,-305,16893,16312,581,260,238,22,7,9,-2,0,0,0,0,0,0,4,4,0,0,0,0,0,0,0,0,3,3,2,2,0
NA1_5639399573,10,16.18.816.5012,1124,19156,18278,878,19076,17848,1228,290,260,30,9,10,-1,0,0,0,0,0,0,4,4,0,0,0,0,0,0,0,0,3,3,2,2,0
NA1_5639399573,11,16.18.816.5012,1124,21031,19912,1119,20710,19822,888,317,286,31,10,11,-1,0,0,0,0,0,0,4,4,0,0,0,0,0,0,0,0,3,3,2,2,0
NA1_5639399573,12,16.18.816.5012,1124,23804,21833,1971,23757,22075,1682,360,317,43,12,12,0,0,0,0,0,0,0,4,4,0,0,0,0,0,0,0,0,3,3,2,2,0
NA1_5639399573,13,16.18.816.5012,1124,25516,23570,1946,26953,24413,2540,405,352,53,12,12,0,0,0,0,0,0,0,4,4,0,0,0,0,0,0,0,0,3,3,2,2,0
NA1_5639399573,14,16.18.816.5012,1124,26998,25222,1776,28789,27718,1071,434,397,37,12,12,0,0,0,0,1,0,1,3,4,0,0,0,0,0,0,0,0,3,3,2,2,0
NA1_5639399573,15,16.18.816.5012,1124,28664,28514,150,31460,31098,362,476,445,31,12,14,-2,0,0,0,1,0,1,3,4,0,0,0,0,0,0,0,0,3,3,2,2,0
NA1_5639399573,16,16.18.816.5012,1124,30888,31948,-1060,32967,34400,-1433,499,476,23,12,17,-5,1,1,0,1,0,1,3,4,0,0,0,0,0,0,0,0,3,3,2,2,0
NA1_5639399573,17,16.18.816.5012,1124,33016,33952,-936,36147,37116,-969,549,511,38,12,18,-6,1,1,0,1,0,1,3,4,0,0,0,0,0,0,0,0,3,3,2,2,0
NA1_5639399573,18,16.18.816.5012,1124,34457,35619,-1162,38014,39678,-1664,587,553,34,12,18,-6,1,1,0,1,0,1,3,4,0,0,0,0,0,0,0,0,3,3,2,2,0
NA1_5639399573,19,16.18.816.5012,1124,35103,39130,-4027,38428,43510,-5082,593,570,23,12,23,-11,1,2,-1,1,0,1,3,4,0,0,0,0,0,0,0,0,3,3,2,2,0
NA1_5645278764,0,16.18.817.5716,931,2500,2500,0,0,0,0,0,0,0,0,0,0,0,0,0,0,0,0,4,4,0,0,0,0,0,0,0,0,3,3,2,2,0
NA1_5645278764,1,16.18.817.5716,931,2525,2500,25,62,0,62,1,0,1,0,0,0,0,0,0,0,0,0,4,4,0,0,0,0,0,0,0,0,3,3,2,2,0
NA1_5645278764,2,16.18.817.5716,931,4336,3788,548,2630,2305,325,42,34,8,1,0,1,0,0,0,0,0,0,4,4,0,0,0,0,0,0,0,0,3,3,2,2,0
NA1_5645278764,3,16.18.817.5716,931,5711,6710,-999,4438,5158,-720,61,81,-20,2,3,-1,0,0,0,0,0,0,4,4,0,0,0,0,0,0,0,0,3,3,2,2,0
NA1_5645278764,4,16.18.817.5716,931,7146,8349,-1203,6407,6788,-381,86,105,-19,3,4,-1,0,0,0,0,0,0,4,4,0,0,0,0,0,0,0,0,3,3,2,2,0
NA1_5645278764,5,16.18.817.5716,931,8449,9932,-1483,8339,9223,-884,121,152,-31,3,4,-1,0,0,0,0,0,0,4,4,0,0,0,0,0,0,0,0,3,3,2,2,0
NA1_5645278764,6,16.18.817.5716,931,9705,11534,-1829,10431,11226,-795,150,174,-24,3,5,-2,0,0,0,0,0,0,4,4,0,0,0,0,0,0,0,0,3,3,2,2,0
NA1_5645278764,7,16.18.817.5716,931,11052,13137,-2085,12335,13566,-1231,183,217,-34,3,5,-2,0,0,0,0,1,-1,4,3,0,0,0,0,0,0,0,0,3,3,2,2,0
NA1_5645278764,8,16.18.817.5716,931,12328,15190,-2862,14252,16307,-2055,213,257,-44,3,7,-4,0,0,0,0,1,-1,4,3,0,0,0,0,0,0,0,0,3,3,2,2,0
NA1_5645278764,9,16.18.817.5716,931,14452,18126,-3674,16357,19133,-2776,244,300,-56,4,9,-5,0,0,0,0,1,-1,4,3,0,0,0,0,0,0,0,0,3,3,2,2,0
NA1_5645278764,10,16.18.817.5716,931,16281,20025,-3744,18215,21091,-2876,272,325,-53,5,10,-5,0,0,0,0,1,-1,4,3,0,0,0,0,0,0,0,0,3,3,2,2,0
NA1_5645278764,11,16.18.817.5716,931,17586,21832,-4246,20070,23784,-3714,305,361,-56,5,12,-7,0,0,0,0,1,-1,4,3,0,0,0,0,0,0,0,0,3,3,2,2,0
NA1_5645278764,12,16.18.817.5716,931,19237,25452,-6215,22233,27208,-4975,331,399,-68,6,14,-8,0,1,-1,0,1,-1,4,3,0,0,0,0,0,0,0,0,3,3,2,2,0
NA1_5645278764,13,16.18.817.5716,931,21981,27018,-5037,25076,29105,-4029,366,424,-58,8,15,-7,0,1,-1,0,2,-2,4,2,0,0,0,0,0,0,0,0,3,3,2,2,0
NA1_5645278764,14,16.18.817.5716,931,23958,28944,-4986,26860,31309,-4449,385,450,-65,9,16,-7,0,1,-1,0,2,-2,4,2,0,0,0,0,0,0,0,0,3,3,2,2,0
NA1_5645278764,15,16.18.817.5716,931,25266,32798,-7532,28734,36109,-7375,412,509,-97,9,19,-10,0,2,-2,0,2,-2,4,2,0,0,0,0,0,0,0,0,3,3,2,2,0
NA1_5645278764,16,16.18.817.5716,931,25855,34153,-8298,29481,37041,-7560,423,525,-102,9,19,-10,0,3,-3,0,2,-2,4,2,0,0,0,0,0,1,0,0,3,3,2,2,0
NA1_5641455584,0,16.18.817.5716,1896,2500,2500,0,0,0,0,0,0,0,0,0,0,0,0,0,0,0,0,4,4,0,0,0,0,0,0,0,0,3,3,2,2,0
NA1_5641455584,1,16.18.817.5716,1896,2500,2520,-20,0,82,-82,0,1,-1,0,0,0,0,0,0,0,0,0,4,4,0,0,0,0,0,0,0,0,3,3,2,2,0
NA1_5641455584,2,16.18.817.5716,1896,3892,3808,84,2519,2353,166,43,39,4,0,0,0,0,0,0,0,0,0,4,4,0,0,0,0,0,0,0,0,3,3,2,2,0
NA1_5641455584,3,16.18.817.5716,1896,5025,5460,-435,4278,4974,-696,66,81,-15,0,0,0,0,0,0,0,0,0,4,4,0,0,0,0,0,0,0,0,3,3,2,2,0
NA1_5641455584,4,16.18.817.5716,1896,6566,7021,-455,6521,7552,-1031,104,127,-23,0,0,0,0,0,0,0,0,0,4,4,0,0,0,0,0,0,0,0,3,3,2,2,0
NA1_5641455584,5,16.18.817.5716,1896,7573,8785,-1212,8040,9148,-1108,124,149,-25,0,1,-1,0,0,0,0,0,0,4,4,0,0,0,0,0,0,0,0,3,3,2,2,0
NA1_5641455584,6,16.18.817.5716,1896,8959,10488,-1529,10368,11742,-1374,161,197,-36,0,1,-1,0,0,0,0,0,0,4,4,0,0,0,0,0,0,0,0,3,3,2,2,0
NA1_5641455584,7,16.18.817.5716,1896,10334,11860,-1526,12270,13944,-1674,196,230,-34,0,1,-1,0,0,0,0,0,0,4,4,0,0,0,0,0,0,0,0,3,3,2,2,0
NA1_5641455584,8,16.18.817.5716,1896,11735,13629,-1894,14115,16049,-1934,219,259,-40,1,2,-1,0,0,0,1,0,1,3,4,0,0,0,0,0,0,0,0,3,3,2,2,0
NA1_5641455584,9,16.18.817.5716,1896,13195,15383,-2188,16218,18340,-2122,256,298,-42,1,3,-2,0,0,0,1,0,1,3,4,0,0,0,0,0,0,0,0,3,3,2,2,0
NA1_5641455584,10,16.18.817.5716,1896,14846,17600,-2754,18915,20798,-1883,303,340,-37,1,4,-3,0,0,0,1,0,1,3,4,0,0,0,0,0,0,0,0,3,3,2,2,0
NA1_5641455584,11,16.18.817.5716,1896,15988,19471,-3483,20508,24012,-3504,331,389,-58,1,4,-3,0,0,0,1,0,1,3,4,0,0,0,0,0,0,0,0,3,3,2,2,0
NA1_5641455584,12,16.18.817.5716,1896,18280,21770,-3490,23772,26849,-3077,367,431,-64,2,5,-3,0,0,0,1,0,1,3,4,0,0,0,0,0,0,0,0,3,3,2,2,0
NA1_5641455584,13,16.18.817.5716,1896,19839,24243,-4404,25350,29580,-4230,393,463,-70,2,7,-5,0,0,0,1,0,1,3,4,0,0,0,0,0,0,0,0,3,3,2,2,0
NA1_5641455584,14,16.18.817.5716,1896,22815,27345,-4530,27395,32281,-4886,402,486,-84,5,10,-5,0,1,-1,1,1,0,3,3,0,0,0,0,0,0,0,0,3,3,2,2,0
NA1_5641455584,15,16.18.817.5716,1896,24385,29987,-5602,30317,35856,-5539,432,527,-95,5,12,-7,0,1,-1,1,1,0,3,3,0,0,0,0,0,0,0,0,3,3,2,2,0
NA1_5641455584,16,16.18.817.5716,1896,26101,31814,-5713,32831,37908,-5077,477,559,-82,5,12,-7,0,2,-2,1,1,0,3,3,0,0,0,0,0,1,0,0,3,3,2,2,0
NA1_5641455584,17,16.18.817.5716,1896,29213,35529,-6316,36272,41930,-5658,496,597,-101,8,16,-8,0,2,-2,1,1,0,3,3,0,0,0,0,0,1,0,0,3,3,2,2,0
NA1_5641455584,18,16.18.817.5716,1896,30892,37801,-6909,39011,44391,-5380,543,627,-84,8,17,-9,0,3,-3,1,1,0,3,3,0,0,0,0,0,1,0,0,3,3,2,2,0
NA1_5641455584,19,16.18.817.5716,1896,33661,39466,-5805,42526,46951,-4425,574,669,-95,11,17,-6,0,3,-3,1,2,-1,3,2,0,0,0,0,0,1,0,0,3,3,2,2,0
NA1_5641455584,20,16.18.817.5716,1896,35382,41100,-5718,45142,49538,-4396,616,713,-97,11,17,-6,0,3,-3,1,2,-1,3,2,0,0,0,0,0,1,0,0,3,3,2,2,0
NA1_5641455584,21,16.18.817.5716,1896,37649,43153,-5504,48395,54290,-5895,648,739,-91,11,17,-6,1,3,-2,1,2,-1,3,2,0,0,0,0,0,1,0,1,3,3,2,2,0
NA1_5641455584,22,16.18.817.5716,1896,39378,47168,-7790,49576,57622,-8046,670,763,-93,11,20,-9,2,4,-2,1,2,-1,3,2,0,0,0,0,0,1,0,1,3,3,2,2,0
NA1_5641455584,23,16.18.817.5716,1896,41847,49558,-7711,52325,60586,-8261,712,795,-83,11,22,-11,3,5,-2,1,2,-1,3,2,0,0,0,0,0,1,0,1,3,3,2,2,0
NA1_5641455584,24,16.18.817.5716,1896,43157,51143,-7986,54081,62495,-8414,743,814,-71,11,23,-12,3,6,-3,1,3,-2,3,1,0,0,0,0,0,1,0,1,2,3,2,2,0
NA1_5641455584,25,16.18.817.5716,1896,44421,53527,-9106,55890,65306,-9416,766,855,-89,11,23,-12,3,7,-4,1,3,-2,3,1,0,0,0,0,0,1,0,1,2,3,2,2,0
NA1_5641455584,26,16.18.817.5716,1896,46456,55086,-8630,58911,67715,-8804,797,895,-98,12,23,-11,3,7,-4,1,3,-2,3,1,0,0,0,0,0,1,0,1,2,3,2,2,0
NA1_5641455584,27,16.18.817.5716,1896,48864,59026,-10162,62292,72948,-10656,818,929,-111,14,27,-13,3,7,-4,1,3,-2,3,1,0,0,0,0,0,1,0,1,2,3,2,2,0
NA1_5641455584,28,16.18.817.5716,1896,50207,61038,-10831,64746,75026,-10280,848,957,-109,14,27,-13,3,8,-5,1,3,-2,3,1,0,0,0,0,0,1,0,1,1,3,2,2,0
NA1_5641455584,29,16.18.817.5716,1896,53505,63029,-9524,69585,79683,-10098,879,978,-99,16,27,-11,3,8,-5,1,3,-2,3,1,0,0,0,0,0,1,0,2,2,3,2,2,0
NA1_5641455584,30,16.18.817.5716,1896,55486,66137,-10651,72539,82845,-10306,917,980,-63,17,31,-14,3,8,-5,1,3,-2,3,1,0,0,0,0,0,1,0,2,2,3,2,2,0
NA1_5641455584,31,16.18.817.5716,1896,56726,69553,-12827,73987,87967,-13980,940,1025,-85,17,33,-16,3,9,-6,1,4,-3,3,0,0,1,0,0,0,1,0,2,1,3,2,2,0
NA1_5641455584,32,16.18.817.5716,1896,57242,71469,-14227,74679,89951,-15272,944,1036,-92,17,34,-17,3,9,-6,1,4,-3,3,0,0,1,0,0,0,1,0,2,0,3,0,2,0
NA1_5640304474,0,16.18.817.5716,1693,2500,2500,0,0,0,0,0,0,0,0,0,0,0,0,0,0,0,0,4,4,0,0,0,0,0,0,0,0,3,3,2,2,1
NA1_5640304474,1,16.18.817.5716,1693,2522,2500,22,62,0,62,1,0,1,0,0,0,0,0,0,0,0,0,4,4,0,0,0,0,0,0,0,0,3,3,2,2,1
NA1_5640304474,2,16.18.817.5716,1693,4368,3738,630,2434,2331,103,40,35,5,1,0,1,0,0,0,0,0,0,4,4,0,0,0,0,0,0,0,0,3,3,2,2,1
NA1_5640304474,3,16.18.817.5716,1693,5845,5173,672,4273,4303,-30,77,70,7,1,0,1,0,0,0,0,0,0,4,4,0,0,0,0,0,0,0,0,3,3,2,2,1
NA1_5640304474,4,16.18.817.5716,1693,7376,6908,468,6299,6267,32,116,95,21,1,1,0,0,0,0,0,0,0,4,4,0,0,0,0,0,0,0,0,3,3,2,2,1
NA1_5640304474,5,16.18.817.5716,1693,8946,8270,676,8882,8288,594,165,135,30,1,1,0,0,0,0,0,0,0,4,4,0,0,0,0,0,0,0,0,3,3,2,2,1
NA1_5640304474,6,16.18.817.5716,1693,10438,10066,372,10848,10580,268,196,170,26,1,2,-1,0,0,0,0,0,0,4,4,0,0,0,0,0,0,0,0,3,3,2,2,1
NA1_5640304474,7,16.18.817.5716,1693,12489,11584,905,12695,12572,123,225,204,21,3,2,1,0,0,0,0,0,0,4,4,0,0,0,0,0,0,0,0,3,3,2,2,1
NA1_5640304474,8,16.18.817.5716,1693,14650,13058,1592,15512,14346,1166,263,231,32,5,3,2,0,0,0,1,0,1,3,4,0,0,0,0,0,0,0,0,3,3,2,2,1
NA1_5640304474,9,16.18.817.5716,1693,16212,15149,1063,16734,16825,-91,284,274,10,6,4,2,0,0,0,1,0,1,3,4,0,0,0,0,0,0,0,0,3,3,2,2,1
NA1_5640304474,10,16.18.817.5716,1693,17526,17428,98,18426,19662,-1236,312,320,-8,6,5,1,0,0,0,1,0,1,3,4,0,0,0,0,0,0,0,0,3,3,2,2,1
NA1_5640304474,11,16.18.817.5716,1693,18979,19131,-152,20427,22019,-1592,340,360,-20,7,6,1,0,0,0,1,0,1,3,4,0,0,0,0,0,0,0,0,3,3,2,2,1
NA1_5640304474,12,16.18.817.5716,1693,20637,20707,-70,22779,24427,-1648,380,404,-24,7,6,1,0,0,0,1,0,1,3,4,0,0,0,0,0,0,0,0,3,3,2,2,1
NA1_5640304474,13,16.18.817.5716,1693,22396,24132,-1736,25172,27791,-2619,420,446,-26,7,9,-2,0,0,0,1,0,1,3,4,0,0,0,0,0,0,0,0,3,3,2,2,1
NA1_5640304474,14,16.18.817.5716,1693,23792,26033,-2241,27727,30856,-3129,454,491,-37,7,9,-2,0,0,0,1,1,0,3,3,0,0,0,0,0,0,0,0,3,3,2,2,1
NA1_5640304474,15,16.18.817.5716,1693,27864,28167,-303,32039,34361,-2322,505,533,-28,10,10,0,0,0,0,1,1,0,3,3,0,0,0,0,0,0,0,0,3,3,2,2,1
NA1_5640304474,16,16.18.817.5716,1693,29577,31045,-1468,34091,37024,-2933,525,571,-46,11,11,0,0,1,-1,1,1,0,3,3,0,0,0,0,0,0,0,0,3,3,2,2,1
NA1_5640304474,17,16.18.817.5716,1693,32044,33332,-1288,37566,40065,-2499,564,619,-55,13,12,1,0,1,-1,1,1,0,3,3,0,0,0,0,1,0,0,0,3,3,2,2,1
NA1_5640304474,18,16.18.817.5716,1693,35229,34672,557,41009,41817,-808,601,651,-50,15,12,3,1,1,0,1,1,0,3,3,0,0,0,0,1,0,0,0,3,3,2,2,1
NA1_5640304474,19,16.18.817.5716,1693,37781,36518,1263,44033,43811,222,640,685,-45,16,12,4,2,2,0,2,1,1,2,3,0,0,0,0,1,0,0,0,3,3,2,2,1
NA1_5640304474,20,16.18.817.5716,1693,39882,38809,1073,46501,47531,-1030,682,731,-49,16,13,3,3,2,1,2,1,1,2,3,0,0,0,0,1,0,0,0,3,3,2,2,1
NA1_5640304474,21,16.18.817.5716,1693,41586,40451,1135,48539,49868,-1329,707,771,-64,17,13,4,3,2,1,2,1,1,2,3,0,0,0,0,1,0,0,0,3,3,2,2,1
NA1_5640304474,22,16.18.817.5716,1693,44970,41745,3225,53199,51736,1463,762,801,-39,20,13,7,3,2,1,2,1,1,2,3,0,0,0,0,1,0,0,0,3,3,2,2,1
NA1_5640304474,23,16.18.817.5716,1693,47369,43012,4357,55679,53872,1807,794,827,-33,21,13,8,4,2,2,2,1,1,2,3,0,0,0,0,1,0,0,0,3,3,2,2,1
NA1_5640304474,24,16.18.817.5716,1693,50165,44523,5642,59319,55339,3980,807,838,-31,25,14,11,4,2,2,2,1,1,2,3,0,0,0,0,1,0,0,0,3,3,2,2,1
NA1_5640304474,25,16.18.817.5716,1693,54268,47539,6729,66358,57979,8379,831,856,-25,29,16,13,4,2,2,3,1,2,1,3,0,0,0,0,1,0,1,0,3,3,2,2,1
NA1_5640304474,26,16.18.817.5716,1693,57779,48767,9012,69424,59820,9604,865,881,-16,30,16,14,6,2,4,3,1,2,1,3,0,0,0,0,1,0,1,0,3,2,2,2,1
NA1_5640304474,27,16.18.817.5716,1693,60813,50151,10662,72385,62119,10266,898,909,-11,31,16,15,8,2,6,3,1,2,1,3,0,0,0,0,1,0,1,0,3,1,2,2,1
NA1_5640304474,28,16.18.817.5716,1693,63990,52040,11950,76996,64343,12653,928,932,-4,35,17,18,8,2,6,3,1,2,1,3,0,0,0,0,1,0,1,0,3,1,2,2,1
NA1_5640304474,28,16.18.817.5716,1693,64691,52190,12501,77027,64343,12684,928,932,-4,35,17,18,8,2,6,3,1,2,1,3,0,0,0,0,1,0,1,0,3,1,2,0,1
NA1_5639595460,0,16.18.816.5012,1658,2500,2500,0,0,0,0,0,0,0,0,0,0,0,0,0,0,0,0,4,4,0,0,0,0,0,0,0,0,3,3,2,2,1
NA1_5639595460,1,16.18.816.5012,1658,2505,2535,-30,0,77,-77,0,2,-2,0,0,0,0,0,0,0,0,0,4,4,0,0,0,0,0,0,0,0,3,3,2,2,1
NA1_5639595460,2,16.18.816.5012,1658,3829,3794,35,2327,2718,-391,37,38,-1,0,0,0,0,0,0,0,0,0,4,4,0,0,0,0,0,0,0,0,3,3,2,2,1
NA1_5639595460,3,16.18.816.5012,1658,6112,5201,911,5191,4767,424,82,74,8,2,0,2,0,0,0,0,0,0,4,4,0,0,0,0,0,0,0,0,3,3,2,2,1
NA1_5639595460,4,16.18.816.5012,1658,7685,6806,879,7561,7371,190,126,124,2,2,0,2,0,0,0,0,0,0,4,4,0,0,0,0,0,0,0,0,3,3,2,2,1
NA1_5639595460,5,16.18.816.5012,1658,9457,8887,570,9472,10054,-582,158,173,-15,3,1,2,0,0,0,0,0,0,4,4,0,0,0,0,0,0,0,0,3,3,2,2,1
NA1_5639595460,6,16.18.816.5012,1658,10989,10147,842,12103,12003,100,203,206,-3,3,1,2,0,0,0,0,0,0,4,4,0,0,0,0,0,0,0,0,3,3,2,2,1
NA1_5639595460,7,16.18.816.5012,1658,13552,11629,1923,14285,13608,677,240,224,16,5,2,3,0,0,0,0,0,0,4,4,0,0,0,0,0,0,0,0,3,3,2,2,1
NA1_5639595460,8,16.18.816.5012,1658,15250,13386,1864,17034,16336,698,293,272,21,5,2,3,0,0,0,0,0,0,4,4,0,0,0,0,0,0,0,0,3,3,2,2,1
NA1_5639595460,9,16.18.816.5012,1658,16856,14859,1997,19541,18472,1069,337,313,24,5,2,3,0,0,0,0,0,0,4,4,0,0,0,0,0,0,0,0,3,3,2,2,1
NA1_5639595460,10,16.18.816.5012,1658,18337,16992,1345,21781,21614,167,380,367,13,5,3,2,0,0,0,0,1,-1,4,3,0,0,0,0,0,0,0,0,3,3,2,2,1
NA1_5639595460,11,16.18.816.5012,1658,20333,18808,1525,24769,23981,788,428,415,13,6,3,3,0,0,0,0,1,-1,4,3,0,0,0,0,0,0,0,0,3,3,2,2,1
NA1_5639595460,12,16.18.816.5012,1658,22484,20081,2403,27429,25578,1851,482,447,35,6,3,3,0,0,0,0,1,-1,4,3,0,0,0,0,0,0,0,0,3,3,2,2,1
NA1_5639595460,13,16.18.816.5012,1658,24659,22766,1893,30592,27226,3366,516,468,48,7,5,2,0,0,0,0,1,-1,4,3,0,0,0,0,0,0,0,0,3,3,2,2,1
NA1_5639595460,14,16.18.816.5012,1658,27593,24612,2981,33999,30146,3853,570,525,45,8,5,3,1,0,1,0,1,-1,4,3,0,0,0,0,0,0,0,0,3,3,2,2,1
NA1_5639595460,15,16.18.816.5012,1658,30826,26755,4071,38766,32120,6646,616,548,68,12,6,6,1,1,0,0,1,-1,4,3,0,0,0,0,0,0,0,0,3,3,2,2,1
NA1_5639595460,16,16.18.816.5012,1658,33936,28194,5742,41931,34421,7510,664,576,88,13,6,7,3,1,2,1,1,0,3,3,0,0,0,0,0,0,0,0,3,3,2,2,1
NA1_5639595460,17,16.18.816.5012,1658,36133,32151,3982,44632,39175,5457,691,602,89,15,9,6,3,1,2,1,1,0,3,3,0,0,0,0,0,0,0,0,3,3,2,2,1
NA1_5639595460,18,16.18.816.5012,1658,38270,33450,4820,47044,40558,6486,722,628,94,17,9,8,3,1,2,1,1,0,3,3,0,0,0,0,0,0,0,0,3,3,2,2,1
NA1_5639595460,19,16.18.816.5012,1658,41337,36019,5318,49644,44337,5307,753,665,88,19,11,8,3,1,2,1,1,0,3,3,0,0,0,0,1,0,0,0,3,3,2,2,1
NA1_5639595460,20,16.18.816.5012,1658,44744,38237,6507,53893,46578,7315,800,694,106,22,12,10,4,1,3,1,1,0,3,3,0,0,0,0,1,0,0,0,3,3,2,2,1
NA1_5639595460,21,16.18.816.5012,1658,46376,40310,6066,56366,48784,7582,833,722,111,23,13,10,4,1,3,1,1,0,3,3,0,0,0,0,1,0,0,0,3,3,2,2,1
NA1_5639595460,22,16.18.816.5012,1658,48678,41592,7086,59199,50622,8577,858,747,111,25,13,12,5,1,4,2,1,1,2,3,0,0,0,0,1,0,0,0,3,3,2,2,1
NA1_5639595460,23,16.18.816.5012,1658,50750,45072,5678,60829,54182,6647,859,755,104,28,17,11,5,1,4,2,1,1,2,3,0,0,0,0,1,0,0,0,3,3,2,2,1
NA1_5639595460,24,16.18.816.5012,1658,53440,46414,7026,64315,56043,8272,897,787,110,31,17,14,5,1,4,2,1,1,2,3,0,0,0,0,1,0,0,0,3,3,2,2,1
NA1_5639595460,25,16.18.816.5012,1658,57980,47474,10506,69565,57630,11935,946,804,142,34,17,17,7,1,6,2,1,1,2,3,0,0,0,0,1,0,0,0,3,1,2,1,1
NA1_5639595460,26,16.18.816.5012,1658,59837,50793,9044,73304,62212,11092,973,846,127,36,20,16,7,1,6,2,1,1,2,3,0,0,0,0,1,0,0,0,3,1,2,1,1
NA1_5639595460,27,16.18.816.5012,1658,63169,52442,10727,79192,64923,14269,1003,881,122,38,20,18,8,1,7,2,1,1,2,3,0,0,0,0,1,0,1,0,3,1,2,1,1
NA1_5639595460,28,16.18.816.5012,1658,66882,52928,13954,83030,65379,17651,1025,885,140,41,20,21,9,1,8,2,1,1,2,3,0,0,0,0,1,0,1,0,3,1,2,0,1
NA1_5646523211,0,16.18.817.5716,73,2500,2500,0,0,0,0,0,0,0,0,0,0,0,0,0,0,0,0,4,4,0,0,0,0,0,0,0,0,3,3,2,2,1
NA1_5646523211,1,16.18.817.5716,73,2940,2505,435,72,0,72,1,0,1,1,0,1,0,0,0,0,0,0,4,4,0,0,0,0,0,0,0,0,3,3,2,2,1
NA1_5646523211,1,16.18.817.5716,73,3047,2652,395,134,186,-52,2,3,-1,1,0,1,0,0,0,0,0,0,4,4,0,0,0,0,0,0,0,0,3,3,2,2,1
NA1_5646279479,0,16.18.817.5716,1568,2500,2500,0,0,0,0,0,0,0,0,0,0,0,0,0,0,0,0,4,4,0,0,0,0,0,0,0,0,3,3,2,2,0
NA1_5646279479,1,16.18.817.5716,1568,2500,2500,0,0,0,0,0,0,0,0,0,0,0,0,0,0,0,0,4,4,0,0,0,0,0,0,0,0,3,3,2,2,0
NA1_5646279479,2,16.18.817.5716,1568,3885,3614,271,2631,2190,441,41,28,13,0,0,0,0,0,0,0,0,0,4,4,0,0,0,0,0,0,0,0,3,3,2,2,0
NA1_5646279479,3,16.18.817.5716,1568,5421,6073,-652,4505,4600,-95,68,61,7,1,3,-2,0,0,0,0,0,0,4,4,0,0,0,0,0,0,0,0,3,3,2,2,0
NA1_5646279479,4,16.18.817.5716,1568,7010,8420,-1410,5384,6256,-872,86,82,4,2,6,-4,0,0,0,0,0,0,4,4,0,0,0,0,0,0,0,0,3,3,2,2,0
NA1_5646279479,5,16.18.817.5716,1568,8449,9864,-1415,7512,8448,-936,123,121,2,2,6,-4,0,0,0,0,0,0,4,4,0,0,0,0,0,0,0,0,3,3,2,2,0
NA1_5646279479,6,16.18.817.5716,1568,9702,12045,-2343,9505,11145,-1640,153,164,-11,2,8,-6,0,0,0,0,0,0,4,4,0,0,0,0,0,0,0,0,3,3,2,2,0
NA1_5646279479,7,16.18.817.5716,1568,11289,14827,-3538,11137,14040,-2903,174,205,-31,3,11,-8,0,0,0,0,0,0,4,4,0,0,0,0,0,0,0,0,3,3,2,2,0
NA1_5646279479,8,16.18.817.5716,1568,13064,16072,-3008,13588,15404,-1816,208,233,-25,4,11,-7,0,0,0,0,0,0,4,4,0,0,0,0,0,0,0,0,3,3,2,2,0
NA1_5646279479,9,16.18.817.5716,1568,14141,17731,-3590,14703,17479,-2776,225,266,-41,4,12,-8,0,0,0,0,1,-1,4,3,0,0,0,0,0,0,0,0,3,3,2,2,0
NA1_5646279479,10,16.18.817.5716,1568,15800,19557,-3757,17113,20038,-2925,267,316,-49,4,12,-8,0,0,0,0,1,-1,4,3,0,0,0,0,0,0,0,0,3,3,2,2,0
NA1_5646279479,11,16.18.817.5716,1568,17790,21741,-3951,19287,23302,-4015,291,366,-75,5,14,-9,0,0,0,0,1,-1,4,3,0,0,0,0,0,0,0,0,3,3,2,2,0
NA1_5646279479,12,16.18.817.5716,1568,20078,23559,-3481,21316,26224,-4908,315,399,-84,7,15,-8,0,0,0,0,1,-1,4,3,0,0,0,0,0,0,0,0,3,3,2,2,0
NA1_5646279479,13,16.18.817.5716,1568,21781,26751,-4970,23128,29913,-6785,331,448,-117,8,19,-11,0,0,0,0,1,-1,4,3,0,0,0,0,0,0,0,0,3,3,2,2,0
NA1_5646279479,14,16.18.817.5716,1568,25749,29865,-4116,26665,31716,-5051,352,464,-112,12,22,-10,0,1,-1,0,1,-1,4,3,0,0,0,0,0,0,0,0,3,3,2,2,0
NA1_5646279479,15,16.18.817.5716,1568,28332,32090,-3758,30506,34947,-4441,394,506,-112,13,24,-11,0,1,-1,0,2,-2,4,2,0,0,0,0,0,0,0,0,3,3,2,2,0
NA1_5646279479,16,16.18.817.5716,1568,30645,34830,-4185,33291,37965,-4674,421,546,-125,14,25,-11,0,2,-2,0,2,-2,4,2,0,0,0,0,0,0,0,0,3,3,2,2,0
NA1_5646279479,17,16.18.817.5716,1568,31455,39095,-7640,33811,42850,-9039,427,588,-161,14,30,-16,0,3,-3,0,2,-2,4,2,0,0,0,0,0,1,0,0,3,3,2,2,0
NA1_5646279479,18,16.18.817.5716,1568,34053,41728,-7675,36001,45154,-9153,447,609,-162,15,32,-17,1,4,-3,0,2,-2,4,2,0,0,0,0,0,1,0,0,3,3,2,2,0
NA1_5646279479,19,16.18.817.5716,1568,36809,44204,-7395,39241,47610,-8369,471,644,-173,17,33,-16,1,4,-3,0,2,-2,4,2,0,0,0,0,0,1,0,0,3,3,2,2,0
NA1_5646279479,20,16.18.817.5716,1568,37981,47645,-9664,40457,51442,-10985,494,680,-186,17,36,-19,1,5,-4,0,2,-2,4,2,0,0,0,0,0,1,0,0,3,3,2,2,0
NA1_5646279479,21,16.18.817.5716,1568,41516,49223,-7707,44386,53125,-8739,543,703,-160,18,37,-19,2,5,-3,0,3,-3,4,1,0,0,0,0,0,1,0,0,3,3,2,2,0
NA1_5646279479,22,16.18.817.5716,1568,43412,52160,-8748,46899,57494,-10595,572,738,-166,19,41,-22,2,5,-3,0,3,-3,4,1,0,0,0,0,0,1,0,0,3,3,2,2,0
NA1_5646279479,23,16.18.817.5716,1568,45443,54407,-8964,49665,60128,-10463,598,772,-174,20,42,-22,2,6,-4,0,3,-3,4,1,0,0,0,0,0,1,0,0,2,3,2,2,0
NA1_5646279479,24,16.18.817.5716,1568,48170,55923,-7753,54092,61828,-7736,640,792,-152,22,43,-21,2,6,-4,0,3,-3,4,1,0,0,0,0,0,1,0,0,2,3,2,2,0
NA1_5646279479,25,16.18.817.5716,1568,50933,57288,-6355,56560,63699,-7139,661,810,-149,23,44,-21,3,6,-3,0,3,-3,4,1,0,0,0,0,0,1,0,0,2,3,2,2,0
NA1_5646279479,26,16.18.817.5716,1568,52739,61457,-8718,58659,68509,-9850,666,830,-164,25,49,-24,3,6,-3,0,3,-3,4,1,0,0,0,0,0,1,0,0,2,3,0,2,0
NA1_5646279479,26,16.18.817.5716,1568,54111,61595,-7484,59635,68509,-8874,668,830,-162,26,49,-23,3,6,-3,0,3,-3,4,1,0,0,0,0,0,1,0,0,2,3,0,2,0
NA1_5640091974,0,16.18.817.4437,1570,2500,2500,0,0,0,0,0,0,0,0,0,0,0,0,0,0,0,0,4,4,0,0,0,0,0,0,0,0,3,3,2,2,0
NA1_5640091974,1,16.18.817.4437,1570,2525,2550,-25,62,62,0,1,2,-1,0,0,0,0,0,0,0,0,0,4,4,0,0,0,0,0,0,0,0,3,3,2,2,0
NA1_5640091974,2,16.18.817.4437,1570,3915,3969,-54,2405,2740,-335,43,45,-2,0,0,0,0,0,0,0,0,0,4,4,0,0,0,0,0,0,0,0,3,3,2,2,0
NA1_5640091974,3,16.18.817.4437,1570,5536,5398,138,5293,4966,327,94,82,12,0,0,0,0,0,0,0,0,0,4,4,0,0,0,0,0,0,0,0,3,3,2,2,0
NA1_5640091974,4,16.18.817.4437,1570,6667,7453,-786,6643,7319,-676,112,120,-8,0,1,-1,0,0,0,0,0,0,4,4,0,0,0,0,0,0,0,0,3,3,2,2,0
NA1_5640091974,5,16.18.817.4437,1570,7961,9347,-1386,8912,9439,-527,147,155,-8,0,2,-2,0,0,0,0,0,0,4,4,0,0,0,0,0,0,0,0,3,3,2,2,0
NA1_5640091974,6,16.18.817.4437,1570,10148,11234,-1086,11362,11665,-303,190,191,-1,1,3,-2,0,0,0,0,0,0,4,4,0,0,0,0,0,0,0,0,3,3,2,2,0
NA1_5640091974,7,16.18.817.4437,1570,11443,12979,-1536,13224,13794,-570,222,228,-6,1,4,-3,0,0,0,0,0,0,4,4,0,0,0,0,0,0,0,0,3,3,2,2,0
NA1_5640091974,8,16.18.817.4437,1570,13356,14708,-1352,15949,16687,-738,262,280,-18,2,4,-2,0,0,0,0,0,0,4,4,0,0,0,0,0,0,0,0,3,3,2,2,0
NA1_5640091974,9,16.18.817.4437,1570,15305,17184,-1879,18950,19341,-391,306,320,-14,3,6,-3,0,0,0,0,1,-1,4,3,0,0,0,0,0,0,0,0,3,3,2,2,0
NA1_5640091974,10,16.18.817.4437,1570,16720,18962,-2242,20774,21332,-558,339,352,-13,3,7,-4,0,0,0,0,1,-1,4,3,0,0,0,0,0,0,0,0,3,3,2,2,0
NA1_5640091974,11,16.18.817.4437,1570,20156,21130,-974,22981,24310,-1329,355,383,-28,5,10,-5,1,0,1,0,1,-1,4,3,0,0,0,0,0,0,0,0,3,3,2,2,0
NA1_5640091974,12,16.18.817.4437,1570,21987,22653,-666,25427,26456,-1029,391,421,-30,6,10,-4,1,0,1,0,1,-1,4,3,0,0,0,0,0,0,0,0,3,3,2,2,0
NA1_5640091974,13,16.18.817.4437,1570,22932,25432,-2500,26852,30189,-3337,403,456,-53,6,13,-7,1,0,1,0,1,-1,4,3,0,0,0,0,0,0,0,0,3,3,2,2,0
NA1_5640091974,14,16.18.817.4437,1570,25383,27016,-1633,31146,32736,-1590,460,480,-20,7,14,-7,1,0,1,0,1,-1,4,3,0,0,0,0,0,0,0,0,3,3,2,2,0
NA1_5640091974,15,16.18.817.4437,1570,26848,29156,-2308,32528,35466,-2938,472,520,-48,8,15,-7,1,0,1,1,1,0,3,3,0,0,0,0,0,0,0,0,3,3,2,2,0
NA1_5640091974,16,16.18.817.4437,1570,28534,31387,-2853,34812,38403,-3591,511,573,-62,8,15,-7,1,0,1,1,1,0,3,3,0,0,0,0,1,0,0,0,3,3,2,2,0
NA1_5640091974,17,16.18.817.4437,1570,30163,33042,-2879,37356,41319,-3963,552,615,-63,8,15,-7,1,0,1,1,1,0,3,3,0,0,0,0,1,0,0,0,3,3,2,2,0
NA1_5640091974,18,16.18.817.4437,1570,32039,35346,-3307,40732,45272,-4540,580,660,-80,9,17,-8,1,0,1,1,1,0,3,3,0,0,0,0,1,0,0,0,3,3,2,2,0
NA1_5640091974,19,16.18.817.4437,1570,33454,37748,-4294,42665,48007,-5342,614,705,-91,9,17,-8,1,2,-1,1,1,0,3,3,0,0,0,0,1,0,0,0,3,3,2,2,0
NA1_5640091974,20,16.18.817.4437,1570,35390,40579,-5189,45888,51079,-5191,642,735,-93,10,19,-9,1,3,-2,1,2,-1,3,2,0,0,0,0,1,0,0,0,3,3,2,2,0
NA1_5640091974,21,16.18.817.4437,1570,39677,44534,-4857,49528,54264,-4736,656,759,-103,13,22,-9,2,5,-3,1,2,-1,3,2,0,0,0,0,1,0,0,0,3,3,2,2,0
NA1_5640091974,22,16.18.817.4437,1570,41615,45621,-4006,51592,55574,-3982,689,783,-94,13,22,-9,3,5,-2,1,2,-1,3,2,0,0,0,0,1,0,0,0,3,3,2,2,0
NA1_5640091974,23,16.18.817.4437,1570,42761,48348,-5587,52747,58839,-6092,709,803,-94,13,25,-12,3,5,-2,1,2,-1,3,2,0,0,0,0,1,0,0,0,3,3,2,2,0
NA1_5640091974,24,16.18.817.4437,1570,44318,50487,-6169,55057,63970,-8913,751,833,-82,13,25,-12,3,5,-2,1,2,-1,3,2,0,0,0,0,1,0,0,1,3,3,2,2,0
NA1_5640091974,25,16.18.817.4437,1570,45766,53271,-7505,57597,67958,-10361,777,883,-106,13,26,-13,3,5,-2,1,3,-2,3,1,0,0,0,0,1,0,0,1,3,3,2,2,0
NA1_5640091974,26,16.18.817.4437,1570,46624,59062,-12438,58278,73834,-15556,784,925,-141,13,32,-19,3,7,-4,1,3,-2,3,1,0,0,0,0,1,0,0,1,1,3,1,2,0
NA1_5640091974,26,16.18.817.4437,1570,46724,59463,-12739,58278,73868,-15590,784,925,-141,13,32,-19,3,7,-4,1,3,-2,3,1,0,0,0,0,1,0,0,1,1,3,0,2,0
NA1_5646348953,0,16.18.817.5716,1660,2500,2500,0,0,0,0,0,0,0,0,0,0,0,0,0,0,0,0,4,4,0,0,0,0,0,0,0,0,3,3,2,2,0
NA1_5646348953,1,16.18.817.5716,1660,2505,2530,-25,0,0,0,0,2,-2,0,0,0,0,0,0,0,0,0,4,4,0,0,0,0,0,0,0,0,3,3,2,2,0
NA1_5646348953,2,16.18.817.5716,1660,3803,3871,-68,2527,2480,47,38,40,-2,0,0,0,0,0,0,0,0,0,4,4,0,0,0,0,0,0,0,0,3,3,2,2,0
NA1_5646348953,3,16.18.817.5716,1660,5932,6153,-221,4877,4456,421,83,63,20,1,2,-1,0,0,0,0,0,0,4,4,0,0,0,0,0,0,0,0,3,3,2,2,0
NA1_5646348953,4,16.18.817.5716,1660,7241,7957,-716,6974,6455,519,114,95,19,1,3,-2,0,0,0,0,0,0,4,4,0,0,0,0,0,0,0,0,3,3,2,2,0
NA1_5646348953,5,16.18.817.5716,1660,9142,9595,-453,9718,8463,1255,164,126,38,2,4,-2,0,0,0,0,0,0,4,4,0,0,0,0,0,0,0,0,3,3,2,2,0
NA1_5646348953,6,16.18.817.5716,1660,11882,12282,-400,12080,11308,772,199,166,33,4,7,-3,0,0,0,0,0,0,4,4,0,0,0,0,0,0,0,0,3,3,2,2,0
NA1_5646348953,7,16.18.817.5716,1660,13370,13639,-269,13926,13017,909,232,195,37,4,7,-3,0,0,0,0,0,0,4,4,0,0,0,0,0,0,0,0,3,3,2,2,0
NA1_5646348953,8,16.18.817.5716,1660,14958,15138,-180,16459,15774,685,273,238,35,4,7,-3,0,0,0,0,1,-1,4,3,0,0,0,0,0,0,0,0,3,3,2,2,0
NA1_5646348953,9,16.18.817.5716,1660,16574,16970,-396,19489,18364,1125,325,283,42,4,7,-3,0,0,0,0,1,-1,4,3,0,0,0,0,0,0,0,0,3,3,2,2,0
NA1_5646348953,10,16.18.817.5716,1660,18251,19025,-774,21854,21060,794,370,319,51,4,8,-4,0,0,0,0,1,-1,4,3,0,0,0,0,0,0,0,0,3,3,2,2,0
NA1_5646348953,11,16.18.817.5716,1660,20114,21896,-1782,23413,23934,-521,395,353,42,5,11,-6,0,0,0,0,1,-1,4,3,0,0,0,0,0,0,0,0,3,3,2,2,0
NA1_5646348953,12,16.18.817.5716,1660,21769,24603,-2834,25187,27983,-2796,423,405,18,5,12,-7,0,0,0,0,1,-1,4,3,0,0,0,0,0,0,0,0,3,3,2,2,0
NA1_5646348953,13,16.18.817.5716,1660,24056,26401,-2345,27911,30815,-2904,464,441,23,6,13,-7,0,0,0,0,1,-1,4,3,0,0,0,0,0,0,0,0,3,3,2,2,0
NA1_5646348953,14,16.18.817.5716,1660,26106,28013,-1907,30905,32421,-1516,499,462,37,7,14,-7,0,0,0,0,1,-1,4,3,0,0,0,0,0,0,0,0,3,3,2,2,0
NA1_5646348953,15,16.18.817.5716,1660,28106,30889,-2783,32894,36249,-3355,528,517,11,7,16,-9,1,1,0,1,1,0,3,3,0,0,0,0,0,0,0,0,3,3,2,2,0
NA1_5646348953,16,16.18.817.5716,1660,29502,33802,-4300,34674,40168,-5494,560,563,-3,7,18,-11,1,2,-1,1,1,0,3,3,0,0,0,0,0,0,0,0,3,3,2,2,0
NA1_5646348953,17,16.18.817.5716,1660,31530,35803,-4273,37588,42760,-5172,600,606,-6,8,18,-10,1,3,-2,1,1,0,3,3,0,0,0,0,0,1,0,0,3,3,2,2,0
NA1_5646348953,18,16.18.817.5716,1660,33125,37599,-4474,40368,45635,-5267,644,655,-11,8,18,-10,1,3,-2,1,1,0,3,3,0,0,0,0,0,1,0,0,3,3,2,2,0
NA1_5646348953,19,16.18.817.5716,1660,35129,40511,-5382,43278,48854,-5576,676,693,-17,9,20,-11,1,3,-2,1,1,0,3,3,0,0,0,0,0,1,0,0,3,3,2,2,0
NA1_5646348953,20,16.18.817.5716,1660,36547,42731,-6184,44995,50981,-5986,711,718,-7,9,21,-12,1,3,-2,1,2,-1,3,2,0,0,0,0,0,1,0,0,3,3,2,2,0
NA1_5646348953,21,16.18.817.5716,1660,38130,44291,-6161,47365,53186,-5821,752,760,-8,9,21,-12,1,3,-2,1,2,-1,3,2,0,0,0,0,0,1,0,0,3,3,2,2,0
NA1_5646348953,22,16.18.817.5716,1660,39626,47043,-7417,49924,58520,-8596,791,790,1,9,21,-12,1,4,-3,1,2,-1,3,2,0,0,0,0,0,1,0,1,3,3,2,2,0
NA1_5646348953,23,16.18.817.5716,1660,41460,48921,-7461,52783,60156,-7373,814,815,-1,10,21,-11,1,5,-4,1,2,-1,3,2,0,0,0,0,0,1,0,1,3,3,2,2,0
NA1_5646348953,24,16.18.817.5716,1660,43102,51317,-8215,55210,63659,-8449,856,869,-13,10,22,-12,1,5,-4,1,2,-1,3,2,0,0,0,0,0,1,0,1,3,3,2,2,0
NA1_5646348953,25,16.18.817.5716,1660,44469,53218,-8749,57376,66046,-8670,887,894,-7,10,23,-13,1,5,-4,1,3,-2,3,1,0,0,0,0,0,1,0,1,3,3,2,2,0
NA1_5646348953,26,16.18.817.5716,1660,45441,58281,-12840,58212,71695,-13483,902,945,-43,10,27,-17,1,7,-6,1,3,-2,3,1,0,0,0,0,0,1,0,1,3,3,2,2,0
NA1_5646348953,27,16.18.817.5716,1660,47458,60736,-13278,61477,74965,-13488,957,985,-28,10,28,-18,1,8,-7,1,3,-2,3,1,0,0,0,0,0,1,0,1,3,3,2,2,0
NA1_5646348953,28,16.18.817.5716,1660,50131,62401,-12270,65054,76913,-11859,976,999,-23,12,30,-18,1,8,-7,1,3,-2,3,1,0,0,0,0,0,1,0,1,3,3,2,2,0
NA1_5644753916,0,16.18.817.5716,1720,2500,2500,0,0,0,0,0,0,0,0,0,0,0,0,0,0,0,0,4,4,0,0,0,0,0,0,0,0,3,3,2,2,1
NA1_5644753916,1,16.18.817.5716,1720,2510,2525,-15,0,62,-62,0,1,-1,0,0,0,0,0,0,0,0,0,4,4,0,0,0,0,0,0,0,0,3,3,2,2,1
NA1_5644753916,2,16.18.817.5716,1720,4386,3798,588,2633,2336,297,38,37,1,1,0,1,0,0,0,0,0,0,4,4,0,0,0,0,0,0,0,0,3,3,2,2,1
NA1_5644753916,3,16.18.817.5716,1720,5724,5664,60,4674,4479,195,67,73,-6,1,1,0,0,0,0,0,0,0,4,4,0,0,0,0,0,0,0,0,3,3,2,2,1
NA1_5644753916,4,16.18.817.5716,1720,7162,7272,-110,6704,6168,536,102,97,5,1,2,-1,0,0,0,0,0,0,4,4,0,0,0,0,0,0,0,0,3,3,2,2,1
NA1_5644753916,5,16.18.817.5716,1720,8861,8557,304,8587,8107,480,133,127,6,2,2,0,0,0,0,0,0,0,4,4,0,0,0,0,0,0,0,0,3,3,2,2,1
NA1_5644753916,6,16.18.817.5716,1720,9991,10115,-124,10395,10627,-232,155,173,-18,2,2,0,0,0,0,0,0,0,4,4,0,0,0,0,0,0,0,0,3,3,2,2,1
NA1_5644753916,7,16.18.817.5716,1720,11565,11452,113,13123,12605,518,201,207,-6,2,2,0,0,0,0,0,1,-1,4,3,0,0,0,0,0,0,0,0,3,3,2,2,1
NA1_5644753916,8,16.18.817.5716,1720,13406,13597,-191,15482,15580,-98,238,251,-13,3,4,-1,0,0,0,0,1,-1,4,3,0,0,0,0,0,0,0,0,3,3,2,2,1
NA1_5644753916,9,16.18.817.5716,1720,14752,15080,-328,17108,17564,-456,266,279,-13,3,4,-1,0,0,0,0,1,-1,4,3,0,0,0,0,0,0,0,0,3,3,2,2,1
NA1_5644753916,10,16.18.817.5716,1720,16592,16807,-215,19415,20157,-742,296,318,-22,4,5,-1,0,0,0,0,1,-1,4,3,0,0,0,0,0,0,0,0,3,3,2,2,1
NA1_5644753916,11,16.18.817.5716,1720,18543,18177,366,22497,22165,332,344,354,-10,5,5,0,0,0,0,0,1,-1,4,3,0,0,0,0,0,0,0,0,3,3,2,2,1
NA1_5644753916,12,16.18.817.5716,1720,21578,19769,1809,25641,24721,920,386,392,-6,8,5,3,0,0,0,0,1,-1,4,3,0,0,0,0,0,0,0,0,3,3,2,2,1
NA1_5644753916,13,16.18.817.5716,1720,23548,21413,2135,27741,26702,1039,422,425,-3,8,5,3,0,0,0,0,1,-1,4,3,0,0,0,0,0,0,0,0,3,3,2,2,1
NA1_5644753916,14,16.18.817.5716,1720,26313,25318,995,31149,30034,1115,463,462,1,10,8,2,0,0,0,0,1,-1,4,3,0,0,0,0,0,0,0,0,3,3,2,2,1
NA1_5644753916,15,16.18.817.5716,1720,27872,26622,1250,33518,31883,1635,500,495,5,10,8,2,0,0,0,1,1,0,3,3,0,0,0,0,0,0,0,0,3,3,2,2,1
NA1_5644753916,16,16.18.817.5716,1720,30763,29123,1640,35910,33998,1912,523,505,18,12,11,1,1,0,1,1,1,0,3,3,0,0,0,0,0,0,0,0,3,3,2,2,1
NA1_5644753916,17,16.18.817.5716,1720,32718,31540,1178,38854,37739,1115,562,552,10,13,13,0,1,0,1,1,1,0,3,3,0,0,0,0,0,0,0,0,3,3,2,2,1
NA1_5644753916,18,16.18.817.5716,1720,34546,33014,1532,40745,39751,994,595,589,6,13,13,0,1,0,1,1,1,0,3,3,0,0,0,0,0,0,0,0,3,3,2,2,1
NA1_5644753916,19,16.18.817.5716,1720,37710,34705,3005,44117,41324,2793,608,596,12,17,15,2,1,0,1,1,1,0,3,3,0,0,0,0,0,0,0,0,3,3,2,2,1
NA1_5644753916,20,16.18.817.5716,1720,39356,37071,2285,46113,44279,1834,635,641,-6,17,15,2,2,1,1,2,1,1,2,3,0,0,0,0,1,0,0,0,3,3,2,2,1
NA1_5644753916,21,16.18.817.5716,1720,41317,39443,1874,47886,46290,1596,661,670,-9,18,16,2,3,2,1,2,1,1,2,3,0,0,0,0,1,0,0,0,3,3,2,2,1
NA1_5644753916,22,16.18.817.5716,1720,44411,42110,2301,50977,48837,2140,686,695,-9,20,17,3,4,3,1,2,1,1,2,3,0,0,0,0,1,0,0,0,3,3,2,2,1
NA1_5644753916,23,16.18.817.5716,1720,45725,44197,1528,52199,52366,-167,713,759,-46,20,17,3,4,3,1,2,1,1,2,3,0,0,0,0,1,0,0,0,3,3,2,2,1
NA1_5644753916,24,16.18.817.5716,1720,48723,45820,2903,56232,55015,1217,755,781,-26,22,18,4,4,3,1,2,1,1,2,3,0,0,0,0,1,0,0,0,3,3,2,2,1
NA1_5644753916,25,16.18.817.5716,1720,51028,46970,4058,58906,56153,2753,778,797,-19,24,18,6,4,3,1,2,1,1,2,3,0,0,0,0,1,0,0,0,3,3,2,2,1
NA1_5644753916,26,16.18.817.5716,1720,53885,47838,6047,64664,56741,7923,799,806,-7,26,18,8,4,3,1,3,1,2,1,3,0,0,0,0,1,0,1,0,3,3,2,2,1
NA1_5644753916,27,16.18.817.5716,1720,56106,49763,6343,67685,59480,8205,835,852,-17,27,18,9,4,3,1,3,1,2,1,3,0,0,0,0,1,0,1,0,3,3,2,2,1
NA1_5644753916,28,16.18.817.5716,1720,58864,50954,7910,70948,61138,9810,861,872,-11,30,18,12,4,3,1,3,1,2,1,3,0,0,0,0,1,0,1,0,3,3,2,2,1
NA1_5644753916,29,16.18.817.5716,1720,61060,51734,9326,72649,62274,10375,874,883,-9,31,18,13,5,3,2,3,1,2,1,3,0,0,0,0,1,0,1,0,3,2,2,0,1
NA1_5645226492,0,16.18.817.5716,1561,2500,2500,0,0,0,0,0,0,0,0,0,0,0,0,0,0,0,0,4,4,0,0,0,0,0,0,0,0,3,3,2,2,0
NA1_5645226492,1,16.18.817.5716,1561,2530,2505,25,62,0,62,1,0,1,0,0,0,0,0,0,0,0,0,4,4,0,0,0,0,0,0,0,0,3,3,2,2,0
NA1_5645226492,2,16.18.817.5716,1561,4234,3792,442,2511,2321,190,38,36,2,1,0,1,0,0,0,0,0,0,4,4,0,0,0,0,0,0,0,0,3,3,2,2,0
NA1_5645226492,3,16.18.817.5716,1561,5481,6278,-797,4408,5063,-655,64,83,-19,1,2,-1,0,0,0,0,0,0,4,4,0,0,0,0,0,0,0,0,3,3,2,2,0
NA1_5645226492,4,16.18.817.5716,1561,7076,7477,-401,7039,6645,394,114,108,6,1,2,-1,0,0,0,0,0,0,4,4,0,0,0,0,0,0,0,0,3,3,2,2,0
NA1_5645226492,5,16.18.817.5716,1561,8686,9031,-345,9268,9036,232,145,155,-10,2,2,0,0,0,0,0,0,0,4,4,0,0,0,0,0,0,0,0,3,3,2,2,0
NA1_5645226492,6,16.18.817.5716,1561,10387,10776,-389,11245,11627,-382,173,196,-23,3,3,0,0,0,0,0,1,-1,4,3,0,0,0,0,0,0,0,0,3,3,2,2,0
NA1_5645226492,7,16.18.817.5716,1561,11819,12404,-585,13801,14170,-369,210,239,-29,3,3,0,0,0,0,0,1,-1,4,3,0,0,0,0,0,0,0,0,3,3,2,2,0
NA1_5645226492,8,16.18.817.5716,1561,14150,13747,403,16561,16230,331,248,271,-23,5,3,2,0,0,0,0,1,-1,4,3,0,0,0,0,0,0,0,0,3,3,2,2,0
NA1_5645226492,9,16.18.817.5716,1561,15479,16673,-1194,18142,18731,-589,280,302,-22,5,6,-1,0,0,0,0,1,-1,4,3,0,0,0,0,0,0,0,0,3,3,2,2,0
NA1_5645226492,10,16.18.817.5716,1561,16953,18289,-1336,20061,20881,-820,306,336,-30,6,6,0,0,0,0,0,1,-1,4,3,0,0,0,0,0,0,0,0,3,3,2,2,0
NA1_5645226492,11,16.18.817.5716,1561,18312,20476,-2164,21911,23409,-1498,337,368,-31,6,8,-2,0,0,0,0,1,-1,4,3,0,0,0,0,0,0,0,0,3,3,2,2,0
NA1_5645226492,12,16.18.817.5716,1561,20757,22900,-2143,25400,25901,-501,362,401,-39,8,9,-1,0,0,0,0,2,-2,4,2,0,0,0,0,0,0,0,0,3,3,2,2,0
NA1_5645226492,13,16.18.817.5716,1561,23178,24549,-1371,27943,27974,-31,397,438,-41,9,9,0,0,0,0,0,2,-2,4,2,0,0,0,0,0,0,0,0,3,3,2,2,0
NA1_5645226492,14,16.18.817.5716,1561,24699,26370,-1671,29656,30674,-1018,425,465,-40,9,10,-1,0,0,0,0,2,-2,4,2,0,0,0,0,0,0,0,0,3,3,2,2,0
NA1_5645226492,15,16.18.817.5716,1561,27759,28527,-768,32253,33103,-850,454,497,-43,11,11,0,1,0,1,0,2,-2,4,2,0,0,0,0,0,0,0,0,3,3,2,2,0
NA1_5645226492,16,16.18.817.5716,1561,30363,30465,-102,35801,35397,404,487,531,-44,13,11,2,1,1,0,0,2,-2,4,2,0,0,0,0,0,0,0,0,3,3,2,2,0
NA1_5645226492,17,16.18.817.5716,1561,31849,33082,-1233,37802,38297,-495,523,584,-61,13,12,1,1,2,-1,0,2,-2,4,2,0,0,0,0,1,0,0,0,3,3,2,2,0
NA1_5645226492,18,16.18.817.5716,1561,33906,34837,-931,40903,41379,-476,567,635,-68,13,12,1,2,2,0,0,3,-3,4,1,0,0,0,0,1,0,0,0,3,3,2,2,0
NA1_5645226492,19,16.18.817.5716,1561,36447,37082,-635,44115,44647,-532,608,672,-64,14,13,1,3,2,1,0,3,-3,4,1,0,0,0,0,1,0,0,0,3,3,2,2,0
NA1_5645226492,20,16.18.817.5716,1561,38223,39374,-1151,46702,46954,-252,656,715,-59,14,13,1,3,3,0,0,3,-3,4,1,0,0,0,0,1,0,0,0,3,3,2,2,0
NA1_5645226492,21,16.18.817.5716,1561,41474,41004,470,50404,48328,2076,680,745,-65,17,13,4,3,3,0,0,3,-3,4,1,0,0,0,0,1,0,0,0,3,3,2,2,0
NA1_5645226492,22,16.18.817.5716,1561,43602,42452,1150,55097,50522,4575,707,780,-73,17,13,4,3,3,0,0,3,-3,4,1,0,0,0,0,1,0,1,0,3,3,2,2,0
NA1_5645226492,23,16.18.817.5716,1561,44326,46621,-2295,55518,55523,-5,710,812,-102,17,17,0,3,4,-1,0,4,-4,4,0,0,1,0,0,1,0,1,0,3,3,2,2,0
NA1_5645226492,24,16.18.817.5716,1561,45278,51228,-5950,56507,61883,-5376,724,856,-132,17,22,-5,3,4,-1,0,4,-4,4,0,0,1,0,0,1,0,1,0,3,3,2,2,0
NA1_5645226492,25,16.18.817.5716,1561,46513,54384,-7871,58100,63823,-5723,749,888,-139,17,22,-5,3,6,-3,0,4,-4,4,0,0,1,0,0,1,0,1,0,2,3,2,2,0
NA1_5645226492,26,16.18.817.5716,1561,48819,59727,-10908,60377,70479,-10102,762,923,-161,19,28,-9,3,6,-3,0,4,-4,4,0,0,1,0,0,1,0,1,0,2,3,0,2,0
NA1_5645226492,26,16.18.817.5716,1561,48836,59744,-10908,60377,70479,-10102,762,923,-161,19,28,-9,3,6,-3,0,4,-4,4,0,0,1,0,0,1,0,1,0,2,3,0,2,0
NA1_5646480122,0,16.18.817.5716,960,2500,2500,0,0,0,0,0,0,0,0,0,0,0,0,0,0,0,0,4,4,0,0,0,0,0,0,0,0,3,3,2,2,0
NA1_5646480122,1,16.18.817.5716,960,2500,2525,-25,0,62,-62,0,1,-1,0,0,0,0,0,0,0,0,0,4,4,0,0,0,0,0,0,0,0,3,3,2,2,0
NA1_5646480122,2,16.18.817.5716,960,3723,3767,-44,2142,2297,-155,31,35,-4,0,0,0,0,0,0,0,0,0,4,4,0,0,0,0,0,0,0,0,3,3,2,2,0
NA1_5646480122,3,16.18.817.5716,960,5283,6127,-844,4553,4487,66,57,61,-4,1,3,-2,0,0,0,0,0,0,4,4,0,0,0,0,0,0,0,0,3,3,2,2,0
NA1_5646480122,4,16.18.817.5716,960,6934,7585,-651,6777,6624,153,90,91,-1,2,3,-1,0,0,0,0,0,0,4,4,0,0,0,0,0,0,0,0,3,3,2,2,0
NA1_5646480122,5,16.18.817.5716,960,8300,9082,-782,8755,8887,-132,125,131,-6,2,3,-1,0,0,0,0,0,0,4,4,0,0,0,0,0,0,0,0,3,3,2,2,0
NA1_5646480122,6,16.18.817.5716,960,10031,11468,-1437,10615,11337,-722,151,161,-10,3,5,-2,0,0,0,0,0,0,4,4,0,0,0,0,0,0,0,0,3,3,2,2,0
NA1_5646480122,7,16.18.817.5716,960,12210,13386,-1176,13445,14009,-564,194,204,-10,4,6,-2,0,0,0,0,0,0,4,4,0,0,0,0,0,0,0,0,3,3,2,2,0
NA1_5646480122,8,16.18.817.5716,960,13499,14602,-1103,15110,15816,-706,226,235,-9,4,6,-2,0,0,0,0,1,-1,4,3,0,0,0,0,0,0,0,0,3,3,2,2,0
NA1_5646480122,9,16.18.817.5716,960,15223,17457,-2234,17391,19094,-1703,262,274,-12,5,9,-4,0,0,0,0,1,-1,4,3,0,0,0,0,0,0,0,0,3,3,2,2,0
NA1_5646480122,10,16.18.817.5716,960,16679,18847,-2168,19622,20906,-1284,299,305,-6,5,9,-4,0,0,0,0,1,-1,4,3,0,0,0,0,0,0,0,0,3,3,2,2,0
NA1_5646480122,11,16.18.817.5716,960,17968,20612,-2644,21498,23792,-2294,333,360,-27,5,9,-4,0,0,0,0,1,-1,4,3,0,0,0,0,0,0,0,0,3,3,2,2,0
NA1_5646480122,12,16.18.817.5716,960,19404,24140,-4736,23000,27717,-4717,358,399,-41,5,12,-7,0,0,0,0,1,-1,4,3,0,0,0,0,0,0,0,0,3,3,2,2,0
NA1_5646480122,13,16.18.817.5716,960,21515,26191,-4676,26247,29836,-3589,399,432,-33,6,13,-7,0,0,0,0,1,-1,4,3,0,0,0,0,0,0,0,0,3,3,2,2,0
NA1_5646480122,14,16.18.817.5716,960,23176,27754,-4578,28439,32341,-3902,426,470,-44,6,13,-7,0,0,0,0,2,-2,4,2,0,0,0,0,0,0,0,0,3,3,2,2,0
NA1_5646480122,15,16.18.817.5716,960,25361,31164,-5803,30765,35698,-4933,454,495,-41,7,17,-10,0,0,0,0,2,-2,4,2,0,0,0,0,0,0,0,0,3,3,2,2,0
NA1_5646480122,16,16.18.817.5716,960,27472,33792,-6320,33962,38225,-4263,492,519,-27,8,19,-11,0,0,0,0,2,-2,4,2,0,0,0,0,0,0,0,0,3,3,2,2,0
NA1_5645901666,0,16.18.817.5716,1440,2500,2500,0,0,0,0,0,0,0,0,0,0,0,0,0,0,0,0,4,4,0,0,0,0,0,0,0,0,3,3,2,2,1
NA1_5645901666,1,16.18.817.5716,1440,2934,3460,-526,27,54,-27,0,0,0,1,2,-1,0,0,0,0,0,0,4,4,0,0,0,0,0,0,0,0,3,3,2,2,1
NA1_5645901666,2,16.18.817.5716,1440,4218,4741,-523,2253,2103,150,38,35,3,1,2,-1,0,0,0,0,0,0,4,4,0,0,0,0,0,0,0,0,3,3,2,2,1
NA1_5645901666,3,16.18.817.5716,1440,6468,6671,-203,4764,4456,308,73,76,-3,3,3,0,0,0,0,0,0,0,4,4,0,0,0,0,0,0,0,0,3,3,2,2,1
NA1_5645901666,4,16.18.817.5716,1440,8358,8465,-107,6605,6798,-193,98,116,-18,5,4,1,0,0,0,0,0,0,4,4,0,0,0,0,0,0,0,0,3,3,2,2,1
NA1_5645901666,5,16.18.817.5716,1440,9637,11092,-1455,8356,9003,-647,132,145,-13,5,7,-2,0,0,0,0,0,0,4,4,0,0,0,0,0,0,0,0,3,3,2,2,1
NA1_5645901666,6,16.18.817.5716,1440,11214,12527,-1313,10824,11340,-516,178,183,-5,5,7,-2,0,0,0,0,0,0,4,4,0,0,0,0,0,0,0,0,3,3,2,2,1
NA1_5645901666,7,16.18.817.5716,1440,12654,14345,-1691,13307,13733,-426,215,223,-8,5,8,-3,0,0,0,1,0,1,3,4,0,0,0,0,0,0,0,0,3,3,2,2,1
NA1_5645901666,8,16.18.817.5716,1440,13869,16701,-2832,14773,16431,-1658,239,263,-24,5,10,-5,0,0,0,1,0,1,3,4,0,0,0,0,0,0,0,0,3,3,2,2,1
NA1_5645901666,9,16.18.817.5716,1440,16086,18795,-2709,17256,19135,-1879,278,307,-29,6,11,-5,0,0,0,1,0,1,3,4,0,0,0,0,0,0,0,0,3,3,2,2,1
NA1_5645901666,10,16.18.817.5716,1440,17508,20856,-3348,19401,21818,-2417,314,355,-41,6,12,-6,0,0,0,1,0,1,3,4,0,0,0,0,0,0,0,0,3,3,2,2,1
NA1_5645901666,11,16.18.817.5716,1440,21229,22076,-847,22249,22928,-679,343,377,-34,9,12,-3,0,0,0,1,0,1,3,4,0,0,0,0,0,0,0,0,3,3,2,2,1
NA1_5645901666,12,16.18.817.5716,1440,23129,23840,-711,25140,25789,-649,382,420,-38,9,12,-3,0,0,0,1,0,1,3,4,0,0,0,0,0,0,0,0,3,3,2,2,1
NA1_5645901666,13,16.18.817.5716,1440,26742,25166,1576,29118,26757,2361,431,435,-4,12,12,0,0,0,0,2,0,2,2,4,0,0,0,0,0,0,0,0,3,3,2,2,1
NA1_5645901666,14,16.18.817.5716,1440,28672,26637,2035,31496,28861,2635,468,474,-6,13,12,1,0,0,0,2,0,2,2,4,0,0,0,0,0,0,0,0,3,3,2,2,1
NA1_5645901666,15,16.18.817.5716,1440,31865,29240,2625,34834,31683,3151,511,510,1,15,13,2,0,0,0,2,0,2,2,4,0,0,0,0,0,0,0,0,3,3,2,2,1
NA1_5645901666,16,16.18.817.5716,1440,34580,31251,3329,37669,34019,3650,551,552,-1,16,13,3,1,0,1,2,0,2,2,4,0,0,0,0,0,0,0,0,3,3,2,2,1
NA1_5645901666,17,16.18.817.5716,1440,36528,32873,3655,40358,36678,3680,590,595,-5,17,13,4,1,0,1,2,0,2,2,4,0,0,0,0,1,0,0,0,3,3,2,2,1
NA1_5645901666,18,16.18.817.5716,1440,39770,34784,4986,43540,39149,4391,610,612,-2,20,15,5,2,0,2,2,0,2,2,4,0,0,0,0,1,0,0,0,3,3,2,2,1
NA1_5645901666,19,16.18.817.5716,1440,42171,36582,5589,47445,41731,5714,676,654,22,20,15,5,3,0,3,3,0,3,1,4,0,0,0,0,1,0,0,0,3,3,2,2,1
NA1_5645901666,20,16.18.817.5716,1440,43791,38791,5000,49442,44707,4735,707,685,22,21,16,5,3,0,3,3,0,3,1,4,0,0,0,0,1,0,0,0,3,3,2,2,1
NA1_5645901666,21,16.18.817.5716,1440,46541,40957,5584,52517,45889,6628,736,707,29,23,16,7,3,1,2,3,0,3,1,4,0,0,0,0,1,0,0,0,3,3,2,2,1
NA1_5645901666,22,16.18.817.5716,1440,50272,42938,7334,56660,49242,7418,769,751,18,27,17,10,4,1,3,3,0,3,1,4,0,0,0,0,1,0,0,0,3,3,2,2,1
NA1_5645901666,23,16.18.817.5716,1440,52808,45217,7591,58190,51239,6951,794,782,12,27,17,10,6,2,4,3,0,3,1,4,0,0,0,0,1,0,0,0,3,2,2,2,1
NA1_5645901666,24,16.18.817.5716,1440,55600,46132,9468,61993,51906,10087,815,792,23,30,17,13,6,2,4,4,0,4,0,4,1,0,0,0,1,0,0,0,3,2,2,2,1
NA1_5646564702,0,16.18.817.5716,1414,2500,2500,0,0,0,0,0,0,0,0,0,0,0,0,0,0,0,0,4,4,0,0,0,0,0,0,0,0,3,3,2,2,0
NA1_5646564702,1,16.18.817.5716,1414,2505,2505,0,0,0,0,0,0,0,0,0,0,0,0,0,0,0,0,4,4,0,0,0,0,0,0,0,0,3,3,2,2,0
NA1_5646564702,2,16.18.817.5716,1414,4272,3675,597,2341,1986,355,37,28,9,1,0,1,0,0,0,0,0,0,4,4,0,0,0,0,0,0,0,0,3,3,2,2,0
NA1_5646564702,3,16.18.817.5716,1414,5947,6276,-329,4400,4607,-207,66,65,1,2,3,-1,0,0,0,0,0,0,4,4,0,0,0,0,0,0,0,0,3,3,2,2,0
NA1_5646564702,4,16.18.817.5716,1414,8876,9026,-150,6314,6386,-72,86,87,-1,6,7,-1,0,0,0,0,0,0,4,4,0,0,0,0,0,0,0,0,3,3,2,2,0
NA1_5646564702,5,16.18.817.5716,1414,10322,11302,-980,7847,8587,-740,108,123,-15,7,9,-2,0,0,0,0,0,0,4,4,0,0,0,0,0,0,0,0,3,3,2,2,0
NA1_5646564702,6,16.18.817.5716,1414,11986,13204,-1218,10208,11192,-984,138,164,-26,8,10,-2,0,0,0,0,0,0,4,4,0,0,0,0,0,0,0,0,3,3,2,2,0
NA1_5646564702,7,16.18.817.5716,1414,13350,15662,-2312,12130,13716,-1586,169,203,-34,8,13,-5,0,0,0,0,0,0,4,4,0,0,0,0,0,0,0,0,3,3,2,2,0
NA1_5646564702,8,16.18.817.5716,1414,14366,17663,-3297,13261,15836,-2575,189,230,-41,8,14,-6,0,0,0,0,0,0,4,4,0,0,0,0,0,0,0,0,3,3,2,2,0
NA1_5646564702,9,16.18.817.5716,1414,16055,19783,-3728,15472,18648,-3176,235,272,-37,8,15,-7,0,0,0,0,0,0,4,4,0,0,0,0,0,0,0,0,3,3,2,2,0
NA1_5646564702,10,16.18.817.5716,1414,17589,23242,-5653,16583,22791,-6208,249,324,-75,9,21,-12,0,0,0,0,0,0,4,4,0,0,0,0,0,0,0,0,3,3,2,2,0
NA1_5646564702,11,16.18.817.5716,1414,20439,26207,-5768,19535,24829,-5294,271,341,-70,12,23,-11,0,1,-1,0,0,0,4,4,0,0,0,0,0,0,0,0,3,3,2,2,0
NA1_5646564702,12,16.18.817.5716,1414,22537,28053,-5516,22117,27229,-5112,310,384,-74,13,23,-10,0,1,-1,0,1,-1,4,3,0,0,0,0,0,0,0,0,3,3,2,2,0
NA1_5646564702,13,16.18.817.5716,1414,23828,31113,-7285,23642,30547,-6905,338,431,-93,13,26,-13,0,2,-2,0,1,-1,4,3,0,0,0,0,0,0,0,0,3,3,2,2,0
NA1_5646564702,14,16.18.817.5716,1414,25321,34335,-9014,26206,33251,-7045,353,464,-111,14,28,-14,0,3,-3,0,1,-1,4,3,0,0,0,0,0,0,0,0,3,3,2,2,0
NA1_5646564702,15,16.18.817.5716,1414,26818,35702,-8884,28112,34714,-6602,384,485,-101,14,29,-15,0,3,-3,0,1,-1,4,3,0,0,0,0,0,0,0,0,3,3,2,2,0
NA1_5646564702,16,16.18.817.5716,1414,29252,39436,-10184,31067,38192,-7125,402,506,-104,16,33,-17,0,4,-4,0,1,-1,4,3,0,0,0,0,0,1,0,0,3,3,2,2,0
NA1_5646564702,17,16.18.817.5716,1414,30361,43419,-13058,32502,41576,-9074,423,535,-112,16,36,-20,0,6,-6,0,1,-1,4,3,0,0,0,0,0,1,0,0,3,3,2,2,0
NA1_5646564702,18,16.18.817.5716,1414,34570,45971,-11401,36445,44647,-8202,450,560,-110,19,39,-20,0,6,-6,0,1,-1,4,3,0,0,0,0,0,1,0,0,3,3,2,2,0
NA1_5646564702,19,16.18.817.5716,1414,36679,47343,-10664,39730,46372,-6642,494,590,-96,20,39,-19,0,6,-6,0,2,-2,4,2,0,0,0,0,0,1,0,0,3,3,2,2,0
NA1_5646564702,20,16.18.817.5716,1414,38405,49119,-10714,42675,48064,-5389,529,616,-87,21,40,-19,0,6,-6,0,2,-2,4,2,0,0,0,0,0,1,0,0,3,3,2,2,0
NA1_5646564702,21,16.18.817.5716,1414,39963,52667,-12704,43941,55288,-11347,555,643,-88,21,43,-22,0,6,-6,0,2,-2,4,2,0,0,0,0,0,1,0,1,3,3,2,2,0
NA1_5646564702,22,16.18.817.5716,1414,41510,55299,-13789,46705,57535,-10830,576,672,-96,22,44,-22,0,7,-7,0,2,-2,4,2,0,0,0,0,0,1,0,1,2,3,2,2,0
NA1_5646564702,23,16.18.817.5716,1414,43425,57989,-14564,49348,60772,-11424,597,697,-100,23,46,-23,0,8,-8,0,2,-2,4,2,0,0,0,0,0,1,0,1,2,3,2,2,0
NA1_5646564702,24,16.18.817.5716,1414,43833,60671,-16838,49348,63805,-14457,597,711,-114,23,49,-26,0,8,-8,0,2,-2,4,2,0,0,0,0,0,1,0,1,1,3,0,2,0
NA1_5641963927,0,16.18.817.5716,1443,2500,2500,0,0,0,0,0,0,0,0,0,0,0,0,0,0,0,0,4,4,0,0,0,0,0,0,0,0,3,3,2,2,1
NA1_5641963927,1,16.18.817.5716,1443,2513,2500,13,0,0,0,0,0,0,0,0,0,0,0,0,0,0,0,4,4,0,0,0,0,0,0,0,0,3,3,2,2,1
NA1_5641963927,2,16.18.817.5716,1443,3958,3857,101,2658,2578,80,42,40,2,0,0,0,0,0,0,0,0,0,4,4,0,0,0,0,0,0,0,0,3,3,2,2,1
NA1_5641963927,3,16.18.817.5716,1443,5412,5256,156,4873,4938,-65,74,77,-3,0,0,0,0,0,0,0,0,0,4,4,0,0,0,0,0,0,0,0,3,3,2,2,1
NA1_5641963927,4,16.18.817.5716,1443,7922,6354,1568,7819,6269,1550,125,99,26,1,0,1,0,0,0,0,0,0,4,4,0,0,0,0,0,0,0,0,3,3,2,2,1
NA1_5641963927,5,16.18.817.5716,1443,9513,7893,1620,9659,8479,1180,147,138,9,2,0,2,0,0,0,0,0,0,4,4,0,0,0,0,0,0,0,0,3,3,2,2,1
NA1_5641963927,6,16.18.817.5716,1443,11933,10267,1666,12289,10523,1766,178,164,14,5,3,2,0,0,0,0,0,0,4,4,0,0,0,0,0,0,0,0,3,3,2,2,1
NA1_5641963927,7,16.18.817.5716,1443,14311,11869,2442,14969,12193,2776,206,186,20,8,4,4,0,0,0,0,0,0,4,4,0,0,0,0,0,0,0,0,3,3,2,2,1
NA1_5641963927,8,16.18.817.5716,1443,16873,13569,3304,16900,14347,2553,232,212,20,10,5,5,0,0,0,1,0,1,3,4,0,0,0,0,0,0,0,0,3,3,2,2,1
NA1_5641963927,9,16.18.817.5716,1443,19454,15903,3551,18966,17279,1687,257,250,7,11,7,4,1,0,1,1,0,1,3,4,0,0,0,0,0,0,0,0,3,3,2,2,1
NA1_5641963927,10,16.18.817.5716,1443,21799,17880,3919,21405,19161,2244,282,275,7,13,9,4,1,0,1,1,0,1,3,4,0,0,0,0,0,0,0,0,3,3,2,2,1
NA1_5641963927,11,16.18.817.5716,1443,23412,20388,3024,23570,21990,1580,313,313,0,14,11,3,1,0,1,1,0,1,3,4,0,0,0,0,0,0,0,0,3,3,2,2,1
NA1_5641963927,12,16.18.817.5716,1443,27053,21456,5597,26803,23476,3327,352,327,25,17,11,6,2,0,2,1,0,1,3,4,0,0,0,0,0,0,0,0,3,3,2,2,1
NA1_5641963927,13,16.18.817.5716,1443,28950,22777,6173,29644,25375,4269,381,361,20,18,11,7,2,0,2,1,0,1,3,4,0,0,0,0,0,0,0,0,3,3,2,2,1
NA1_5641963927,14,16.18.817.5716,1443,31394,24180,7214,33535,28139,5396,441,397,44,19,11,8,2,0,2,2,0,2,2,4,0,0,0,0,0,0,0,0,3,3,2,2,1
NA1_5641963927,15,16.18.817.5716,1443,33832,26838,6994,36623,31186,5437,471,433,38,21,12,9,2,0,2,2,0,2,2,4,0,0,0,0,0,0,0,0,3,3,2,2,1
NA1_5641963927,16,16.18.817.5716,1443,36909,29173,7736,39398,33685,5713,496,453,43,24,14,10,3,0,3,2,0,2,2,4,0,0,0,0,0,0,0,0,3,3,2,2,1
NA1_5641963927,17,16.18.817.5716,1443,40428,30936,9492,42286,36642,5644,528,480,48,26,15,11,5,0,5,2,0,2,2,4,0,0,0,0,0,0,0,0,3,3,2,2,1
NA1_5641963927,18,16.18.817.5716,1443,42521,34644,7877,44241,40343,3898,565,515,50,26,17,9,6,0,6,2,0,2,2,4,0,0,0,0,0,0,0,0,3,3,2,2,1
NA1_5641963927,19,16.18.817.5716,1443,44501,36775,7726,46675,42899,3776,595,549,46,27,18,9,6,0,6,2,0,2,2,4,0,0,0,0,0,0,0,0,3,3,2,2,1
NA1_5641963927,20,16.18.817.5716,1443,46659,39328,7331,48090,45639,2451,599,560,39,29,21,8,6,0,6,3,0,3,1,4,0,0,0,0,0,0,0,0,3,3,2,2,1
NA1_5641963927,21,16.18.817.5716,1443,48670,42129,6541,50377,48720,1657,618,569,49,31,24,7,6,0,6,3,0,3,1,4,0,0,0,0,0,0,0,0,3,3,2,2,1
NA1_5641963927,22,16.18.817.5716,1443,53117,43501,9616,54634,49944,4690,646,589,57,35,24,11,8,0,8,3,0,3,1,4,0,0,0,0,0,0,0,0,3,2,2,2,1
NA1_5641963927,23,16.18.817.5716,1443,54259,45926,8333,55984,52469,3515,666,628,38,35,24,11,8,1,7,3,0,3,1,4,0,0,0,0,0,0,0,0,3,1,2,2,1
NA1_5641963927,24,16.18.817.5716,1443,57955,47717,10238,60653,54044,6609,686,628,58,39,26,13,8,1,7,3,0,3,1,4,0,0,0,0,0,0,0,0,3,1,2,0,1
NA1_5641963927,24,16.18.817.5716,1443,57993,47756,10237,60653,54044,6609,686,628,58,39,26,13,8,1,7,3,0,3,1,4,0,0,0,0,0,0,0,0,3,1,2,0,1
NA1_5643669221,0,16.18.817.5716,2148,2500,2500,0,0,0,0,0,0,0,0,0,0,0,0,0,0,0,0,4,4,0,0,0,0,0,0,0,0,3,3,2,2,0
NA1_5643669221,1,16.18.817.5716,2148,2520,2525,-5,62,0,62,1,1,0,0,0,0,0,0,0,0,0,0,4,4,0,0,0,0,0,0,0,0,3,3,2,2,0
NA1_5643669221,2,16.18.817.5716,2148,3965,3873,92,2698,2476,222,46,39,7,0,0,0,0,0,0,0,0,0,4,4,0,0,0,0,0,0,0,0,3,3,2,2,0
NA1_5643669221,3,16.18.817.5716,2148,5550,5393,157,5094,5028,66,90,80,10,0,0,0,0,0,0,0,0,0,4,4,0,0,0,0,0,0,0,0,3,3,2,2,0
NA1_5643669221,4,16.18.817.5716,2148,7622,7227,395,7528,7134,394,131,114,17,1,1,0,0,0,0,0,0,0,4,4,0,0,0,0,0,0,0,0,3,3,2,2,0
NA1_5643669221,5,16.18.817.5716,2148,8959,8483,476,9655,8939,716,170,144,26,1,1,0,0,0,0,0,0,0,4,4,0,0,0,0,0,0,0,0,3,3,2,2,0
NA1_5643669221,6,16.18.817.5716,2148,10487,11159,-672,11571,11760,-189,204,187,17,1,3,-2,0,0,0,0,0,0,4,4,0,0,0,0,0,0,0,0,3,3,2,2,0
NA1_5643669221,7,16.18.817.5716,2148,12414,12782,-368,14056,13315,741,246,217,29,2,4,-2,0,0,0,0,0,0,4,4,0,0,0,0,0,0,0,0,3,3,2,2,0
NA1_5643669221,8,16.18.817.5716,2148,13919,14482,-563,16778,15151,1627,293,244,49,2,5,-3,0,0,0,0,0,0,4,4,0,0,0,0,0,0,0,0,3,3,2,2,0
NA1_5643669221,9,16.18.817.5716,2148,15498,16595,-1097,18503,17781,722,323,285,38,2,6,-4,0,0,0,1,0,1,3,4,0,0,0,0,0,0,0,0,3,3,2,2,0
NA1_5643669221,10,16.18.817.5716,2148,17441,18560,-1119,21004,20224,780,365,317,48,3,7,-4,0,0,0,1,0,1,3,4,0,0,0,0,0,0,0,0,3,3,2,2,0
NA1_5643669221,11,16.18.817.5716,2148,19473,21119,-1646,23420,22579,841,399,344,55,5,10,-5,0,0,0,1,0,1,3,4,0,0,0,0,0,0,0,0,3,3,2,2,0
NA1_5643669221,12,16.18.817.5716,2148,22307,22990,-683,26505,24683,1822,438,370,68,7,11,-4,0,0,0,1,0,1,3,4,0,0,0,0,0,0,0,0,3,3,2,2,0
NA1_5643669221,13,16.18.817.5716,2148,24151,25071,-920,29965,27888,2077,487,414,73,7,11,-4,0,0,0,1,0,1,3,4,0,0,0,0,0,0,0,0,3,3,2,2,0
NA1_5643669221,14,16.18.817.5716,2148,26995,27420,-425,32235,30500,1735,512,449,63,9,12,-3,1,0,1,1,0,1,3,4,0,0,0,0,0,0,0,0,3,3,2,2,0
NA1_5643669221,15,16.18.817.5716,2148,28283,29295,-1012,34218,33674,544,539,484,55,9,13,-4,1,0,1,2,0,2,2,4,0,0,0,0,0,0,0,0,3,3,2,2,0
NA1_5643669221,16,16.18.817.5716,2148,29822,31240,-1418,36460,36078,382,578,514,64,9,14,-5,1,0,1,2,0,2,2,4,0,0,0,0,0,1,0,0,3,3,2,2,0
NA1_5643669221,17,16.18.817.5716,2148,32241,33640,-1399,39496,39634,-138,610,559,51,11,15,-4,1,0,1,2,0,2,2,4,0,0,0,0,0,1,0,0,3,3,2,2,0
NA1_5643669221,18,16.18.817.5716,2148,34180,35741,-1561,41965,42121,-156,653,607,46,11,15,-4,2,1,1,2,0,2,2,4,0,0,0,0,0,1,0,0,3,3,2,2,0
NA1_5643669221,19,16.18.817.5716,2148,35771,38054,-2283,44723,44979,-256,699,652,47,11,16,-5,2,1,1,2,0,2,2,4,0,0,0,0,0,1,0,0,3,3,2,2,0
NA1_5643669221,20,16.18.817.5716,2148,37957,40726,-2769,47183,47928,-745,719,671,48,13,18,-5,2,2,0,2,0,2,2,4,0,0,0,0,0,1,0,0,3,3,2,2,0
NA1_5643669221,21,16.18.817.5716,2148,39291,43223,-3932,47824,50747,-2923,723,691,32,14,21,-7,2,2,0,2,1,1,2,3,0,0,0,0,0,1,0,0,3,3,2,2,0
NA1_5643669221,22,16.18.817.5716,2148,40871,46021,-5150,50312,53770,-3458,766,713,53,14,23,-9,2,3,-1,2,1,1,2,3,0,0,0,0,0,1,0,0,3,3,2,2,0
NA1_5643669221,23,16.18.817.5716,2148,41877,48857,-6980,51119,59011,-7892,782,734,48,14,25,-11,2,3,-1,2,1,1,2,3,0,0,0,0,0,1,0,1,3,3,2,2,0
NA1_5643669221,24,16.18.817.5716,2148,45478,51869,-6391,55184,62474,-7290,824,782,42,16,27,-11,3,3,0,2,1,1,2,3,0,0,0,0,0,1,0,1,3,3,2,2,0
NA1_5643669221,25,16.18.817.5716,2148,47094,53779,-6685,57834,64657,-6823,858,813,45,16,28,-12,3,4,-1,2,1,1,2,3,0,0,0,0,0,1,0,1,3,3,2,2,0
NA1_5643669221,26,16.18.817.5716,2148,49123,56478,-7355,60375,68111,-7736,871,839,32,18,31,-13,3,5,-2,2,1,1,2,3,0,0,0,0,0,1,0,1,3,3,2,2,0
NA1_5643669221,27,16.18.817.5716,2148,51679,57922,-6243,63754,70067,-6313,889,866,23,20,31,-11,3,5,-2,2,2,0,2,2,0,0,0,0,0,1,0,1,3,3,2,2,0
NA1_5643669221,28,16.18.817.5716,2148,53906,59307,-5401,67215,71682,-4467,929,895,34,21,31,-10,3,5,-2,2,2,0,2,2,0,0,0,0,0,1,0,1,3,3,2,2,0
NA1_5643669221,29,16.18.817.5716,2148,56122,61409,-5287,71023,73285,-2262,953,908,45,23,32,-9,3,5,-2,2,2,0,2,2,0,0,0,0,0,1,0,1,3,3,2,2,0
NA1_5643669221,30,16.18.817.5716,2148,57664,65053,-7389,73039,80518,-7479,985,943,42,23,34,-11,3,5,-2,2,2,0,2,2,0,0,0,0,0,1,0,2,3,3,2,2,0
NA1_5643669221,31,16.18.817.5716,2148,58838,66571,-7733,74547,82673,-8126,1005,975,30,23,34,-11,3,5,-2,2,2,0,2,2,0,0,0,0,0,1,0,2,3,3,2,2,0
NA1_5643669221,32,16.18.817.5716,2148,60559,69745,-9186,77920,86434,-8514,1034,1012,22,24,36,-12,3,6,-3,2,3,-1,2,1,0,0,0,0,0,1,0,2,2,3,2,2,0
NA1_5643669221,33,16.18.817.5716,2148,63566,71793,-8227,82144,89171,-7027,1048,1028,20,27,37,-10,3,7,-4,2,3,-1,2,1,0,0,0,0,0,1,0,2,2,3,2,2,0
NA1_5643669221,34,16.18.817.5716,2148,66917,73794,-6877,86485,91361,-4876,1100,1062,38,28,38,-10,3,7,-4,2,3,-1,2,1,0,0,0,0,0,1,0,2,2,3,2,2,0
NA1_5643669221,35,16.18.817.5716,2148,69069,78035,-8966,89625,96038,-6413,1132,1104,28,29,41,-12,3,8,-5,2,3,-1,2,1,0,0,0,0,0,1,0,2,2,3,2,2,0
NA1_5643669221,36,16.18.817.5716,2148,70318,81927,-11609,91278,100042,-8764,1142,1127,15,30,43,-13,3,9,-6,2,3,-1,2,1,0,0,0,0,0,1,0,2,2,3,0,2,0
NA1_5643902028,0,16.18.817.5716,1889,2500,2500,0,0,0,0,0,0,0,0,0,0,0,0,0,0,0,0,4,4,0,0,0,0,0,0,0,0,3,3,2,2,0
NA1_5643902028,1,16.18.817.5716,1889,2510,2515,-5,0,62,-62,0,1,-1,0,0,0,0,0,0,0,0,0,4,4,0,0,0,0,0,0,0,0,3,3,2,2,0
NA1_5643902028,2,16.18.817.5716,1889,3914,3976,-62,2617,2773,-156,44,48,-4,0,0,0,0,0,0,0,0,0,4,4,0,0,0,0,0,0,0,0,3,3,2,2,0
NA1_5643902028,3,16.18.817.5716,1889,5296,6120,-824,5196,5420,-224,77,93,-16,0,1,-1,0,0,0,0,0,0,4,4,0,0,0,0,0,0,0,0,3,3,2,2,0
NA1_5643902028,4,16.18.817.5716,1889,7086,8564,-1478,7178,7574,-396,109,124,-15,1,4,-3,0,0,0,0,0,0,4,4,0,0,0,0,0,0,0,0,3,3,2,2,0
NA1_5643902028,5,16.18.817.5716,1889,8536,9968,-1432,9221,9780,-559,150,162,-12,1,4,-3,0,0,0,0,0,0,4,4,0,0,0,0,0,0,0,0,3,3,2,2,0
NA1_5643902028,6,16.18.817.5716,1889,11588,11878,-290,11694,11775,-81,180,192,-12,4,5,-1,0,0,0,0,0,0,4,4,0,0,0,0,0,0,0,0,3,3,2,2,0
NA1_5643902028,7,16.18.817.5716,1889,13194,13855,-661,14066,14139,-73,211,225,-14,5,6,-1,0,0,0,0,0,0,4,4,0,0,0,0,0,0,0,0,3,3,2,2,0
NA1_5643902028,8,16.18.817.5716,1889,15798,15689,109,16965,16030,935,248,257,-9,8,7,1,0,0,0,1,0,1,3,4,0,0,0,0,0,0,0,0,3,3,2,2,0
NA1_5643902028,9,16.18.817.5716,1889,17584,17740,-156,19569,18825,744,295,303,-8,8,8,0,0,0,0,1,0,1,3,4,0,0,0,0,0,0,0,0,3,3,2,2,0
NA1_5643902028,10,16.18.817.5716,1889,19871,19370,501,21975,20336,1639,316,321,-5,10,9,1,0,0,0,1,0,1,3,4,0,0,0,0,0,0,0,0,3,3,2,2,0
NA1_5643902028,11,16.18.817.5716,1889,22156,21612,544,24444,22490,1954,337,355,-18,12,10,2,0,0,0,1,0,1,3,4,0,0,0,0,0,0,0,0,3,3,2,2,0
NA1_5643902028,12,16.18.817.5716,1889,24213,24018,195,27340,24630,2710,386,386,0,12,10,2,0,1,-1,1,0,1,3,4,0,0,0,0,0,0,0,0,3,3,2,2,0
NA1_5643902028,13,16.18.817.5716,1889,26445,26083,362,29895,27047,2848,420,426,-6,13,10,3,1,2,-1,1,0,1,3,4,0,0,0,0,0,0,0,0,3,3,2,2,0
NA1_5643902028,14,16.18.817.5716,1889,28953,29763,-810,31914,31882,32,437,461,-24,15,14,1,1,2,-1,1,0,1,3,4,0,0,0,0,0,0,0,0,3,3,2,2,0
NA1_5643902028,15,16.18.817.5716,1889,31772,31717,55,35955,34291,1664,479,493,-14,17,15,2,1,2,-1,1,1,0,3,3,0,0,0,0,0,0,0,0,3,3,2,2,0
NA1_5643902028,16,16.18.817.5716,1889,34917,32995,1922,39485,35065,4420,511,506,5,20,15,5,1,2,-1,1,1,0,3,3,0,0,0,0,0,0,0,0,3,3,2,2,0
NA1_5643902028,17,16.18.817.5716,1889,37688,34711,2977,43464,37779,5685,563,552,11,21,15,6,2,2,0,1,1,0,3,3,0,0,0,0,1,0,0,0,3,3,2,2,0
NA1_5643902028,18,16.18.817.5716,1889,39884,37870,2014,46022,41147,4875,602,597,5,22,16,6,2,3,-1,1,1,0,3,3,0,0,0,0,1,0,0,0,3,3,2,2,0
NA1_5643902028,19,16.18.817.5716,1889,41858,41149,709,47865,45139,2726,631,641,-10,22,18,4,3,3,0,1,1,0,3,3,0,0,0,0,1,0,0,0,3,3,2,2,0
NA1_5643902028,20,16.18.817.5716,1889,43769,43140,629,50761,48122,2639,684,688,-4,22,18,4,3,4,-1,1,2,-1,3,2,0,0,0,0,1,0,0,0,3,3,2,2,0
NA1_5643902028,21,16.18.817.5716,1889,45752,44884,868,53382,50826,2556,717,722,-5,23,19,4,3,4,-1,1,2,-1,3,2,0,0,0,0,1,0,0,0,3,3,2,2,0
NA1_5643902028,22,16.18.817.5716,1889,47455,46964,491,55990,53623,2367,763,770,-7,23,20,3,3,4,-1,1,2,-1,3,2,0,0,0,0,1,0,0,0,3,3,2,2,0
NA1_5643902028,23,16.18.817.5716,1889,49102,48529,573,58089,55810,2279,793,810,-17,23,20,3,3,4,-1,1,2,-1,3,2,0,0,0,0,1,0,0,0,3,3,2,2,0
NA1_5643902028,24,16.18.817.5716,1889,51195,51189,6,60818,59199,1619,830,842,-12,24,22,2,3,4,-1,1,2,-1,3,2,0,0,0,0,1,0,0,0,3,3,2,2,0
NA1_5643902028,25,16.18.817.5716,1889,52747,54140,-1393,62314,63765,-1451,861,876,-15,24,25,-1,3,4,-1,1,2,-1,3,2,0,0,0,0,1,0,0,0,3,3,2,2,0
NA1_5643902028,26,16.18.817.5716,1889,54188,56554,-2366,64845,69251,-4406,895,916,-21,24,25,-1,3,4,-1,1,3,-2,3,1,0,0,0,0,1,0,0,1,3,3,2,2,0
NA1_5643902028,27,16.18.817.5716,1889,55607,61293,-5686,66871,73740,-6869,925,964,-39,24,28,-4,3,6,-3,1,3,-2,3,1,0,0,0,0,1,0,0,1,3,3,2,2,0
NA1_5643902028,28,16.18.817.5716,1889,60391,63243,-2852,72607,74445,-1838,965,977,-12,28,28,0,3,7,-4,1,3,-2,3,1,0,0,0,0,1,0,0,1,3,3,2,2,0
NA1_5643902028,29,16.18.817.5716,1889,61927,66646,-4719,74748,79585,-4837,999,1031,-32,28,31,-3,3,7,-4,1,3,-2,3,1,0,0,0,0,1,0,0,1,3,3,2,2,0
NA1_5643902028,30,16.18.817.5716,1889,66601,69820,-3219,80257,83432,-3175,1015,1049,-34,32,34,-2,3,8,-5,1,3,-2,3,1,0,0,0,0,1,0,0,1,1,3,1,2,0
NA1_5643902028,31,16.18.817.5716,1889,68307,72098,-3791,82017,86755,-4738,1044,1077,-33,32,36,-4,4,8,-4,1,4,-3,3,0,0,1,0,0,1,0,0,1,1,3,1,2,0
NA1_5643902028,31,16.18.817.5716,1889,68870,74760,-5890,82017,90521,-8504,1044,1090,-46,32,39,-7,4,8,-4,1,4,-3,3,0,0,1,0,0,1,0,0,1,1,3,0,2,0
NA1_5645653892,0,16.18.817.5716,1479,2500,2500,0,0,0,0,0,0,0,0,0,0,0,0,0,0,0,0,4,4,0,0,0,0,0,0,0,0,3,3,2,2,0
NA1_5645653892,1,16.18.817.5716,1479,2505,2500,5,62,0,62,0,0,0,0,0,0,0,0,0,0,0,0,4,4,0,0,0,0,0,0,0,0,3,3,2,2,0
NA1_5645653892,2,16.18.817.5716,1479,3803,3839,-36,2478,2467,11,36,39,-3,0,0,0,0,0,0,0,0,0,4,4,0,0,0,0,0,0,0,0,3,3,2,2,0
NA1_5645653892,3,16.18.817.5716,1479,5330,5308,22,5211,5014,197,77,76,1,0,0,0,0,0,0,0,0,0,4,4,0,0,0,0,0,0,0,0,3,3,2,2,0
NA1_5645653892,4,16.18.817.5716,1479,6954,7136,-182,7111,6822,289,99,99,0,1,2,-1,0,0,0,0,0,0,4,4,0,0,0,0,0,0,0,0,3,3,2,2,0
NA1_5645653892,5,16.18.817.5716,1479,8453,8957,-504,8622,8970,-348,128,133,-5,2,3,-1,0,0,0,0,0,0,4,4,0,0,0,0,0,0,0,0,3,3,2,2,0
NA1_5645653892,6,16.18.817.5716,1479,9673,10654,-981,10678,11844,-1166,152,178,-26,2,3,-1,0,0,0,1,0,1,3,4,0,0,0,0,0,0,0,0,3,3,2,2,0
NA1_5645653892,7,16.18.817.5716,1479,12850,11886,964,13573,13741,-168,186,205,-19,6,3,3,0,0,0,1,0,1,3,4,0,0,0,0,0,0,0,0,3,3,2,2,0
NA1_5645653892,8,16.18.817.5716,1479,14709,14363,346,15995,16614,-619,224,248,-24,7,5,2,0,0,0,1,0,1,3,4,0,0,0,0,0,0,0,0,3,3,2,2,0
NA1_5645653892,9,16.18.817.5716,1479,16329,15865,464,18641,18628,13,261,281,-20,7,5,2,0,0,0,1,0,1,3,4,0,0,0,0,0,0,0,0,3,3,2,2,0
NA1_5645653892,10,16.18.817.5716,1479,18310,18136,174,20471,20618,-147,281,308,-27,9,7,2,0,0,0,1,0,1,3,4,0,0,0,0,0,0,0,0,3,3,2,2,0
NA1_5645653892,11,16.18.817.5716,1479,20103,19560,543,22698,22645,53,314,342,-28,10,7,3,0,0,0,1,0,1,3,4,0,0,0,0,0,0,0,0,3,3,2,2,0
NA1_5645653892,12,16.18.817.5716,1479,21252,22387,-1135,24039,26070,-2031,337,368,-31,10,10,0,0,0,0,1,1,0,3,3,0,0,0,0,0,0,0,0,3,3,2,2,0
NA1_5645653892,13,16.18.817.5716,1479,23624,24313,-689,27347,28738,-1391,367,400,-33,11,12,-1,0,0,0,1,1,0,3,3,0,0,0,0,0,0,0,0,3,3,2,2,0
NA1_5645653892,14,16.18.817.5716,1479,26023,27311,-1288,29876,31055,-1179,396,434,-38,13,13,0,0,1,-1,1,1,0,3,3,0,0,0,0,0,0,0,0,3,3,2,2,0
NA1_5645653892,15,16.18.817.5716,1479,27768,29414,-1646,32423,33242,-819,427,461,-34,14,14,0,0,1,-1,1,1,0,3,3,0,0,0,0,0,0,0,0,3,3,2,2,0
NA1_5645653892,16,16.18.817.5716,1479,29453,31434,-1981,34836,36210,-1374,465,509,-44,14,14,0,0,1,-1,1,1,0,3,3,0,0,0,0,1,0,0,0,3,3,2,2,0
NA1_5645653892,17,16.18.817.5716,1479,32336,34182,-1846,37959,40184,-2225,503,551,-48,15,16,-1,1,2,-1,2,1,1,2,3,0,0,0,0,1,0,0,0,3,3,2,2,0
NA1_5645653892,18,16.18.817.5716,1479,33924,38673,-4749,39645,44659,-5014,520,583,-63,16,20,-4,1,3,-2,2,1,1,2,3,0,0,0,0,1,0,0,0,3,3,2,2,0
NA1_5645653892,19,16.18.817.5716,1479,35299,40435,-5136,41594,46137,-4543,555,608,-53,16,21,-5,1,4,-3,2,1,1,2,3,0,0,0,0,1,0,0,0,3,3,2,2,0
NA1_5645653892,20,16.18.817.5716,1479,36254,44184,-7930,42818,50571,-7753,573,655,-82,16,24,-8,1,5,-4,2,1,1,2,3,0,0,0,0,1,0,0,0,3,3,2,2,0
NA1_5645653892,21,16.18.817.5716,1479,38488,46166,-7678,45874,55313,-9439,615,670,-55,17,25,-8,1,5,-4,2,1,1,2,3,0,0,0,0,1,0,0,1,3,3,2,2,0
NA1_5645653892,22,16.18.817.5716,1479,41398,48069,-6671,48546,57732,-9186,652,698,-46,18,26,-8,2,5,-3,2,1,1,2,3,0,0,0,0,1,0,0,1,3,3,2,2,0
NA1_5645653892,23,16.18.817.5716,1479,42684,50607,-7923,50454,60691,-10237,681,739,-58,18,27,-9,2,6,-4,2,2,0,2,2,0,0,0,0,1,0,0,1,3,3,2,2,0
NA1_5645653892,24,16.18.817.5716,1479,45694,53961,-8267,54268,65132,-10864,703,780,-77,20,30,-10,2,6,-4,2,2,0,2,2,0,0,0,0,1,0,0,1,3,3,2,2,0
NA1_5645653892,25,16.18.817.5716,1479,46740,56933,-10193,55379,67044,-11665,704,789,-85,21,32,-11,2,7,-5,2,2,0,2,2,0,0,0,0,1,0,0,1,2,3,0,2,0
NA1_5646279086,0,16.18.817.5716,929,2500,2500,0,0,0,0,0,0,0,0,0,0,0,0,0,0,0,0,4,4,0,0,0,0,0,0,0,0,3,3,2,2,1
NA1_5646279086,1,16.18.817.5716,929,2525,3089,-564,0,24,-24,1,0,1,0,1,-1,0,0,0,0,0,0,4,4,0,0,0,0,0,0,0,0,3,3,2,2,1
NA1_5646279086,2,16.18.817.5716,929,3824,4265,-441,2420,2167,253,39,33,6,0,1,-1,0,0,0,0,0,0,4,4,0,0,0,0,0,0,0,0,3,3,2,2,1
NA1_5646279086,3,16.18.817.5716,929,5349,5526,-177,4646,3906,740,68,63,5,1,1,0,0,0,0,0,0,0,4,4,0,0,0,0,0,0,0,0,3,3,2,2,1
NA1_5646279086,4,16.18.817.5716,929,7829,7141,688,6444,5523,921,90,87,3,4,2,2,0,0,0,0,0,0,4,4,0,0,0,0,0,0,0,0,3,3,2,2,1
NA1_5646279086,5,16.18.817.5716,929,9272,8391,881,8070,7503,567,121,117,4,4,2,2,0,0,0,0,0,0,4,4,0,0,0,0,0,0,0,0,3,3,2,2,1
NA1_5646279086,6,16.18.817.5716,929,10913,9807,1106,10704,10057,647,170,156,14,4,2,2,0,0,0,0,0,0,4,4,0,0,0,0,0,0,0,0,3,3,2,2,1
NA1_5646279086,7,16.18.817.5716,929,12710,11179,1531,12671,11952,719,200,189,11,5,2,3,0,0,0,0,0,0,4,4,0,0,0,0,0,0,0,0,3,3,2,2,1
NA1_5646279086,8,16.18.817.5716,929,14461,13397,1064,15090,14307,783,234,221,13,6,3,3,0,0,0,0,0,0,4,4,0,0,0,0,0,0,0,0,3,3,2,2,1
NA1_5646279086,9,16.18.817.5716,929,16847,14933,1914,17268,16170,1098,268,245,23,8,4,4,0,0,0,0,0,0,4,4,0,0,0,0,0,0,0,0,3,3,2,2,1
NA1_5646279086,10,16.18.817.5716,929,18525,16959,1566,19643,19325,318,316,293,23,8,5,3,0,0,0,0,0,0,4,4,0,0,0,0,0,0,0,0,3,3,2,2,1
NA1_5646279086,11,16.18.817.5716,929,22266,17988,4278,23069,20456,2613,355,313,42,12,5,7,0,0,0,1,0,1,3,4,0,0,0,0,0,0,0,0,3,3,2,2,1
NA1_5646279086,12,16.18.817.5716,929,24934,21354,3580,26000,23566,2434,389,353,36,15,7,8,0,0,0,1,0,1,3,4,0,0,0,0,0,0,0,0,3,3,2,2,1
NA1_5646279086,13,16.18.817.5716,929,26508,22763,3745,28730,25433,3297,417,382,35,16,7,9,0,0,0,1,0,1,3,4,0,0,0,0,0,0,0,0,3,3,2,2,1
NA1_5646279086,14,16.18.817.5716,929,28778,24884,3894,31195,28305,2890,451,407,44,18,8,10,0,0,0,1,0,1,3,4,0,0,0,0,0,0,0,0,3,3,2,2,1
NA1_5646279086,15,16.18.817.5716,929,32503,26153,6350,34712,29689,5023,486,432,54,21,8,13,1,0,1,1,0,1,3,4,0,0,0,0,0,0,0,0,3,3,2,2,1
NA1_5646279086,15,16.18.817.5716,929,34420,27693,6727,36405,30700,5705,492,447,45,24,8,16,2,1,1,1,0,1,3,4,0,0,0,0,0,0,0,0,3,3,2,2,1
NA1_5647022036,0,16.18.817.5716,1424,2500,2500,0,0,0,0,0,0,0,0,0,0,0,0,0,0,0,0,4,4,0,0,0,0,0,0,0,0,3,3,2,2,0
NA1_5647022036,1,16.18.817.5716,1424,2513,2500,13,0,0,0,0,0,0,0,0,0,0,0,0,0,0,0,4,4,0,0,0,0,0,0,0,0,3,3,2,2,0
NA1_5647022036,2,16.18.817.5716,1424,4567,4506,61,2370,2044,326,34,29,5,2,2,0,0,0,0,0,0,0,4,4,0,0,0,0,0,0,0,0,3,3,2,2,0
NA1_5647022036,3,16.18.817.5716,1424,5969,6078,-109,4260,4836,-576,67,74,-7,2,2,0,0,0,0,0,0,0,4,4,0,0,0,0,0,0,0,0,3,3,2,2,0
NA1_5647022036,4,16.18.817.5716,1424,7277,8449,-1172,6143,6987,-844,96,95,1,2,5,-3,0,0,0,0,0,0,4,4,0,0,0,0,0,0,0,0,3,3,2,2,0
NA1_5647022036,5,16.18.817.5716,1424,8789,10242,-1453,8090,8736,-646,126,113,13,3,7,-4,0,0,0,0,0,0,4,4,0,0,0,0,0,0,0,0,3,3,2,2,0
NA1_5647022036,6,16.18.817.5716,1424,10394,12561,-2167,10781,11467,-686,172,156,16,3,8,-5,0,0,0,0,0,0,4,4,0,0,0,0,0,0,0,0,3,3,2,2,0
NA1_5647022036,7,16.18.817.5716,1424,12491,14192,-1701,13126,13521,-395,210,176,34,4,9,-5,0,0,0,0,1,-1,4,3,0,0,0,0,0,0,0,0,3,3,2,2,0
NA1_5647022036,8,16.18.817.5716,1424,13711,16200,-2489,14574,15710,-1136,235,209,26,4,11,-7,0,0,0,0,1,-1,4,3,0,0,0,0,0,0,0,0,3,3,2,2,0
NA1_5647022036,9,16.18.817.5716,1424,15951,17476,-1525,16509,17347,-838,259,235,24,6,11,-5,0,0,0,0,1,-1,4,3,0,0,0,0,0,0,0,0,3,3,2,2,0
NA1_5647022036,10,16.18.817.5716,1424,17228,19783,-2555,17751,19605,-1854,280,273,7,6,13,-7,0,0,0,0,1,-1,4,3,0,0,0,0,0,0,0,0,3,3,2,2,0
NA1_5647022036,11,16.18.817.5716,1424,19226,22303,-3077,20160,22035,-1875,312,308,4,7,16,-9,0,0,0,0,1,-1,4,3,0,0,0,0,0,0,0,0,3,3,2,2,0
NA1_5647022036,12,16.18.817.5716,1424,20552,23757,-3205,21785,23969,-2184,342,328,14,7,17,-10,0,0,0,0,1,-1,4,3,0,0,0,0,0,0,0,0,3,3,2,2,0
NA1_5647022036,13,16.18.817.5716,1424,22215,25991,-3776,24562,26580,-2018,377,371,6,7,17,-10,0,1,-1,0,2,-2,4,2,0,0,0,0,0,0,0,0,3,3,2,2,0
NA1_5647022036,14,16.18.817.5716,1424,24003,28865,-4862,26973,30156,-3183,404,399,5,8,20,-12,0,1,-1,0,2,-2,4,2,0,0,0,0,0,0,0,0,3,3,2,2,0
NA1_5647022036,15,16.18.817.5716,1424,26393,30918,-4525,29992,32567,-2575,442,441,1,9,21,-12,0,1,-1,0,2,-2,4,2,0,0,0,0,0,0,0,0,3,3,2,2,0
NA1_5647022036,16,16.18.817.5716,1424,27682,32959,-5277,31920,34983,-3063,468,469,-1,9,22,-13,0,1,-1,0,2,-2,4,2,0,0,0,0,0,0,0,0,3,3,2,2,0
NA1_5647022036,17,16.18.817.5716,1424,29160,36306,-7146,34620,38971,-4351,496,515,-19,9,24,-15,0,3,-3,0,2,-2,4,2,0,0,0,0,0,1,0,0,3,3,2,2,0
NA1_5647022036,18,16.18.817.5716,1424,31995,39023,-7028,37968,41838,-3870,524,538,-14,11,27,-16,0,3,-3,0,3,-3,4,1,0,0,0,0,0,1,0,0,3,3,2,2,0
NA1_5647022036,19,16.18.817.5716,1424,36277,41222,-4945,40975,45429,-4454,563,584,-21,12,28,-16,2,3,-1,0,3,-3,4,1,0,0,0,0,0,1,0,0,3,3,2,2,0
NA1_5647022036,20,16.18.817.5716,1424,38061,43335,-5274,43222,48201,-4979,597,625,-28,12,29,-17,2,4,-2,0,3,-3,4,1,0,0,0,0,0,1,0,0,3,3,2,2,0
NA1_5647022036,21,16.18.817.5716,1424,39243,46801,-7558,45318,54548,-9230,616,670,-54,12,30,-18,2,4,-2,0,3,-3,4,1,0,0,0,0,0,1,0,1,3,3,2,2,0
NA1_5647022036,22,16.18.817.5716,1424,43438,51710,-8272,49450,58158,-8708,623,690,-67,16,34,-18,2,7,-5,0,3,-3,4,1,0,0,0,0,0,1,0,1,2,3,2,2,0
NA1_5647022036,23,16.18.817.5716,1424,46181,54947,-8766,53174,62294,-9120,649,716,-67,18,38,-20,2,7,-5,0,3,-3,4,1,0,0,0,0,0,1,0,1,2,3,2,2,0
NA1_5647022036,24,16.18.817.5716,1424,46938,57048,-10110,53318,64114,-10796,649,725,-76,18,39,-21,2,7,-5,0,3,-3,4,1,0,0,0,0,0,1,0,1,2,3,0,2,0
NA1_5644709968,0,16.18.817.5716,2363,2500,2500,0,0,0,0,0,0,0,0,0,0,0,0,0,0,0,0,4,4,0,0,0,0,0,0,0,0,3,3,2,2,1
NA1_5644709968,1,16.18.817.5716,2363,2505,2532,-27,0,0,0,0,1,-1,0,0,0,0,0,0,0,0,0,4,4,0,0,0,0,0,0,0,0,3,3,2,2,1
NA1_5644709968,2,16.18.817.5716,2363,3790,3805,-15,2369,2565,-196,39,36,3,0,0,0,0,0,0,0,0,0,4,4,0,0,0,0,0,0,0,0,3,3,2,2,1
NA1_5644709968,3,16.18.817.5716,2363,5460,5303,157,4481,4683,-202,69,63,6,1,1,0,0,0,0,0,0,0,4,4,0,0,0,0,0,0,0,0,3,3,2,2,1
NA1_5644709968,4,16.18.817.5716,2363,6639,6866,-227,6455,7084,-629,90,105,-15,1,1,0,0,0,0,0,0,0,4,4,0,0,0,0,0,0,0,0,3,3,2,2,1
NA1_5644709968,5,16.18.817.5716,2363,8087,8761,-674,8246,9032,-786,115,142,-27,2,2,0,0,0,0,0,0,0,4,4,0,0,0,0,0,0,0,0,3,3,2,2,1
NA1_5644709968,6,16.18.817.5716,2363,9933,10109,-176,10547,11159,-612,146,174,-28,3,2,1,0,0,0,0,0,0,4,4,0,0,0,0,0,0,0,0,3,3,2,2,1
NA1_5644709968,7,16.18.817.5716,2363,11093,11932,-839,12026,13023,-997,169,203,-34,3,4,-1,0,0,0,0,0,0,4,4,0,0,0,0,0,0,0,0,3,3,2,2,1
NA1_5644709968,8,16.18.817.5716,2363,12828,13879,-1051,14585,15327,-742,202,238,-36,4,5,-1,0,0,0,0,1,-1,4,3,0,0,0,0,0,0,0,0,3,3,2,2,1
NA1_5644709968,9,16.18.817.5716,2363,14461,15433,-972,17287,17821,-534,235,281,-46,5,5,0,0,0,0,0,1,-1,4,3,0,0,0,0,0,0,0,0,3,3,2,2,1
NA1_5644709968,10,16.18.817.5716,2363,16330,16911,-581,19547,20331,-784,269,322,-53,6,5,1,0,0,0,0,1,-1,4,3,0,0,0,0,0,0,0,0,3,3,2,2,1
NA1_5644709968,11,16.18.817.5716,2363,18486,18851,-365,21885,22112,-227,307,342,-35,7,7,0,0,0,0,0,1,-1,4,3,0,0,0,0,0,0,0,0,3,3,2,2,1
NA1_5644709968,12,16.18.817.5716,2363,20137,20667,-530,24503,24660,-157,341,387,-46,8,7,1,0,0,0,0,1,-1,4,3,0,0,0,0,0,0,0,0,3,3,2,2,1
NA1_5644709968,13,16.18.817.5716,2363,23023,22548,475,27009,27231,-222,375,419,-44,9,7,2,0,0,0,0,1,-1,4,3,0,0,0,0,0,0,0,0,3,3,2,2,1
NA1_5644709968,14,16.18.817.5716,2363,24998,24996,2,29484,29187,297,404,444,-40,10,8,2,0,1,-1,1,1,0,3,3,0,0,0,0,0,0,0,0,3,3,2,2,1
NA1_5644709968,15,16.18.817.5716,2363,26314,28349,-2035,31476,32840,-1364,433,480,-47,10,11,-1,0,2,-2,1,1,0,3,3,0,0,0,0,0,0,0,0,3,3,2,2,1
NA1_5644709968,16,16.18.817.5716,2363,28357,30408,-2051,34106,35787,-1681,468,520,-52,11,12,-1,0,2,-2,1,1,0,3,3,0,0,0,0,0,0,0,0,3,3,2,2,1
NA1_5644709968,17,16.18.817.5716,2363,30171,33653,-3482,36067,38972,-2905,496,556,-60,12,15,-3,0,2,-2,1,1,0,3,3,0,0,0,0,0,1,0,0,3,3,2,2,1
NA1_5644709968,18,16.18.817.5716,2363,31986,35304,-3318,39408,41395,-1987,551,598,-47,12,15,-3,0,2,-2,1,1,0,3,3,0,0,0,0,0,1,0,0,3,3,2,2,1
NA1_5644709968,19,16.18.817.5716,2363,34025,38171,-4146,42017,45703,-3686,582,656,-74,13,16,-3,0,3,-3,1,2,-1,3,2,0,0,0,0,0,1,0,0,3,3,2,2,1
NA1_5644709968,20,16.18.817.5716,2363,36213,40641,-4428,44083,47707,-3624,619,675,-56,13,17,-4,1,4,-3,1,2,-1,3,2,0,0,0,0,0,1,0,0,3,3,2,2,1
NA1_5644709968,21,16.18.817.5716,2363,37558,43236,-5678,46211,50525,-4314,649,707,-58,13,19,-6,1,4,-3,1,2,-1,3,2,0,0,0,0,0,1,0,0,3,3,2,2,1
NA1_5644709968,22,16.18.817.5716,2363,40804,45408,-4604,50243,53410,-3167,694,743,-49,15,20,-5,1,4,-3,1,2,-1,3,2,0,0,0,0,0,1,0,0,3,3,2,2,1
NA1_5644709968,23,16.18.817.5716,2363,43209,47194,-3985,53135,55540,-2405,728,766,-38,16,21,-5,1,4,-3,1,2,-1,3,2,0,0,0,0,0,1,0,0,3,3,2,2,1
NA1_5644709968,24,16.18.817.5716,2363,46805,51333,-4528,56414,60608,-4194,746,805,-59,19,25,-6,1,5,-4,1,2,-1,3,2,0,0,0,0,0,1,0,0,3,3,2,2,1
NA1_5644709968,25,16.18.817.5716,2363,48492,53259,-4767,58345,62375,-4030,781,837,-56,19,25,-6,1,6,-5,1,2,-1,3,2,0,0,0,0,0,1,0,0,3,3,2,2,1
NA1_5644709968,26,16.18.817.5716,2363,50500,55980,-5480,61317,66630,-5313,824,861,-37,20,28,-8,2,6,-4,1,3,-2,3,1,0,0,0,0,0,1,0,0,3,3,2,2,1
NA1_5644709968,27,16.18.817.5716,2363,51783,57772,-5989,62848,68493,-5645,848,882,-34,20,29,-9,2,6,-4,1,3,-2,3,1,0,0,0,0,0,1,0,0,3,3,2,2,1
NA1_5644709968,28,16.18.817.5716,2363,53821,60021,-6200,65083,73345,-8262,888,913,-25,20,29,-9,2,6,-4,1,3,-2,3,1,0,0,0,0,0,1,0,1,3,3,2,2,1
NA1_5644709968,29,16.18.817.5716,2363,56412,62127,-5715,68941,75928,-6987,932,953,-21,21,30,-9,2,6,-4,1,3,-2,3,1,0,0,0,0,0,1,0,1,3,3,2,2,1
NA1_5644709968,30,16.18.817.5716,2363,62564,62917,-353,73613,76234,-2621,947,957,-10,25,30,-5,4,6,-2,1,3,-2,3,1,0,0,0,0,0,1,0,1,3,3,2,2,1
NA1_5644709968,31,16.18.817.5716,2363,65758,64594,1164,77528,78272,-744,967,968,-1,28,31,-3,4,6,-2,2,3,-1,2,1,0,0,0,0,0,1,0,1,3,3,2,2,1
NA1_5644709968,32,16.18.817.5716,2363,68744,65832,2912,82315,79438,2877,1029,989,40,29,31,-2,4,6,-2,2,3,-1,2,1,0,0,0,0,0,1,0,1,3,3,2,2,1
NA1_5644709968,33,16.18.817.5716,2363,70625,68059,2566,84816,82796,2020,1052,1045,7,30,31,-1,4,6,-2,2,3,-1,2,1,0,0,0,0,0,1,0,1,3,3,2,2,1
NA1_5644709968,34,16.18.817.5716,2363,73554,70000,3554,89218,84639,4579,1092,1054,38,32,32,0,4,6,-2,2,3,-1,2,1,0,0,0,0,0,1,0,1,3,3,2,2,1
NA1_5644709968,35,16.18.817.5716,2363,76511,72873,3638,91965,88682,3283,1115,1082,33,34,34,0,5,6,-1,2,3,-1,2,1,0,0,0,0,0,1,0,1,3,3,2,2,1
NA1_5644709968,36,16.18.817.5716,2363,78001,75326,2675,93753,92563,1190,1142,1122,20,34,35,-1,5,6,-1,2,3,-1,2,1,0,0,0,0,0,1,0,1,3,3,2,2,1
NA1_5644709968,37,16.18.817.5716,2363,80940,78024,2916,97888,95595,2293,1149,1127,22,38,38,0,5,6,-1,2,3,-1,2,1,0,0,0,0,0,1,0,1,3,3,2,2,1
NA1_5644709968,38,16.18.817.5716,2363,84162,79471,4691,102480,97695,4785,1207,1156,51,40,38,2,5,6,-1,3,3,0,1,1,0,0,0,0,0,1,0,1,3,3,2,2,1
NA1_5644709968,39,16.18.817.5716,2363,89007,80731,8276,111689,98820,12869,1248,1173,75,44,38,6,7,6,1,3,3,0,1,1,0,0,0,0,0,1,1,1,3,3,2,2,1
NA1_5644709968,39,16.18.817.5716,2363,90956,80976,9980,112982,98820,14162,1267,1173,94,44,38,6,8,6,2,3,3,0,1,1,0,0,0,0,0,1,1,1,3,1,2,0,1
NA1_5643134197,0,16.18.817.5716,2024,2500,2500,0,0,0,0,0,0,0,0,0,0,0,0,0,0,0,0,4,4,0,0,0,0,0,0,0,0,3,3,2,2,0
NA1_5643134197,1,16.18.817.5716,2024,2505,2510,-5,0,0,0,0,0,0,0,0,0,0,0,0,0,0,0,4,4,0,0,0,0,0,0,0,0,3,3,2,2,0
NA1_5643134197,2,16.18.817.5716,2024,3771,3781,-10,2357,2265,92,37,36,1,0,0,0,0,0,0,0,0,0,4,4,0,0,0,0,0,0,0,0,3,3,2,2,0
NA1_5643134197,3,16.18.817.5716,2024,5176,5697,-521,4557,4896,-339,71,79,-8,0,1,-1,0,0,0,0,0,0,4,4,0,0,0,0,0,0,0,0,3,3,2,2,0
NA1_5643134197,4,16.18.817.5716,2024,7319,7389,-70,6237,6928,-691,93,104,-11,2,2,0,0,0,0,0,0,0,4,4,0,0,0,0,0,0,0,0,3,3,2,2,0
NA1_5643134197,5,16.18.817.5716,2024,8808,8869,-61,8459,8687,-228,132,132,0,2,3,-1,0,0,0,0,0,0,4,4,0,0,0,0,0,0,0,0,3,3,2,2,0
NA1_5643134197,6,16.18.817.5716,2024,10348,10279,69,10835,10926,-91,173,167,6,2,3,-1,0,0,0,0,0,0,4,4,0,0,0,0,0,0,0,0,3,3,2,2,0
NA1_5643134197,7,16.18.817.5716,2024,12292,12571,-279,12448,13448,-1000,188,206,-18,4,5,-1,0,0,0,0,0,0,4,4,0,0,0,0,0,0,0,0,3,3,2,2,0
NA1_5643134197,8,16.18.817.5716,2024,14498,13861,637,15019,15274,-255,236,238,-2,5,5,0,0,0,0,0,0,0,4,4,0,0,0,0,0,0,0,0,3,3,2,2,0
NA1_5643134197,9,16.18.817.5716,2024,16878,16055,823,17404,17802,-398,268,283,-15,7,6,1,0,0,0,0,0,0,4,4,0,0,0,0,0,0,0,0,3,3,2,2,0
NA1_5643134197,10,16.18.817.5716,2024,18469,17579,890,19625,20166,-541,311,321,-10,7,6,1,0,0,0,0,0,0,4,4,0,0,0,0,0,0,0,0,3,3,2,2,0
NA1_5643134197,11,16.18.817.5716,2024,20581,19052,1529,22581,21928,653,354,351,3,8,6,2,0,0,0,1,0,1,3,4,0,0,0,0,0,0,0,0,3,3,2,2,0
NA1_5643134197,12,16.18.817.5716,2024,21636,21378,258,24248,25676,-1428,374,400,-26,8,7,1,0,0,0,1,0,1,3,4,0,0,0,0,0,0,0,0,3,3,2,2,0
NA1_5643134197,13,16.18.817.5716,2024,23300,23030,270,26503,27715,-1212,408,432,-24,8,7,1,0,0,0,1,0,1,3,4,0,0,0,0,0,0,0,0,3,3,2,2,0
NA1_5643134197,14,16.18.817.5716,2024,24612,25223,-611,29027,30366,-1339,440,479,-39,8,7,1,0,1,-1,1,0,1,3,4,0,0,0,0,0,0,0,0,3,3,2,2,0
NA1_5643134197,15,16.18.817.5716,2024,27525,26889,636,32884,32481,403,490,515,-25,9,7,2,1,1,0,1,0,1,3,4,0,0,0,0,0,0,0,0,3,3,2,2,0
NA1_5643134197,16,16.18.817.5716,2024,29136,29721,-585,35064,35536,-472,513,547,-34,10,9,1,1,2,-1,1,0,1,3,4,0,0,0,0,0,0,0,0,3,3,2,2,0
NA1_5643134197,17,16.18.817.5716,2024,30607,31959,-1352,37299,38839,-1540,552,589,-37,10,10,0,1,2,-1,1,0,1,3,4,0,0,0,0,0,1,0,0,3,3,2,2,0
NA1_5643134197,18,16.18.817.5716,2024,32677,33944,-1267,40697,41495,-798,598,622,-24,11,11,0,1,2,-1,1,1,0,3,3,0,0,0,0,0,1,0,0,3,3,2,2,0
NA1_5643134197,19,16.18.817.5716,2024,34794,36064,-1270,42549,44832,-2283,618,659,-41,12,12,0,2,2,0,1,1,0,3,3,0,0,0,0,0,1,0,0,3,3,2,2,0
NA1_5643134197,20,16.18.817.5716,2024,37000,39666,-2666,45197,48365,-3168,642,691,-49,13,14,-1,2,3,-1,1,1,0,3,3,0,0,0,0,0,1,0,0,3,3,2,2,0
NA1_5643134197,21,16.18.817.5716,2024,38771,41162,-2391,48320,49964,-1644,691,723,-32,13,14,-1,2,3,-1,1,1,0,3,3,0,0,0,0,0,1,0,0,3,3,2,2,0
NA1_5643134197,22,16.18.817.5716,2024,39803,43522,-3719,49877,53143,-3266,708,758,-50,13,16,-3,2,3,-1,1,1,0,3,3,0,0,0,0,0,1,0,0,3,3,2,2,0
NA1_5643134197,23,16.18.817.5716,2024,42541,46209,-3668,52982,56336,-3354,735,777,-42,15,19,-4,3,4,-1,2,1,1,2,3,0,0,0,0,0,1,0,0,3,3,2,2,0
NA1_5643134197,24,16.18.817.5716,2024,45007,48825,-3818,55509,58714,-3205,762,810,-48,16,20,-4,3,5,-2,2,1,1,2,3,0,0,0,0,0,1,0,0,3,3,2,2,0
NA1_5643134197,25,16.18.817.5716,2024,48939,50251,-1312,61280,60592,688,802,844,-42,19,20,-1,3,5,-2,2,1,1,2,3,0,0,0,0,0,1,0,0,3,3,2,2,0
NA1_5643134197,26,16.18.817.5716,2024,50591,51855,-1264,63519,62854,665,844,866,-22,19,21,-2,3,5,-2,2,1,1,2,3,0,0,0,0,0,1,0,0,3,3,2,2,0
NA1_5643134197,27,16.18.817.5716,2024,53310,53723,-413,68168,65652,2516,904,886,18,20,22,-2,3,5,-2,2,1,1,2,3,0,0,0,0,0,1,0,0,3,3,2,2,0
NA1_5643134197,28,16.18.817.5716,2024,55641,55035,606,70124,67578,2546,926,915,11,21,22,-1,4,5,-1,2,1,1,2,3,0,0,0,0,0,1,0,0,3,3,2,2,0
NA1_5643134197,29,16.18.817.5716,2024,56665,57925,-1260,71222,72394,-1172,939,939,0,21,25,-4,4,5,-1,2,2,0,2,2,0,0,0,0,0,1,0,0,3,3,2,2,0
NA1_5643134197,30,16.18.817.5716,2024,59408,60351,-943,75386,75544,-158,963,962,1,24,27,-3,4,6,-2,2,2,0,2,2,0,0,0,0,0,1,0,0,3,3,2,2,0
NA1_5643134197,31,16.18.817.5716,2024,61181,62509,-1328,78108,78439,-331,1005,998,7,24,28,-4,4,6,-2,2,2,0,2,2,0,0,0,0,0,1,0,0,3,3,2,2,0
NA1_5643134197,32,16.18.817.5716,2024,63368,65509,-2141,80546,83179,-2633,1027,1037,-10,25,30,-5,4,6,-2,2,2,0,2,2,0,0,0,0,0,1,0,0,3,3,2,2,0
NA1_5643134197,33,16.18.817.5716,2024,64670,69518,-4848,82143,88311,-6168,1048,1067,-19,25,34,-9,4,6,-2,2,2,0,2,2,0,0,0,0,0,1,0,0,3,3,2,2,0
NA1_5643134197,34,16.18.817.5716,2024,65153,72177,-7024,82143,90300,-8157,1048,1081,-33,25,35,-10,4,7,-3,2,2,0,2,2,0,0,0,0,0,1,0,0,2,3,0,2,0
NA1_5645005461,0,16.18.817.5716,1736,2500,2500,0,0,0,0,0,0,0,0,0,0,0,0,0,0,0,0,4,4,0,0,0,0,0,0,0,0,3,3,2,2,0
NA1_5645005461,1,16.18.817.5716,1736,2505,2500,5,0,0,0,0,0,0,0,0,0,0,0,0,0,0,0,4,4,0,0,0,0,0,0,0,0,3,3,2,2,0
NA1_5645005461,2,16.18.817.5716,1736,3642,4220,-578,1970,2486,-516,27,37,-10,0,1,-1,0,0,0,0,0,0,4,4,0,0,0,0,0,0,0,0,3,3,2,2,0
NA1_5645005461,3,16.18.817.5716,1736,5234,6282,-1048,4589,4925,-336,73,74,-1,0,3,-3,0,0,0,0,0,0,4,4,0,0,0,0,0,0,0,0,3,3,2,2,0
NA1_5645005461,4,16.18.817.5716,1736,6919,7651,-732,6698,6942,-244,103,109,-6,1,3,-2,0,0,0,0,0,0,4,4,0,0,0,0,0,0,0,0,3,3,2,2,0
NA1_5645005461,5,16.18.817.5716,1736,8142,9280,-1138,8373,9076,-703,132,140,-8,1,4,-3,0,0,0,0,0,0,4,4,0,0,0,0,0,0,0,0,3,3,2,2,0
NA1_5645005461,6,16.18.817.5716,1736,10967,10601,366,11245,11213,32,174,173,1,3,4,-1,0,0,0,0,0,0,4,4,0,0,0,0,0,0,0,0,3,3,2,2,0
NA1_5645005461,7,16.18.817.5716,1736,12992,12023,969,13086,12810,276,201,199,2,5,4,1,0,0,0,0,1,-1,4,3,0,0,0,0,0,0,0,0,3,3,2,2,0
NA1_5645005461,8,16.18.817.5716,1736,14204,13507,697,14671,14791,-120,230,220,10,5,5,0,0,0,0,0,1,-1,4,3,0,0,0,0,0,0,0,0,3,3,2,2,0
NA1_5645005461,9,16.18.817.5716,1736,16520,15377,1143,17568,16581,987,271,247,24,7,6,1,0,0,0,0,1,-1,4,3,0,0,0,0,0,0,0,0,3,3,2,2,0
NA1_5645005461,10,16.18.817.5716,1736,17997,17252,745,19448,19429,19,304,291,13,7,7,0,0,0,0,0,1,-1,4,3,0,0,0,0,0,0,0,0,3,3,2,2,0
NA1_5645005461,11,16.18.817.5716,1736,19382,19883,-501,20784,23131,-2347,318,333,-15,8,10,-2,0,0,0,0,1,-1,4,3,0,0,0,0,0,0,0,0,3,3,2,2,0
NA1_5645005461,12,16.18.817.5716,1736,21364,22655,-1291,23663,26620,-2957,358,359,-1,9,13,-4,0,0,0,0,1,-1,4,3,0,0,0,0,0,0,0,0,3,3,2,2,0
NA1_5645005461,13,16.18.817.5716,1736,23322,24859,-1537,26446,29144,-2698,386,380,6,10,15,-5,0,0,0,0,2,-2,4,2,0,0,0,0,0,0,0,0,3,3,2,2,0
NA1_5645005461,14,16.18.817.5716,1736,25814,26846,-1032,29799,31916,-2117,427,426,1,11,15,-4,0,0,0,0,2,-2,4,2,0,0,0,0,0,0,0,0,3,3,2,2,0
NA1_5645005461,15,16.18.817.5716,1736,27950,29259,-1309,31703,35108,-3405,462,473,-11,11,16,-5,1,1,0,0,2,-2,4,2,0,0,0,0,0,0,0,0,3,3,2,2,0
NA1_5645005461,16,16.18.817.5716,1736,29295,33055,-3760,33396,38759,-5363,493,506,-13,11,19,-8,1,3,-2,0,2,-2,4,2,0,0,0,0,0,1,0,0,3,3,2,2,0
NA1_5645005461,17,16.18.817.5716,1736,31056,35406,-4350,36137,41053,-4916,526,535,-9,12,20,-8,1,3,-2,0,2,-2,4,2,0,0,0,0,0,1,0,0,3,3,2,2,0
NA1_5645005461,18,16.18.817.5716,1736,32813,37052,-4239,39068,43746,-4678,573,583,-10,12,20,-8,1,3,-2,0,3,-3,4,1,0,0,0,0,0,1,0,0,3,3,2,2,0
NA1_5645005461,19,16.18.817.5716,1736,36119,41418,-5299,41160,48475,-7315,586,620,-34,13,24,-11,2,5,-3,0,3,-3,4,1,0,0,0,0,0,1,0,0,3,3,2,2,0
NA1_5645005461,20,16.18.817.5716,1736,37724,44617,-6893,43276,51714,-8438,603,653,-50,14,27,-13,2,5,-3,0,3,-3,4,1,0,0,0,0,0,1,0,0,3,3,2,2,0
NA1_5645005461,21,16.18.817.5716,1736,39899,47516,-7617,47108,57506,-10398,641,685,-44,15,28,-13,2,5,-3,0,3,-3,4,1,0,0,0,0,0,1,0,1,3,3,2,2,0
NA1_5645005461,22,16.18.817.5716,1736,44364,49154,-4790,50637,60057,-9420,683,731,-48,17,28,-11,3,5,-2,0,3,-3,4,1,0,0,0,0,0,1,0,1,3,3,2,2,0
NA1_5645005461,23,16.18.817.5716,1736,46279,50067,-3788,52923,60643,-7720,700,740,-40,18,28,-10,3,5,-2,0,3,-3,4,1,0,0,0,0,0,1,0,1,3,3,2,2,0
NA1_5645005461,24,16.18.817.5716,1736,49312,54100,-4788,56099,64665,-8566,700,758,-58,21,32,-11,3,6,-3,0,4,-4,4,0,0,1,0,0,0,1,0,1,3,3,2,2,0
NA1_5645005461,25,16.18.817.5716,1736,51839,55810,-3971,61356,66969,-5613,743,801,-58,23,32,-9,3,6,-3,0,4,-4,4,0,0,1,0,0,0,1,0,1,3,3,2,2,0
NA1_5645005461,26,16.18.817.5716,1736,55388,58399,-3011,65610,70738,-5128,791,824,-33,25,35,-10,3,6,-3,0,4,-4,4,0,0,1,0,0,0,1,0,1,3,3,2,2,0
NA1_5645005461,27,16.18.817.5716,1736,57101,60838,-3737,67140,74072,-6932,820,873,-53,25,36,-11,3,6,-3,0,4,-4,4,0,0,1,0,0,0,1,0,1,3,3,2,2,0
NA1_5645005461,28,16.18.817.5716,1736,58889,63914,-5025,69517,79102,-9585,861,893,-32,25,37,-12,3,7,-4,0,4,-4,4,0,0,1,0,0,0,1,0,2,2,3,2,2,0
NA1_5645005461,29,16.18.817.5716,1736,60744,68451,-7707,72005,84277,-12272,863,908,-45,27,42,-15,3,7,-4,0,4,-4,4,0,0,1,0,0,0,1,0,2,2,3,0,2,0
NA1_5642821570,0,16.18.817.5716,1489,2500,2500,0,0,0,0,0,0,0,0,0,0,0,0,0,0,0,0,4,4,0,0,0,0,0,0,0,0,3,3,2,2,1
NA1_5642821570,1,16.18.817.5716,1489,2510,2505,5,0,0,0,0,0,0,0,0,0,0,0,0,0,0,0,4,4,0,0,0,0,0,0,0,0,3,3,2,2,1
NA1_5642821570,2,16.18.817.5716,1489,3795,3812,-17,2330,2424,-94,37,41,-4,0,0,0,0,0,0,0,0,0,4,4,0,0,0,0,0,0,0,0,3,3,2,2,1
NA1_5642821570,3,16.18.817.5716,1489,7190,6162,1028,3932,3385,547,59,51,8,4,3,1,0,0,0,0,0,0,4,4,0,0,0,0,0,0,0,0,3,3,2,2,1
NA1_5642821570,4,16.18.817.5716,1489,9256,7560,1696,6465,5036,1429,103,82,21,5,3,2,0,0,0,0,0,0,4,4,0,0,0,0,0,0,0,0,3,3,2,2,1
NA1_5642821570,5,16.18.817.5716,1489,10952,9077,1875,8097,7529,568,132,126,6,6,3,3,0,0,0,0,0,0,4,4,0,0,0,0,0,0,0,0,3,3,2,2,1
NA1_5642821570,6,16.18.817.5716,1489,12492,10107,2385,10315,8881,1434,173,143,30,6,3,3,0,0,0,0,0,0,4,4,0,0,0,0,0,0,0,0,3,3,2,2,1
NA1_5642821570,7,16.18.817.5716,1489,14648,12007,2641,12200,10386,1814,198,158,40,8,5,3,0,0,0,0,0,0,4,4,0,0,0,0,0,0,0,0,3,3,2,2,1
NA1_5642821570,8,16.18.817.5716,1489,16160,13249,2911,14764,12228,2536,248,188,60,8,5,3,0,0,0,1,0,1,3,4,0,0,0,0,0,0,0,0,3,3,2,2,1
NA1_5642821570,9,16.18.817.5716,1489,17688,14875,2813,17245,14829,2416,292,236,56,8,5,3,0,0,0,1,0,1,3,4,0,0,0,0,0,0,0,0,3,3,2,2,1
NA1_5642821570,10,16.18.817.5716,1489,20638,16194,4444,20260,16254,4006,337,256,81,10,5,5,0,0,0,1,0,1,3,4,0,0,0,0,0,0,0,0,3,3,2,2,1
NA1_5642821570,11,16.18.817.5716,1489,22378,18178,4200,22848,18731,4117,383,300,83,10,6,4,0,0,0,1,0,1,3,4,0,0,0,0,0,0,0,0,3,3,2,2,1
NA1_5642821570,12,16.18.817.5716,1489,25952,20412,5540,25233,21249,3984,403,323,80,13,7,6,0,0,0,1,0,1,3,4,0,0,0,0,0,0,0,0,3,3,2,2,1
NA1_5642821570,13,16.18.817.5716,1489,28773,21454,7319,28680,22284,6396,442,342,100,14,7,7,1,0,1,1,0,1,3,4,0,0,0,0,0,0,0,0,3,3,2,2,1
NA1_5642821570,14,16.18.817.5716,1489,32042,23477,8565,31651,25432,6219,484,363,121,16,8,8,3,0,3,2,0,2,2,4,0,0,0,0,0,0,0,0,3,3,2,2,1
NA1_5642821570,15,16.18.817.5716,1489,33483,26626,6857,32760,28833,3927,502,405,97,16,10,6,3,0,3,2,0,2,2,4,0,0,0,0,0,0,0,0,3,3,2,2,1
NA1_5642821570,16,16.18.817.5716,1489,36875,27792,9083,36036,29886,6150,541,417,124,18,10,8,3,0,3,2,0,2,2,4,0,0,0,0,1,0,0,0,3,3,2,2,1
NA1_5642821570,17,16.18.817.5716,1489,41041,30746,10295,39492,33066,6426,584,435,149,21,13,8,4,0,4,2,0,2,2,4,0,0,0,0,1,0,0,0,3,3,2,2,1
NA1_5642821570,18,16.18.817.5716,1489,42952,33133,9819,41270,35841,5429,604,470,134,22,14,8,5,0,5,2,0,2,2,4,0,0,0,0,1,0,0,0,3,3,2,2,1
NA1_5642821570,19,16.18.817.5716,1489,46019,34327,11692,44667,37271,7396,624,492,132,26,14,12,5,0,5,2,0,2,2,4,0,0,0,0,1,0,0,0,3,3,2,2,1
NA1_5642821570,20,16.18.817.5716,1489,49479,35771,13708,48129,38881,9248,667,507,160,28,15,13,7,0,7,3,0,3,1,4,0,0,0,0,1,0,0,0,3,3,2,2,1
NA1_5642821570,21,16.18.817.5716,1489,50792,38049,12743,49794,42241,7553,701,540,161,28,16,12,7,0,7,3,0,3,1,4,0,0,0,0,1,0,0,0,3,3,2,2,1
NA1_5642821570,22,16.18.817.5716,1489,54090,38988,15102,53024,42919,10105,713,548,165,32,16,16,7,0,7,3,0,3,1,4,0,0,0,0,1,0,0,0,3,2,2,2,1
NA1_5642821570,23,16.18.817.5716,1489,58182,41200,16982,59862,46547,13315,741,564,177,36,17,19,7,0,7,3,0,3,1,4,0,0,0,0,1,0,1,0,3,2,2,2,1
NA1_5642821570,24,16.18.817.5716,1489,60125,43336,16789,62051,50840,11211,767,600,167,37,18,19,8,0,8,3,0,3,1,4,0,0,0,0,1,0,1,0,3,1,2,2,1
NA1_5642821570,25,16.18.817.5716,1489,63400,45252,18148,65691,53171,12520,786,602,184,40,20,20,8,0,8,3,0,3,1,4,0,0,0,0,1,0,1,0,3,1,2,0,1
NA1_5639541731,0,16.18.816.5012,1128,2500,2500,0,0,0,0,0,0,0,0,0,0,0,0,0,0,0,0,4,4,0,0,0,0,0,0,0,0,3,3,2,2,0
NA1_5639541731,1,16.18.816.5012,1128,2500,2500,0,0,0,0,0,0,0,0,0,0,0,0,0,0,0,0,4,4,0,0,0,0,0,0,0,0,3,3,2,2,0
NA1_5639541731,2,16.18.816.5012,1128,3933,4192,-259,2627,2499,128,43,39,4,0,1,-1,0,0,0,0,0,0,4,4,0,0,0,0,0,0,0,0,3,3,2,2,0
NA1_5639541731,3,16.18.816.5012,1128,5411,5953,-542,4839,5321,-482,82,93,-11,0,1,-1,0,0,0,0,0,0,4,4,0,0,0,0,0,0,0,0,3,3,2,2,0
NA1_5639541731,4,16.18.816.5012,1128,7644,8031,-387,6795,7463,-668,112,120,-8,2,3,-1,0,0,0,0,0,0,4,4,0,0,0,0,0,0,0,0,3,3,2,2,0
NA1_5639541731,5,16.18.816.5012,1128,9507,9370,137,9053,8710,343,141,132,9,4,4,0,0,0,0,0,0,0,4,4,0,0,0,0,0,0,0,0,3,3,2,2,0
NA1_5639541731,6,16.18.816.5012,1128,12009,11097,912,11622,10916,706,180,164,16,6,5,1,0,0,0,0,0,0,4,4,0,0,0,0,0,0,0,0,3,3,2,2,0
NA1_5639541731,7,16.18.816.5012,1128,13261,13031,230,13502,12591,911,214,189,25,6,6,0,0,0,0,0,0,0,4,4,0,0,0,0,0,0,0,0,3,3,2,2,0
NA1_5639541731,8,16.18.816.5012,1128,14936,15616,-680,15263,14562,701,239,213,26,7,9,-2,0,0,0,0,1,-1,4,3,0,0,0,0,0,0,0,0,3,3,2,2,0
NA1_5639541731,9,16.18.816.5012,1128,17322,17346,-24,18018,16223,1795,284,240,44,8,10,-2,0,0,0,0,1,-1,4,3,0,0,0,0,0,0,0,0,3,3,2,2,0
NA1_5639541731,10,16.18.816.5012,1128,18886,19622,-736,18792,17978,814,289,256,33,9,12,-3,0,0,0,0,1,-1,4,3,0,0,0,0,0,0,0,0,3,3,2,2,0
NA1_5639541731,11,16.18.816.5012,1128,20368,22031,-1663,20654,20775,-121,329,294,35,9,14,-5,0,0,0,0,1,-1,4,3,0,0,0,0,0,0,0,0,3,3,2,2,0
NA1_5639541731,12,16.18.816.5012,1128,21685,25954,-4269,21988,24771,-2783,351,344,7,9,17,-8,0,1,-1,0,1,-1,4,3,0,0,0,0,0,0,0,0,3,3,2,2,0
NA1_5639541731,13,16.18.816.5012,1128,23388,27702,-4314,24385,27783,-3398,384,388,-4,9,17,-8,0,1,-1,0,1,-1,4,3,0,0,0,0,0,0,0,0,3,3,2,2,0
NA1_5639541731,14,16.18.816.5012,1128,24356,30826,-6470,25489,31789,-6300,401,436,-35,9,20,-11,0,1,-1,0,2,-2,4,2,0,0,0,0,0,0,0,0,3,3,2,2,0
NA1_5639541731,15,16.18.816.5012,1128,25680,33892,-8212,27373,35207,-7834,427,478,-51,9,22,-13,0,2,-2,0,2,-2,4,2,0,0,0,0,0,0,0,0,3,3,2,2,0
NA1_5639541731,16,16.18.816.5012,1128,27046,37188,-10142,29281,39195,-9914,458,541,-83,9,23,-14,0,3,-3,0,2,-2,4,2,0,0,0,0,0,1,0,0,3,3,2,2,0
NA1_5639541731,17,16.18.816.5012,1128,28058,41511,-13453,30568,42422,-11854,473,585,-112,9,25,-16,0,7,-7,0,2,-2,4,2,0,0,0,0,0,1,0,0,3,3,2,2,0
NA1_5639541731,18,16.18.816.5012,1128,31302,44042,-12740,33438,45203,-11765,494,608,-114,11,28,-17,0,7,-7,0,2,-2,4,2,0,0,0,0,0,1,0,0,3,3,2,2,0
NA1_5639541731,19,16.18.816.5012,1128,32758,45525,-12767,34906,46886,-11980,524,627,-103,11,29,-18,0,7,-7,0,3,-3,4,1,0,0,0,0,0,1,0,0,3,3,2,2,0
NA1_5645095750,0,16.18.817.5716,1546,2500,2500,0,0,0,0,0,0,0,0,0,0,0,0,0,0,0,0,4,4,0,0,0,0,0,0,0,0,3,3,2,2,0
NA1_5645095750,1,16.18.817.5716,1546,2505,2505,0,0,0,0,0,0,0,0,0,0,0,0,0,0,0,0,4,4,0,0,0,0,0,0,0,0,3,3,2,2,0
NA1_5645095750,2,16.18.817.5716,1546,3873,3785,88,2547,2512,35,42,37,5,0,0,0,0,0,0,0,0,0,4,4,0,0,0,0,0,0,0,0,3,3,2,2,0
NA1_5645095750,3,16.18.817.5716,1546,5410,5368,42,4886,5167,-281,85,82,3,0,0,0,0,0,0,0,0,0,4,4,0,0,0,0,0,0,0,0,3,3,2,2,0
NA1_5645095750,4,16.18.817.5716,1546,6577,6753,-176,6470,7430,-960,108,113,-5,0,0,0,0,0,0,0,0,0,4,4,0,0,0,0,0,0,0,0,3,3,2,2,0
NA1_5645095750,5,16.18.817.5716,1546,8587,8383,204,9407,9173,234,159,139,20,1,1,0,0,0,0,0,0,0,4,4,0,0,0,0,0,0,0,0,3,3,2,2,0
NA1_5645095750,6,16.18.817.5716,1546,10483,9621,862,11493,10938,555,191,167,24,2,1,1,0,0,0,0,0,0,4,4,0,0,0,0,0,0,0,0,3,3,2,2,0
NA1_5645095750,7,16.18.817.5716,1546,12034,10932,1102,13580,13365,215,222,202,20,2,1,1,0,0,0,0,1,-1,4,3,0,0,0,0,0,0,0,0,3,3,2,2,0
NA1_5645095750,8,16.18.817.5716,1546,13369,12557,812,15597,16096,-499,257,255,2,2,1,1,0,0,0,0,1,-1,4,3,0,0,0,0,0,0,0,0,3,3,2,2,0
NA1_5645095750,9,16.18.817.5716,1546,14884,14197,687,18193,18695,-502,298,299,-1,2,1,1,0,0,0,0,1,-1,4,3,0,0,0,0,0,0,0,0,3,3,2,2,0
NA1_5645095750,10,16.18.817.5716,1546,16468,15477,991,20426,20026,400,338,323,15,2,1,1,0,0,0,0,1,-1,4,3,0,0,0,0,0,0,0,0,3,3,2,2,0
NA1_5645095750,11,16.18.817.5716,1546,18185,17970,215,22991,22403,588,381,352,29,3,3,0,0,0,0,0,1,-1,4,3,0,0,0,0,0,0,0,0,3,3,2,2,0
NA1_5645095750,12,16.18.817.5716,1546,19860,19735,125,24980,24479,501,419,392,27,3,3,0,0,0,0,0,1,-1,4,3,0,0,0,0,0,0,0,0,3,3,2,2,0
NA1_5645095750,13,16.18.817.5716,1546,21439,21895,-456,28070,27593,477,464,428,36,3,4,-1,0,0,0,0,2,-2,4,2,0,0,0,0,0,0,0,0,3,3,2,2,0
NA1_5645095750,14,16.18.817.5716,1546,24786,23667,1119,30622,29600,1022,494,452,42,5,5,0,1,0,1,0,2,-2,4,2,0,0,0,0,0,0,0,0,3,3,2,2,0
NA1_5645095750,15,16.18.817.5716,1546,26270,25632,638,32708,33371,-663,528,507,21,5,5,0,1,0,1,0,2,-2,4,2,0,0,0,0,0,0,0,0,3,3,2,2,0
NA1_5645095750,16,16.18.817.5716,1546,28669,27101,1568,35316,35260,56,555,534,21,7,5,2,1,0,1,0,2,-2,4,2,0,0,0,0,0,0,0,0,3,3,2,2,0
NA1_5645095750,17,16.18.817.5716,1546,30911,29285,1626,38420,36787,1633,598,557,41,8,6,2,1,1,0,0,2,-2,4,2,0,0,0,0,0,0,0,0,3,3,2,2,0
NA1_5645095750,18,16.18.817.5716,1546,32454,31313,1141,40186,38833,1353,631,597,34,8,6,2,1,2,-1,0,2,-2,4,2,0,0,0,0,0,0,0,0,3,3,2,2,0
NA1_5645095750,19,16.18.817.5716,1546,33548,32582,966,41656,40490,1166,651,628,23,8,6,2,1,2,-1,1,2,-1,3,2,0,0,0,0,0,0,0,0,3,3,2,2,0
NA1_5645095750,20,16.18.817.5716,1546,35564,34349,1215,45010,43335,1675,709,673,36,8,6,2,1,2,-1,1,2,-1,3,2,0,0,0,0,0,0,0,0,3,3,2,2,0
NA1_5645095750,21,16.18.817.5716,1546,37516,36033,1483,47400,45313,2087,751,708,43,8,6,2,2,2,0,1,2,-1,3,2,0,0,0,0,0,0,0,0,3,3,2,2,0
NA1_5645095750,22,16.18.817.5716,1546,39524,37676,1848,50059,47656,2403,785,735,50,9,7,2,2,2,0,1,2,-1,3,2,0,0,0,0,0,0,0,0,3,3,2,2,0
NA1_5645095750,23,16.18.817.5716,1546,40657,43202,-2545,50971,55357,-4386,794,753,41,9,11,-2,2,3,-1,1,2,-1,3,2,0,0,0,0,0,0,0,1,3,3,2,2,0
NA1_5645095750,24,16.18.817.5716,1546,42108,45546,-3438,52165,58331,-6166,817,768,49,9,13,-4,2,3,-1,1,3,-2,3,1,0,0,0,0,0,0,0,1,3,3,2,2,0
NA1_5645095750,25,16.18.817.5716,1546,44539,48224,-3685,54691,61127,-6436,838,788,50,10,15,-5,2,4,-2,1,3,-2,3,1,0,0,0,0,0,0,0,1,2,3,2,2,0
NA1_5645095750,26,16.18.817.5716,1546,45872,50893,-5021,55990,64250,-8260,838,805,33,11,17,-6,2,4,-2,1,3,-2,3,1,0,0,0,0,0,0,0,1,2,3,0,2,0
NA1_5645675163,0,16.18.817.5716,1887,2500,2500,0,0,0,0,0,0,0,0,0,0,0,0,0,0,0,0,4,4,0,0,0,0,0,0,0,0,3,3,2,2,0
NA1_5645675163,1,16.18.817.5716,1887,2500,2505,-5,0,0,0,0,0,0,0,0,0,0,0,0,0,0,0,4,4,0,0,0,0,0,0,0,0,3,3,2,2,0
NA1_5645675163,2,16.18.817.5716,1887,3972,3702,270,2678,2091,587,47,32,15,0,0,0,0,0,0,0,0,0,4,4,0,0,0,0,0,0,0,0,3,3,2,2,0
NA1_5645675163,3,16.18.817.5716,1887,6064,5418,646,4950,4621,329,82,69,13,1,1,0,0,0,0,0,0,0,4,4,0,0,0,0,0,0,0,0,3,3,2,2,0
NA1_5645675163,4,16.18.817.5716,1887,8063,6852,1211,6833,6343,490,112,86,26,3,2,1,0,0,0,0,0,0,4,4,0,0,0,0,0,0,0,0,3,3,2,2,0
NA1_5645675163,5,16.18.817.5716,1887,9856,7882,1974,9465,7501,1964,158,105,53,4,2,2,0,0,0,0,0,0,4,4,0,0,0,0,0,0,0,0,3,3,2,2,0
NA1_5645675163,6,16.18.817.5716,1887,11706,9178,2528,11933,9610,2323,195,135,60,5,2,3,0,0,0,0,0,0,4,4,0,0,0,0,0,0,0,0,3,3,2,2,0
NA1_5645675163,7,16.18.817.5716,1887,12983,10676,2307,13553,11957,1596,220,172,48,5,2,3,0,0,0,0,0,0,4,4,0,0,0,0,0,0,0,0,3,3,2,2,0
NA1_5645675163,8,16.18.817.5716,1887,15091,12431,2660,16068,14741,1327,261,210,51,7,3,4,0,0,0,0,0,0,4,4,0,0,0,0,0,0,0,0,3,3,2,2,0
NA1_5645675163,9,16.18.817.5716,1887,16587,13986,2601,18108,17184,924,298,249,49,7,3,4,0,0,0,0,0,0,4,4,0,0,0,0,0,0,0,0,3,3,2,2,0
NA1_5645675163,10,16.18.817.5716,1887,18844,15996,2848,20682,19703,979,332,287,45,9,4,5,0,0,0,1,0,1,3,4,0,0,0,0,0,0,0,0,3,3,2,2,0
NA1_5645675163,11,16.18.817.5716,1887,21098,17551,3547,23101,21253,1848,346,294,52,12,5,7,0,0,0,1,0,1,3,4,0,0,0,0,0,0,0,0,3,3,2,2,0
NA1_5645675163,12,16.18.817.5716,1887,24346,20627,3719,25926,24826,1100,382,331,51,13,7,6,1,0,1,1,0,1,3,4,0,0,0,0,0,0,0,0,3,3,2,2,0
NA1_5645675163,13,16.18.817.5716,1887,26378,23593,2785,28477,27116,1361,395,349,46,16,10,6,1,0,1,1,0,1,3,4,0,0,0,0,0,0,0,0,3,3,2,2,0
NA1_5645675163,14,16.18.817.5716,1887,28199,25886,2313,30776,29953,823,428,374,54,16,11,5,2,0,2,1,0,1,3,4,0,0,0,0,0,0,0,0,3,3,2,2,0
NA1_5645675163,15,16.18.817.5716,1887,31036,28354,2682,33746,33017,729,458,396,62,18,13,5,2,0,2,1,0,1,3,4,0,0,0,0,0,0,0,0,3,3,2,2,0
NA1_5645675163,16,16.18.817.5716,1887,32560,29965,2595,36251,35183,1068,499,439,60,18,13,5,2,0,2,2,0,2,2,4,0,0,0,0,0,0,0,0,3,3,2,2,0
NA1_5645675163,17,16.18.817.5716,1887,34693,31724,2969,38556,37808,748,533,469,64,18,14,4,4,0,4,2,0,2,2,4,0,0,0,0,1,0,0,0,3,3,2,2,0
NA1_5645675163,18,16.18.817.5716,1887,36544,34418,2126,40370,41822,-1452,566,518,48,18,16,2,4,0,4,2,0,2,2,4,0,0,0,0,1,0,0,0,3,3,2,2,0
NA1_5645675163,19,16.18.817.5716,1887,37728,37018,710,41970,46187,-4217,590,565,25,18,18,0,4,0,4,2,0,2,2,4,0,0,0,0,1,0,0,0,3,3,2,2,0
NA1_5645675163,20,16.18.817.5716,1887,39082,39666,-584,43791,48419,-4628,621,596,25,18,19,-1,4,1,3,2,0,2,2,4,0,0,0,0,1,0,0,0,3,3,2,2,0
NA1_5645675163,21,16.18.817.5716,1887,40876,43055,-2179,44957,52838,-7881,626,630,-4,19,23,-4,4,2,2,2,1,1,2,3,0,0,0,0,1,0,0,0,3,3,2,2,0
NA1_5645675163,22,16.18.817.5716,1887,42687,45366,-2679,48050,58155,-10105,678,668,10,19,23,-4,4,2,2,2,1,1,2,3,0,0,0,0,1,0,0,1,3,3,2,2,0
NA1_5645675163,23,16.18.817.5716,1887,45309,48433,-3124,51225,61794,-10569,705,699,6,20,25,-5,4,4,0,2,1,1,2,3,0,0,0,0,1,0,0,1,3,3,2,2,0
NA1_5645675163,24,16.18.817.5716,1887,46710,50240,-3530,52909,64085,-11176,739,724,15,20,26,-6,4,4,0,2,1,1,2,3,0,0,0,0,1,0,0,1,3,3,2,2,0
NA1_5645675163,25,16.18.817.5716,1887,48437,52151,-3714,55503,66150,-10647,783,758,25,20,26,-6,4,4,0,2,1,1,2,3,0,0,0,0,1,0,0,1,3,3,2,2,0
NA1_5645675163,26,16.18.817.5716,1887,49957,54587,-4630,57424,69216,-11792,820,804,16,20,27,-7,4,4,0,2,2,0,2,2,0,0,0,0,1,0,0,1,3,3,2,2,0
NA1_5645675163,27,16.18.817.5716,1887,52520,58552,-6032,59742,73495,-13753,835,837,-2,22,30,-8,4,6,-2,2,2,0,2,2,0,0,0,0,1,0,0,1,3,3,2,2,0
NA1_5645675163,28,16.18.817.5716,1887,54062,60419,-6357,61798,77699,-15901,872,854,18,22,30,-8,4,6,-2,2,2,0,2,2,0,0,0,0,1,0,0,2,3,3,2,2,0
NA1_5645675163,29,16.18.817.5716,1887,56794,62877,-6083,65176,80357,-15181,911,892,19,23,30,-7,4,7,-3,2,2,0,2,2,0,0,0,0,1,0,0,2,3,3,2,2,0
NA1_5645675163,30,16.18.817.5716,1887,60196,65063,-4867,69499,82865,-13366,941,911,30,25,32,-7,4,7,-3,2,2,0,2,2,0,0,0,0,1,0,0,2,3,3,2,2,0
NA1_5645675163,31,16.18.817.5716,1887,61947,68261,-6314,71670,86735,-15065,949,940,9,26,35,-9,4,7,-3,2,2,0,2,2,0,0,0,0,1,0,0,2,3,3,2,2,0
NA1_5645675163,31,16.18.817.5716,1887,62256,70902,-8646,71739,89026,-17287,950,948,2,26,37,-11,4,8,-4,2,2,0,2,2,0,0,0,0,1,0,0,2,2,3,0,2,0
NA1_5642601287,0,16.18.817.5716,1771,2500,2500,0,0,0,0,0,0,0,0,0,0,0,0,0,0,0,0,4,4,0,0,0,0,0,0,0,0,3,3,2,2,0
NA1_5642601287,1,16.18.817.5716,1771,2515,2525,-10,0,62,-62,1,1,0,0,0,0,0,0,0,0,0,0,4,4,0,0,0,0,0,0,0,0,3,3,2,2,0
NA1_5642601287,2,16.18.817.5716,1771,4146,4036,110,2112,1975,137,31,31,0,1,1,0,0,0,0,0,0,0,4,4,0,0,0,0,0,0,0,0,3,3,2,2,0
NA1_5642601287,3,16.18.817.5716,1771,5423,5763,-340,4324,4519,-195,61,61,0,1,2,-1,0,0,0,0,0,0,4,4,0,0,0,0,0,0,0,0,3,3,2,2,0
NA1_5642601287,4,16.18.817.5716,1771,6649,8088,-1439,6260,7004,-744,88,104,-16,1,4,-3,0,0,0,0,0,0,4,4,0,0,0,0,0,0,0,0,3,3,2,2,0
NA1_5642601287,5,16.18.817.5716,1771,7936,9340,-1404,8122,8996,-874,121,135,-14,1,4,-3,0,0,0,0,0,0,4,4,0,0,0,0,0,0,0,0,3,3,2,2,0
NA1_5642601287,6,16.18.817.5716,1771,9109,10919,-1810,10113,11449,-1336,145,172,-27,1,4,-3,0,0,0,0,0,0,4,4,0,0,0,0,0,0,0,0,3,3,2,2,0
NA1_5642601287,7,16.18.817.5716,1771,10609,12767,-2158,12563,13981,-1418,185,206,-21,1,5,-4,0,0,0,0,1,-1,4,3,0,0,0,0,0,0,0,0,3,3,2,2,0
NA1_5642601287,8,16.18.817.5716,1771,12483,14262,-1779,14820,15461,-641,219,229,-10,2,6,-4,0,0,0,0,1,-1,4,3,0,0,0,0,0,0,0,0,3,3,2,2,0
NA1_5642601287,9,16.18.817.5716,1771,14940,15749,-809,17044,17218,-174,248,260,-12,4,6,-2,0,0,0,0,1,-1,4,3,0,0,0,0,0,0,0,0,3,3,2,2,0
NA1_5642601287,10,16.18.817.5716,1771,17055,17526,-471,19560,19800,-240,289,304,-15,5,6,-1,0,0,0,0,1,-1,4,3,0,0,0,0,0,0,0,0,3,3,2,2,0
NA1_5642601287,11,16.18.817.5716,1771,19907,19491,416,22271,21501,770,321,319,2,8,8,0,0,0,0,0,1,-1,4,3,0,0,0,0,0,0,0,0,3,3,2,2,0
NA1_5642601287,12,16.18.817.5716,1771,21465,21810,-345,24179,24100,79,352,356,-4,8,9,-1,0,0,0,0,2,-2,4,2,0,0,0,0,0,0,0,0,3,3,2,2,0
NA1_5642601287,13,16.18.817.5716,1771,23671,23280,391,27805,27070,735,395,397,-2,9,9,0,0,0,0,0,2,-2,4,2,0,0,0,0,0,0,0,0,3,3,2,2,0
NA1_5642601287,14,16.18.817.5716,1771,25357,25894,-537,29534,30285,-751,420,426,-6,10,11,-1,0,0,0,0,2,-2,4,2,0,0,0,0,0,0,0,0,3,3,2,2,0
NA1_5642601287,15,16.18.817.5716,1771,27464,27152,312,32911,32036,875,460,456,4,11,11,0,0,0,0,0,2,-2,4,2,0,0,0,0,0,0,0,0,3,3,2,2,0
NA1_5642601287,16,16.18.817.5716,1771,29343,28751,592,35728,34475,1253,499,499,0,12,11,1,0,0,0,0,2,-2,4,2,0,0,0,0,0,0,0,0,3,3,2,2,0
NA1_5642601287,17,16.18.817.5716,1771,31614,29888,1726,38037,35863,2174,536,521,15,12,11,1,1,0,1,0,2,-2,4,2,0,0,0,0,0,0,0,0,3,3,2,2,0
NA1_5642601287,18,16.18.817.5716,1771,33255,31659,1596,40578,39533,1045,575,570,5,12,11,1,1,0,1,0,3,-3,4,1,0,0,0,0,0,0,0,0,3,3,2,2,0
NA1_5642601287,19,16.18.817.5716,1771,35419,33838,1581,42670,42304,366,603,592,11,13,13,0,2,0,2,0,3,-3,4,1,0,0,0,0,0,1,0,0,3,3,2,2,0
NA1_5642601287,20,16.18.817.5716,1771,36699,37232,-533,44689,45270,-581,634,626,8,13,15,-2,2,1,1,0,3,-3,4,1,0,0,0,0,0,1,0,0,3,3,2,2,0
NA1_5642601287,21,16.18.817.5716,1771,38156,39944,-1788,45861,49224,-3363,652,666,-14,13,17,-4,3,1,2,0,3,-3,4,1,0,0,0,0,0,1,0,0,3,3,2,2,0
NA1_5642601287,22,16.18.817.5716,1771,39649,42241,-2592,48232,52201,-3969,695,700,-5,13,18,-5,3,2,1,0,3,-3,4,1,0,0,0,0,0,1,0,0,3,3,2,2,0
NA1_5642601287,23,16.18.817.5716,1771,41535,43978,-2443,50210,54813,-4603,727,746,-19,13,18,-5,4,2,2,0,4,-4,4,0,0,1,0,0,0,1,0,0,3,3,2,2,0
NA1_5642601287,24,16.18.817.5716,1771,44096,45503,-1407,54097,56935,-2838,779,784,-5,14,18,-4,4,2,2,0,4,-4,4,0,0,1,0,0,0,1,0,0,3,3,2,2,0
NA1_5642601287,25,16.18.817.5716,1771,45477,48224,-2747,55638,59321,-3683,808,830,-22,14,18,-4,4,4,0,0,4,-4,4,0,0,1,0,0,0,1,0,0,3,3,2,2,0
NA1_5642601287,26,16.18.817.5716,1771,47743,50355,-2612,58680,62136,-3456,851,855,-4,15,19,-4,4,4,0,0,4,-4,4,0,0,1,0,0,0,1,0,0,3,3,2,2,0
NA1_5642601287,27,16.18.817.5716,1771,49091,52570,-3479,60270,65672,-5402,879,915,-36,15,19,-4,4,4,0,0,4,-4,4,0,0,1,0,0,0,1,0,0,3,3,2,2,0
NA1_5642601287,28,16.18.817.5716,1771,51418,55090,-3672,63999,70921,-6922,928,932,-4,16,20,-4,4,4,0,0,4,-4,4,0,0,1,0,0,0,1,0,1,3,3,2,2,0
NA1_5642601287,29,16.18.817.5716,1771,52097,61138,-9041,64092,79762,-15670,929,956,-27,16,25,-9,4,6,-2,0,4,-4,4,0,0,1,0,1,0,1,0,1,3,3,2,2,0
NA1_5642601287,30,16.18.817.5716,1771,52416,62549,-10133,64309,80544,-16235,929,965,-36,16,25,-9,4,7,-3,0,4,-4,4,0,0,1,0,1,0,1,0,1,1,3,0,2,0
NA1_5646276682,0,16.18.817.5716,1642,2500,2500,0,0,0,0,0,0,0,0,0,0,0,0,0,0,0,0,4,4,0,0,0,0,0,0,0,0,3,3,2,2,0
NA1_5646276682,1,16.18.817.5716,1642,2505,2510,-5,0,0,0,0,0,0,0,0,0,0,0,0,0,0,0,4,4,0,0,0,0,0,0,0,0,3,3,2,2,0
NA1_5646276682,2,16.18.817.5716,1642,3862,3949,-87,2485,2624,-139,39,45,-6,0,0,0,0,0,0,0,0,0,4,4,0,0,0,0,0,0,0,0,3,3,2,2,0
NA1_5646276682,3,16.18.817.5716,1642,5107,5429,-322,4441,4919,-478,68,83,-15,0,0,0,0,0,0,0,0,0,4,4,0,0,0,0,0,0,0,0,3,3,2,2,0
NA1_5646276682,4,16.18.817.5716,1642,6689,6861,-172,6956,7107,-151,113,122,-9,0,0,0,0,0,0,0,0,0,4,4,0,0,0,0,0,0,0,0,3,3,2,2,0
NA1_5646276682,5,16.18.817.5716,1642,7942,8696,-754,8819,9131,-312,144,153,-9,0,1,-1,0,0,0,0,0,0,4,4,0,0,0,0,0,0,0,0,3,3,2,2,0
NA1_5646276682,6,16.18.817.5716,1642,9345,10079,-734,11094,11142,-48,179,186,-7,0,1,-1,0,0,0,0,0,0,4,4,0,0,0,0,0,0,0,0,3,3,2,2,0
NA1_5646276682,7,16.18.817.5716,1642,10901,11473,-572,13651,13216,435,215,225,-10,0,1,-1,0,0,0,0,0,0,4,4,0,0,0,0,0,0,0,0,3,3,2,2,0
NA1_5646276682,8,16.18.817.5716,1642,12021,13467,-1446,15326,15171,155,242,265,-23,0,2,-2,0,0,0,0,0,0,4,4,0,0,0,0,0,0,0,0,3,3,2,2,0
NA1_5646276682,9,16.18.817.5716,1642,13779,14775,-996,17389,16502,887,274,289,-15,1,2,-1,0,0,0,0,0,0,4,4,0,0,0,0,0,0,0,0,3,3,2,2,0
NA1_5646276682,10,16.18.817.5716,1642,15401,16697,-1296,20289,19085,1204,320,332,-12,1,2,-1,0,0,0,0,0,0,4,4,0,0,0,0,0,0,0,0,3,3,2,2,0
NA1_5646276682,11,16.18.817.5716,1642,17614,18451,-837,22829,21175,1654,353,363,-10,3,3,0,0,0,0,0,0,0,4,4,0,0,0,0,0,0,0,0,3,3,2,2,0
NA1_5646276682,12,16.18.817.5716,1642,19767,20319,-552,24985,23080,1905,374,380,-6,4,5,-1,0,0,0,0,1,-1,4,3,0,0,0,0,0,0,0,0,3,3,2,2,0
NA1_5646276682,13,16.18.817.5716,1642,22455,23196,-741,27207,25636,1571,394,411,-17,6,7,-1,0,0,0,0,1,-1,4,3,0,0,0,0,0,0,0,0,3,3,2,2,0
NA1_5646276682,14,16.18.817.5716,1642,25237,24728,509,29872,28337,1535,426,452,-26,7,7,0,1,0,1,0,1,-1,4,3,0,0,0,0,0,0,0,0,3,3,2,2,0
NA1_5646276682,15,16.18.817.5716,1642,26947,26359,588,32544,30644,1900,471,486,-15,7,7,0,1,0,1,0,1,-1,4,3,0,0,0,0,0,0,0,0,3,3,2,2,0
NA1_5646276682,16,16.18.817.5716,1642,29545,27779,1766,36287,32954,3333,527,522,5,8,7,1,1,0,1,0,1,-1,4,3,0,0,0,0,0,0,0,0,3,3,2,2,0
NA1_5646276682,17,16.18.817.5716,1642,30812,30108,704,38085,36650,1435,554,568,-14,8,8,0,1,0,1,1,1,0,3,3,0,0,0,0,0,1,0,0,3,3,2,2,0
NA1_5646276682,18,16.18.817.5716,1642,33235,32564,671,41535,38841,2694,583,605,-22,10,8,2,1,2,-1,1,1,0,3,3,0,0,0,0,0,1,0,0,3,3,2,2,0
NA1_5646276682,19,16.18.817.5716,1642,34748,34407,341,43919,40655,3264,622,634,-12,10,8,2,1,3,-2,1,1,0,3,3,0,0,0,0,0,1,0,0,3,3,2,2,0
NA1_5646276682,20,16.18.817.5716,1642,36640,37076,-436,45538,43518,2020,631,648,-17,12,11,1,1,3,-2,1,1,0,3,3,0,0,0,0,0,1,0,0,3,3,2,2,0
NA1_5646276682,21,16.18.817.5716,1642,38287,39309,-1022,46956,46141,815,644,683,-39,13,12,1,2,3,-1,1,1,0,3,3,0,0,0,0,0,1,0,0,3,3,2,2,0
NA1_5646276682,22,16.18.817.5716,1642,40360,41477,-1117,49588,51283,-1695,684,706,-22,13,12,1,3,3,0,1,1,0,3,3,0,0,0,0,0,1,0,1,3,3,2,2,0
NA1_5646276682,23,16.18.817.5716,1642,41167,46110,-4943,50058,56607,-6549,689,740,-51,13,17,-4,3,4,-1,1,2,-1,3,2,0,0,0,0,0,1,0,1,3,3,2,2,0
NA1_5646276682,24,16.18.817.5716,1642,43113,50234,-7121,52749,60106,-7357,699,769,-70,15,19,-4,3,5,-2,1,2,-1,3,2,0,0,0,0,0,1,0,1,3,3,2,2,0
NA1_5646276682,25,16.18.817.5716,1642,44897,52808,-7911,55085,62626,-7541,715,780,-65,16,22,-6,3,5,-2,1,2,-1,3,2,0,0,0,0,0,1,0,1,3,3,2,2,0
NA1_5646276682,26,16.18.817.5716,1642,46006,54393,-8387,56561,64551,-7990,734,812,-78,16,22,-6,3,6,-3,1,2,-1,3,2,0,0,0,0,0,1,0,1,2,3,2,2,0
NA1_5646276682,27,16.18.817.5716,1642,47464,57104,-9640,57634,68086,-10452,749,834,-85,16,25,-9,3,6,-3,1,2,-1,3,2,0,0,0,0,0,1,0,1,2,3,2,2,0
NA1_5646276682,27,16.18.817.5716,1642,47718,59295,-11577,57873,69678,-11805,750,841,-91,16,27,-11,3,6,-3,1,2,-1,3,2,0,0,0,0,0,1,0,1,2,3,0,2,0
NA1_5640767266,0,16.18.817.5716,1154,2500,2500,0,0,0,0,0,0,0,0,0,0,0,0,0,0,0,0,4,4,0,0,0,0,0,0,0,0,3,3,2,2,0
NA1_5640767266,1,16.18.817.5716,1154,2520,2520,0,0,62,-62,1,1,0,0,0,0,0,0,0,0,0,0,4,4,0,0,0,0,0,0,0,0,3,3,2,2,0
NA1_5640767266,2,16.18.817.5716,1154,3861,3788,73,2382,2197,185,40,38,2,0,0,0,0,0,0,0,0,0,4,4,0,0,0,0,0,0,0,0,3,3,2,2,0
NA1_5640767266,3,16.18.817.5716,1154,5347,6398,-1051,5151,5197,-46,77,85,-8,0,2,-2,0,0,0,0,0,0,4,4,0,0,0,0,0,0,0,0,3,3,2,2,0
NA1_5640767266,4,16.18.817.5716,1154,7931,8339,-408,7602,6843,759,112,109,3,3,4,-1,0,0,0,0,0,0,4,4,0,0,0,0,0,0,0,0,3,3,2,2,0
NA1_5640767266,5,16.18.817.5716,1154,9662,9989,-327,9214,8846,368,142,137,5,4,5,-1,0,0,0,0,0,0,4,4,0,0,0,0,0,0,0,0,3,3,2,2,0
NA1_5640767266,6,16.18.817.5716,1154,10874,11674,-800,11173,10797,376,173,169,4,4,6,-2,0,0,0,0,0,0,4,4,0,0,0,0,0,0,0,0,3,3,2,2,0
NA1_5640767266,7,16.18.817.5716,1154,12992,13107,-115,12976,12984,-8,197,204,-7,6,6,0,0,0,0,0,0,0,4,4,0,0,0,0,0,0,0,0,3,3,2,2,0
NA1_5640767266,8,16.18.817.5716,1154,14355,15502,-1147,14565,14793,-228,218,226,-8,7,9,-2,0,0,0,1,0,1,3,4,0,0,0,0,0,0,0,0,3,3,2,2,0
NA1_5640767266,9,16.18.817.5716,1154,16595,17773,-1178,16802,17308,-506,247,259,-12,9,11,-2,0,0,0,1,0,1,3,4,0,0,0,0,0,0,0,0,3,3,2,2,0
NA1_5640767266,10,16.18.817.5716,1154,18864,19591,-727,19822,19772,50,292,300,-8,10,12,-2,0,0,0,1,0,1,3,4,0,0,0,0,0,0,0,0,3,3,2,2,0
NA1_5640767266,11,16.18.817.5716,1154,20147,22091,-1944,20982,23314,-2332,312,337,-25,11,15,-4,0,0,0,1,0,1,3,4,0,0,0,0,0,0,0,0,3,3,2,2,0
NA1_5640767266,12,16.18.817.5716,1154,21408,25544,-4136,22655,26379,-3724,339,372,-33,11,18,-7,0,0,0,1,0,1,3,4,0,0,0,0,0,0,0,0,3,3,2,2,0
NA1_5640767266,13,16.18.817.5716,1154,22786,28514,-5728,24180,30363,-6183,365,425,-60,11,21,-10,0,0,0,1,1,0,3,3,0,0,0,0,0,0,0,0,3,3,2,2,0
NA1_5640767266,14,16.18.817.5716,1154,24306,30915,-6609,27398,33130,-5732,409,477,-68,11,21,-10,0,1,-1,1,1,0,3,3,0,0,0,0,0,0,0,0,3,3,2,2,0
NA1_5640767266,15,16.18.817.5716,1154,26705,34330,-7625,29431,35632,-6201,425,497,-72,13,24,-11,0,3,-3,1,1,0,3,3,0,0,0,0,0,0,0,0,3,3,2,2,0
NA1_5640767266,16,16.18.817.5716,1154,27786,37337,-9551,31161,39456,-8295,445,537,-92,13,27,-14,0,4,-4,1,1,0,3,3,0,0,0,0,0,0,0,0,3,3,2,2,0
NA1_5640767266,17,16.18.817.5716,1154,30108,40832,-10724,34226,42820,-8594,469,562,-93,15,31,-16,0,6,-6,1,1,0,3,3,0,0,0,0,0,1,0,0,3,3,2,2,0
NA1_5640767266,18,16.18.817.5716,1154,31673,43557,-11884,36605,45851,-9246,508,589,-81,15,34,-19,0,6,-6,1,1,0,3,3,0,0,0,0,0,1,0,0,3,3,2,2,0
NA1_5640767266,19,16.18.817.5716,1154,33721,47847,-14126,38472,51052,-12580,519,627,-108,16,39,-23,0,7,-7,1,1,0,3,3,0,0,0,0,0,1,0,0,2,3,1,2,0
NA1_5640767266,19,16.18.817.5716,1154,33878,48567,-14689,38472,52045,-13573,519,642,-123,16,39,-23,0,7,-7,1,1,0,3,3,0,0,0,0,0,1,0,0,2,3,0,2,0
NA1_5639425071,0,16.18.816.5012,933,2500,2500,0,0,0,0,0,0,0,0,0,0,0,0,0,0,0,0,4,4,0,0,0,0,0,0,0,0,3,3,2,2,1
NA1_5639425071,1,16.18.816.5012,933,2505,2500,5,0,0,0,0,0,0,0,0,0,0,0,0,0,0,0,4,4,0,0,0,0,0,0,0,0,3,3,2,2,1
NA1_5639425071,2,16.18.816.5012,933,3980,3808,172,2649,2291,358,48,38,10,0,0,0,0,0,0,0,0,0,4,4,0,0,0,0,0,0,0,0,3,3,2,2,1
NA1_5639425071,3,16.18.816.5012,933,5685,5399,286,5405,4842,563,99,86,13,0,0,0,0,0,0,0,0,0,4,4,0,0,0,0,0,0,0,0,3,3,2,2,1
NA1_5639425071,4,16.18.816.5012,933,7421,7624,-203,7409,7315,94,132,124,8,1,2,-1,0,0,0,0,0,0,4,4,0,0,0,0,0,0,0,0,3,3,2,2,1
NA1_5639425071,5,16.18.816.5012,933,8953,9008,-55,9846,9509,337,175,162,13,1,2,-1,0,0,0,0,0,0,4,4,0,0,0,0,0,0,0,0,3,3,2,2,1
NA1_5639425071,6,16.18.816.5012,933,10695,11131,-436,11802,11961,-159,204,197,7,2,4,-2,0,0,0,0,0,0,4,4,0,0,0,0,0,0,0,0,3,3,2,2,1
NA1_5639425071,7,16.18.816.5012,933,13086,12555,531,14145,13898,247,238,229,9,4,4,0,0,0,0,1,0,1,3,4,0,0,0,0,0,0,0,0,3,3,2,2,1
NA1_5639425071,8,16.18.816.5012,933,14633,14147,486,16633,16386,247,287,278,9,4,4,0,0,0,0,1,0,1,3,4,0,0,0,0,0,0,0,0,3,3,2,2,1
NA1_5639425071,9,16.18.816.5012,933,16827,16471,356,19125,18968,157,322,319,3,5,5,0,0,0,0,1,0,1,3,4,0,0,0,0,0,0,0,0,3,3,2,2,1
NA1_5639425071,10,16.18.816.5012,933,18420,17935,485,21598,21019,579,367,356,11,5,5,0,0,0,0,1,0,1,3,4,0,0,0,0,0,0,0,0,3,3,2,2,1
NA1_5639425071,11,16.18.816.5012,933,20028,19553,475,23827,23815,12,402,405,-3,5,5,0,0,0,0,1,0,1,3,4,0,0,0,0,0,0,0,0,3,3,2,2,1
NA1_5639425071,12,16.18.816.5012,933,23686,20789,2897,26811,25030,1781,440,428,12,8,5,3,0,0,0,2,0,2,2,4,0,0,0,0,0,0,0,0,3,3,2,2,1
NA1_5639425071,13,16.18.816.5012,933,26343,22885,3458,31104,28427,2677,485,474,11,10,5,5,0,0,0,2,0,2,2,4,0,0,0,0,0,0,0,0,3,3,2,2,1
NA1_5639425071,14,16.18.816.5012,933,28814,24680,4134,33825,30719,3106,535,497,38,10,6,4,1,0,1,2,0,2,2,4,0,0,0,0,0,0,0,0,3,3,2,2,1
NA1_5639425071,15,16.18.816.5012,933,31761,26399,5362,37758,32867,4891,578,525,53,13,7,6,1,0,1,2,0,2,2,4,0,0,0,0,0,0,0,0,3,3,2,2,1
NA1_5639425071,16,16.18.816.5012,933,32812,27204,5608,38052,33866,4186,584,541,43,13,7,6,2,0,2,2,0,2,2,4,0,0,0,0,0,0,0,0,3,3,2,2,1
NA1_5645166601,0,16.18.817.5716,1908,2500,2500,0,0,0,0,0,0,0,0,0,0,0,0,0,0,0,0,4,4,0,0,0,0,0,0,0,0,3,3,2,2,0
NA1_5645166601,1,16.18.817.5716,1908,2500,2516,-16,0,0,0,0,0,0,0,0,0,0,0,0,0,0,0,4,4,0,0,0,0,0,0,0,0,3,3,2,2,0
NA1_5645166601,2,16.18.817.5716,1908,3795,3789,6,2556,2328,228,36,36,0,0,0,0,0,0,0,0,0,0,4,4,0,0,0,0,0,0,0,0,3,3,2,2,0
NA1_5645166601,3,16.18.817.5716,1908,5799,5436,363,4804,4641,163,70,82,-12,1,0,1,0,0,0,0,0,0,4,4,0,0,0,0,0,0,0,0,3,3,2,2,0
NA1_5645166601,4,16.18.817.5716,1908,6926,7375,-449,6508,6603,-95,94,108,-14,1,2,-1,0,0,0,0,0,0,4,4,0,0,0,0,0,0,0,0,3,3,2,2,0
NA1_5645166601,5,16.18.817.5716,1908,8235,9403,-1168,8436,9011,-575,127,151,-24,1,3,-2,0,0,0,0,0,0,4,4,0,0,0,0,0,0,0,0,3,3,2,2,0
NA1_5645166601,6,16.18.817.5716,1908,9818,10764,-946,10486,10748,-262,158,179,-21,1,3,-2,0,0,0,0,0,0,4,4,0,0,0,0,0,0,0,0,3,3,2,2,0
NA1_5645166601,7,16.18.817.5716,1908,11095,12713,-1618,12508,13351,-843,185,223,-38,1,4,-3,0,0,0,0,0,0,4,4,0,0,0,0,0,0,0,0,3,3,2,2,0
NA1_5645166601,8,16.18.817.5716,1908,12722,14220,-1498,14985,15775,-790,214,268,-54,2,4,-2,0,0,0,0,0,0,4,4,0,0,0,0,0,0,0,0,3,3,2,2,0
NA1_5645166601,9,16.18.817.5716,1908,14147,15680,-1533,17322,18051,-729,247,313,-66,2,4,-2,0,0,0,0,0,0,4,4,0,0,0,0,0,0,0,0,3,3,2,2,0
NA1_5645166601,10,16.18.817.5716,1908,16465,18555,-2090,19568,20310,-742,272,344,-72,4,6,-2,0,0,0,0,0,0,4,4,0,0,0,0,0,0,0,0,3,3,2,2,0
NA1_5645166601,11,16.18.817.5716,1908,17816,20511,-2695,21482,23294,-1812,305,391,-86,4,7,-3,0,0,0,0,0,0,4,4,0,0,0,0,0,0,0,0,3,3,2,2,0
NA1_5645166601,12,16.18.817.5716,1908,20578,22970,-2392,24018,25647,-1629,336,416,-80,7,8,-1,0,1,-1,0,1,-1,4,3,0,0,0,0,0,0,0,0,3,3,2,2,0
NA1_5645166601,13,16.18.817.5716,1908,23073,25564,-2491,27187,28730,-1543,365,458,-93,8,10,-2,0,1,-1,0,1,-1,4,3,0,0,0,0,0,0,0,0,3,3,2,2,0
NA1_5645166601,14,16.18.817.5716,1908,25160,28013,-2853,29733,31390,-1657,405,502,-97,9,11,-2,0,1,-1,0,1,-1,4,3,0,0,0,0,0,0,0,0,3,3,2,2,0
NA1_5645166601,15,16.18.817.5716,1908,27204,31493,-4289,32995,35730,-2735,444,559,-115,10,14,-4,0,1,-1,0,1,-1,4,3,0,0,0,0,0,0,0,0,3,3,2,2,0
NA1_5645166601,16,16.18.817.5716,1908,28353,34728,-6375,34675,39457,-4782,467,592,-125,10,17,-7,0,1,-1,0,1,-1,4,3,0,0,0,0,1,0,0,0,3,3,2,2,0
NA1_5645166601,17,16.18.817.5716,1908,29880,37865,-7985,37126,42833,-5707,508,639,-131,10,18,-8,0,4,-4,0,1,-1,4,3,0,0,0,0,1,0,0,0,3,3,2,2,0
NA1_5645166601,18,16.18.817.5716,1908,32429,40328,-7899,39169,46319,-7150,541,669,-128,10,20,-10,1,4,-3,0,2,-2,4,2,0,0,0,0,1,0,0,0,3,3,2,2,0
NA1_5645166601,19,16.18.817.5716,1908,33788,42774,-8986,41475,50222,-8747,573,717,-144,10,22,-12,1,4,-3,0,2,-2,4,2,0,0,0,0,1,0,0,0,3,3,2,2,0
NA1_5645166601,20,16.18.817.5716,1908,35516,45365,-9849,43493,53855,-10362,597,771,-174,11,23,-12,1,4,-3,0,2,-2,4,2,0,0,0,0,1,0,0,0,3,3,2,2,0
NA1_5645166601,21,16.18.817.5716,1908,38158,47779,-9621,46421,57961,-11540,625,806,-181,12,24,-12,1,5,-4,0,2,-2,4,2,0,0,0,0,1,0,0,0,3,3,2,2,0
NA1_5645166601,22,16.18.817.5716,1908,39962,49779,-9817,48862,62391,-13529,666,829,-163,12,24,-12,1,5,-4,0,2,-2,4,2,0,0,0,0,1,0,0,1,3,3,2,2,0
NA1_5645166601,23,16.18.817.5716,1908,43641,53836,-10195,52604,65902,-13298,681,846,-165,15,28,-13,1,6,-5,0,2,-2,4,2,0,0,0,0,1,0,0,1,2,3,2,2,0
NA1_5645166601,24,16.18.817.5716,1908,45273,55315,-10042,55412,68899,-13487,720,876,-156,15,29,-14,1,6,-5,0,3,-3,4,1,0,0,0,0,1,0,0,1,2,3,2,2,0
NA1_5645166601,25,16.18.817.5716,1908,48093,57894,-9801,60387,72164,-11777,765,920,-155,17,30,-13,1,7,-6,0,3,-3,4,1,0,0,0,0,1,0,0,1,2,3,2,2,0
NA1_5645166601,26,16.18.817.5716,1908,50325,59638,-9313,61976,74818,-12842,789,956,-167,17,31,-14,2,7,-5,0,3,-3,4,1,0,0,0,0,1,0,0,1,2,3,2,2,0
NA1_5645166601,27,16.18.817.5716,1908,55438,60302,-4864,69019,74852,-5833,845,956,-111,21,31,-10,2,7,-5,0,3,-3,4,1,0,0,0,0,1,0,0,1,2,3,2,2,0
NA1_5645166601,28,16.18.817.5716,1908,58383,62973,-4590,72077,78248,-6171,877,988,-111,22,33,-11,4,7,-3,0,3,-3,4,1,0,0,0,0,1,0,0,1,3,3,2,2,0
NA1_5645166601,29,16.18.817.5716,1908,59716,64875,-5159,73324,80879,-7555,891,999,-108,23,35,-12,4,7,-3,0,3,-3,4,1,0,0,0,0,1,0,0,1,3,3,2,2,0
NA1_5645166601,30,16.18.817.5716,1908,61408,66665,-5257,76267,85125,-8858,935,1014,-79,23,35,-12,4,7,-3,0,4,-4,4,0,0,1,0,0,1,0,0,2,3,3,2,2,0
NA1_5645166601,31,16.18.817.5716,1908,63360,68646,-5286,78754,88132,-9378,972,1055,-83,23,35,-12,4,7,-3,0,4,-4,4,0,0,1,0,0,1,0,0,2,3,3,2,2,0
NA1_5645166601,32,16.18.817.5716,1908,65682,73740,-8058,80251,94174,-13923,983,1078,-95,24,40,-16,5,8,-3,0,4,-4,4,0,0,1,0,0,1,0,0,2,1,3,0,2,0
NA1_5645678659,0,16.18.817.5716,1319,2500,2500,0,0,0,0,0,0,0,0,0,0,0,0,0,0,0,0,4,4,0,0,0,0,0,0,0,0,3,3,2,2,1
NA1_5645678659,1,16.18.817.5716,1319,2520,2510,10,82,0,82,1,0,1,0,0,0,0,0,0,0,0,0,4,4,0,0,0,0,0,0,0,0,3,3,2,2,1
NA1_5645678659,2,16.18.817.5716,1319,3881,4214,-333,2419,2489,-70,41,37,4,0,1,-1,0,0,0,0,0,0,4,4,0,0,0,0,0,0,0,0,3,3,2,2,1
NA1_5645678659,3,16.18.817.5716,1319,5872,5783,89,5325,4908,417,84,76,8,1,1,0,0,0,0,0,0,0,4,4,0,0,0,0,0,0,0,0,3,3,2,2,1
NA1_5645678659,4,16.18.817.5716,1319,7724,7135,589,7363,6909,454,118,110,8,2,1,1,0,0,0,0,0,0,4,4,0,0,0,0,0,0,0,0,3,3,2,2,1
NA1_5645678659,5,16.18.817.5716,1319,8996,9080,-84,9182,9444,-262,150,152,-2,2,2,0,0,0,0,0,0,0,4,4,0,0,0,0,0,0,0,0,3,3,2,2,1
NA1_5645678659,6,16.18.817.5716,1319,11257,10201,1056,11212,10786,426,178,175,3,4,2,2,0,0,0,0,0,0,4,4,0,0,0,0,0,0,0,0,3,3,2,2,1
NA1_5645678659,7,16.18.817.5716,1319,14308,11868,2440,13287,12436,851,202,201,1,8,3,5,0,0,0,0,0,0,4,4,0,0,0,0,0,0,0,0,3,3,2,2,1
NA1_5645678659,8,16.18.817.5716,1319,15614,13427,2187,15280,14780,500,237,242,-5,8,3,5,0,0,0,0,0,0,4,4,0,0,0,0,0,0,0,0,3,3,2,2,1
NA1_5645678659,9,16.18.817.5716,1319,17545,15260,2285,17814,17120,694,272,274,-2,9,4,5,0,0,0,0,0,0,4,4,0,0,0,0,0,0,0,0,3,3,2,2,1
NA1_5645678659,10,16.18.817.5716,1319,19205,17135,2070,20425,19529,896,321,307,14,9,5,4,0,0,0,0,1,-1,4,3,0,0,0,0,0,0,0,0,3,3,2,2,1
NA1_5645678659,11,16.18.817.5716,1319,20570,19113,1457,22484,22156,328,356,351,5,9,6,3,0,0,0,0,1,-1,4,3,0,0,0,0,0,0,0,0,3,3,2,2,1
NA1_5645678659,12,16.18.817.5716,1319,23422,21395,2027,24623,25064,-441,375,369,6,12,8,4,0,0,0,0,1,-1,4,3,0,0,0,0,0,0,0,0,3,3,2,2,1
NA1_5645678659,13,16.18.817.5716,1319,25863,23478,2385,28391,26930,1461,416,396,20,13,8,5,0,0,0,0,1,-1,4,3,0,0,0,0,0,0,0,0,3,3,2,2,1
NA1_5645678659,14,16.18.817.5716,1319,27741,25184,2557,31169,29576,1593,460,441,19,13,8,5,0,0,0,0,1,-1,4,3,0,0,0,0,0,0,0,0,3,3,2,2,1
NA1_5645678659,15,16.18.817.5716,1319,31203,28001,3202,34914,32635,2279,492,468,24,16,11,5,1,0,1,0,1,-1,4,3,0,0,0,0,0,0,0,0,3,3,2,2,1
NA1_5645678659,16,16.18.817.5716,1319,33032,30212,2820,36934,36328,606,519,512,7,17,12,5,1,0,1,0,1,-1,4,3,0,0,0,0,0,0,0,0,3,3,2,2,1
NA1_5645678659,17,16.18.817.5716,1319,36161,31841,4320,40849,38776,2073,554,536,18,20,13,7,1,0,1,1,1,0,3,3,0,0,0,0,0,0,0,0,3,3,2,2,1
NA1_5645678659,18,16.18.817.5716,1319,38667,33697,4970,43720,40366,3354,594,563,31,21,13,8,2,1,1,1,1,0,3,3,0,0,0,0,0,0,0,0,3,3,2,2,1
NA1_5645678659,19,16.18.817.5716,1319,42909,36172,6737,47762,43543,4219,645,587,58,22,15,7,5,1,4,1,1,0,3,3,0,0,0,0,1,0,0,0,3,3,2,2,1
NA1_5645678659,20,16.18.817.5716,1319,44788,39782,5006,48940,46822,2118,655,618,37,23,17,6,5,1,4,1,1,0,3,3,0,0,0,0,1,0,0,0,3,3,2,2,1
NA1_5645678659,21,16.18.817.5716,1319,48140,41095,7045,53717,48433,5284,703,644,59,26,17,9,5,1,4,1,1,0,3,3,0,0,0,0,1,0,0,0,3,3,2,2,1
NA1_5645678659,22,16.18.817.5716,1319,50563,42773,7790,57106,50160,6946,740,662,78,28,18,10,5,1,4,2,1,1,2,3,0,0,0,0,1,0,0,0,3,3,2,2,1
NA1_5641048770,0,16.18.817.5716,1491,2500,2500,0,0,0,0,0,0,0,0,0,0,0,0,0,0,0,0,4,4,0,0,0,0,0,0,0,0,3,3,2,2,0
NA1_5641048770,1,16.18.817.5716,1491,2505,2505,0,0,0,0,0,0,0,0,0,0,0,0,0,0,0,0,4,4,0,0,0,0,0,0,0,0,3,3,2,2,0
NA1_5641048770,2,16.18.817.5716,1491,3806,3924,-118,2379,2534,-155,40,43,-3,0,0,0,0,0,0,0,0,0,4,4,0,0,0,0,0,0,0,0,3,3,2,2,0
NA1_5641048770,3,16.18.817.5716,1491,5422,5584,-162,4970,5265,-295,86,94,-8,0,0,0,0,0,0,0,0,0,4,4,0,0,0,0,0,0,0,0,3,3,2,2,0
NA1_5641048770,4,16.18.817.5716,1491,6695,8157,-1462,6498,7658,-1160,110,126,-16,0,3,-3,0,0,0,0,0,0,4,4,0,0,0,0,0,0,0,0,3,3,2,2,0
NA1_5641048770,5,16.18.817.5716,1491,8079,9751,-1672,8809,9710,-901,152,162,-10,0,4,-4,0,0,0,0,0,0,4,4,0,0,0,0,0,0,0,0,3,3,2,2,0
NA1_5641048770,6,16.18.817.5716,1491,9859,11267,-1408,10955,11588,-633,182,194,-12,1,4,-3,0,0,0,0,1,-1,4,3,0,0,0,0,0,0,0,0,3,3,2,2,0
NA1_5641048770,7,16.18.817.5716,1491,11461,13218,-1757,12809,14100,-1291,206,233,-27,2,5,-3,0,0,0,0,1,-1,4,3,0,0,0,0,0,0,0,0,3,3,2,2,0
NA1_5641048770,8,16.18.817.5716,1491,13038,14682,-1644,15372,16230,-858,257,276,-19,2,5,-3,0,0,0,0,1,-1,4,3,0,0,0,0,0,0,0,0,3,3,2,2,0
NA1_5641048770,9,16.18.817.5716,1491,14456,16296,-1840,17573,18577,-1004,291,313,-22,2,5,-3,0,0,0,0,1,-1,4,3,0,0,0,0,0,0,0,0,3,3,2,2,0
NA1_5641048770,10,16.18.817.5716,1491,16937,19158,-2221,19377,20952,-1575,311,336,-25,4,9,-5,0,0,0,0,1,-1,4,3,0,0,0,0,0,0,0,0,3,3,2,2,0
NA1_5641048770,11,16.18.817.5716,1491,18627,20886,-2259,21862,23556,-1694,353,383,-30,4,9,-5,0,0,0,0,1,-1,4,3,0,0,0,0,0,0,0,0,3,3,2,2,0
NA1_5641048770,12,16.18.817.5716,1491,21321,22712,-1391,24213,26021,-1808,381,419,-38,6,9,-3,0,0,0,1,1,0,3,3,0,0,0,0,0,0,0,0,3,3,2,2,0
NA1_5641048770,13,16.18.817.5716,1491,22587,25409,-2822,26561,29802,-3241,409,475,-66,6,10,-4,0,0,0,1,1,0,3,3,0,0,0,0,0,0,0,0,3,3,2,2,0
NA1_5641048770,14,16.18.817.5716,1491,24490,27914,-3424,28850,31976,-3126,451,504,-53,6,11,-5,0,1,-1,1,1,0,3,3,0,0,0,0,0,0,0,0,3,3,2,2,0
NA1_5641048770,15,16.18.817.5716,1491,25761,29576,-3815,30800,34372,-3572,478,542,-64,6,11,-5,0,1,-1,1,1,0,3,3,0,0,0,0,0,0,0,0,3,3,2,2,0
NA1_5641048770,16,16.18.817.5716,1491,27210,32441,-5231,32182,37243,-5061,492,573,-81,7,13,-6,0,2,-2,1,1,0,3,3,0,0,0,0,0,0,0,0,3,3,2,2,0
NA1_5641048770,17,16.18.817.5716,1491,28860,34573,-5713,34487,40440,-5953,534,628,-94,7,13,-6,0,3,-3,1,2,-1,3,2,0,0,0,0,0,0,0,0,3,3,2,2,0
NA1_5641048770,18,16.18.817.5716,1491,31536,36475,-4939,37402,42378,-4976,569,661,-92,9,13,-4,0,3,-3,1,2,-1,3,2,0,0,0,0,0,0,0,0,3,3,2,2,0
NA1_5641048770,19,16.18.817.5716,1491,34074,39643,-5569,39111,45637,-6526,597,695,-98,9,15,-6,1,4,-3,1,2,-1,3,2,0,0,0,0,0,0,0,0,3,3,2,2,0
NA1_5641048770,20,16.18.817.5716,1491,35692,41995,-6303,41050,50543,-9493,624,741,-117,9,16,-7,1,4,-3,1,2,-1,3,2,0,0,0,0,0,1,0,0,3,3,2,2,0
NA1_5641048770,21,16.18.817.5716,1491,37364,43862,-6498,43286,53184,-9898,664,790,-126,9,16,-7,1,4,-3,1,2,-1,3,2,0,0,0,0,0,1,0,0,3,3,2,2,0
NA1_5641048770,22,16.18.817.5716,1491,38474,47101,-8627,44961,56178,-11217,683,820,-137,9,18,-9,1,5,-4,1,2,-1,3,2,0,0,0,0,0,1,0,0,3,3,2,2,0
NA1_5641048770,23,16.18.817.5716,1491,40180,48693,-8513,47712,58515,-10803,730,860,-130,9,18,-9,1,5,-4,1,3,-2,3,1,0,0,0,0,0,1,0,0,3,3,2,2,0
NA1_5641048770,24,16.18.817.5716,1491,41597,51047,-9450,49810,61727,-11917,761,916,-155,9,18,-9,1,5,-4,1,3,-2,3,1,0,0,0,0,0,1,0,0,3,3,2,2,0
NA1_5641048770,25,16.18.817.5716,1491,42247,54176,-11929,50295,65365,-15070,766,927,-161,9,22,-13,1,5,-4,1,3,-2,3,1,0,0,0,0,0,1,0,0,3,3,2,2,0
NA1_5641280226,0,16.18.817.5716,2429,2500,2500,0,0,0,0,0,0,0,0,0,0,0,0,0,0,0,0,4,4,0,0,0,0,0,0,0,0,3,3,2,2,1
NA1_5641280226,1,16.18.817.5716,2429,2505,2505,0,0,0,0,0,0,0,0,0,0,0,0,0,0,0,0,4,4,0,0,0,0,0,0,0,0,3,3,2,2,1
NA1_5641280226,2,16.18.817.5716,2429,3902,3723,179,2399,2423,-24,40,31,9,0,0,0,0,0,0,0,0,0,4,4,0,0,0,0,0,0,0,0,3,3,2,2,1
NA1_5641280226,3,16.18.817.5716,2429,5483,4897,586,4997,4791,206,82,58,24,0,0,0,0,0,0,0,0,0,4,4,0,0,0,0,0,0,0,0,3,3,2,2,1
NA1_5641280226,4,16.18.817.5716,2429,6705,6097,608,6799,6890,-91,111,86,25,0,0,0,0,0,0,0,0,0,4,4,0,0,0,0,0,0,0,0,3,3,2,2,1
NA1_5641280226,5,16.18.817.5716,2429,8086,7701,385,8888,8576,312,150,108,42,0,1,-1,0,0,0,0,0,0,4,4,0,0,0,0,0,0,0,0,3,3,2,2,1
NA1_5641280226,6,16.18.817.5716,2429,9621,9201,420,11435,11239,196,192,151,41,0,1,-1,0,0,0,0,0,0,4,4,0,0,0,0,0,0,0,0,3,3,2,2,1
NA1_5641280226,7,16.18.817.5716,2429,11912,10674,1238,14038,13458,580,221,180,41,3,2,1,0,0,0,0,0,0,4,4,0,0,0,0,0,0,0,0,3,3,2,2,1
NA1_5641280226,8,16.18.817.5716,2429,13509,12023,1486,16247,15541,706,262,215,47,3,2,1,0,0,0,0,0,0,4,4,0,0,0,0,0,0,0,0,3,3,2,2,1
NA1_5641280226,9,16.18.817.5716,2429,15013,13550,1463,18099,18269,-170,293,259,34,3,2,1,0,0,0,0,0,0,4,4,0,0,0,0,0,0,0,0,3,3,2,2,1
NA1_5641280226,10,16.18.817.5716,2429,16663,16098,565,20179,20901,-722,319,295,24,4,4,0,0,0,0,0,0,0,4,4,0,0,0,0,0,0,0,0,3,3,2,2,1
NA1_5641280226,11,16.18.817.5716,2429,18761,18366,395,22425,23439,-1014,346,326,20,6,6,0,0,0,0,0,0,0,4,4,0,0,0,0,0,0,0,0,3,3,2,2,1
NA1_5641280226,12,16.18.817.5716,2429,20200,19808,392,23936,25256,-1320,370,357,13,6,6,0,0,0,0,0,0,0,4,4,0,0,0,0,0,0,0,0,3,3,2,2,1
NA1_5641280226,13,16.18.817.5716,2429,22403,21462,941,26953,28182,-1229,404,396,8,7,6,1,0,0,0,0,0,0,4,4,0,0,0,0,0,0,0,0,3,3,2,2,1
NA1_5641280226,14,16.18.817.5716,2429,23703,23432,271,28636,30571,-1935,428,436,-8,7,6,1,0,0,0,1,0,1,3,4,0,0,0,0,0,0,0,0,3,3,2,2,1
NA1_5641280226,15,16.18.817.5716,2429,25915,25827,88,31380,33167,-1787,457,451,6,9,9,0,0,0,0,1,0,1,3,4,0,0,0,0,0,0,0,0,3,3,2,2,1
NA1_5641280226,16,16.18.817.5716,2429,27433,28029,-596,33307,35719,-2412,491,492,-1,9,9,0,0,1,-1,1,0,1,3,4,0,0,0,0,0,0,0,0,3,3,2,2,1
NA1_5641280226,17,16.18.817.5716,2429,29201,30177,-976,35461,38514,-3053,525,531,-6,9,10,-1,1,1,0,1,0,1,3,4,0,0,0,0,0,0,0,0,3,3,2,2,1
NA1_5641280226,18,16.18.817.5716,2429,33555,32159,1396,40083,40251,-168,565,552,13,13,11,2,2,2,0,1,0,1,3,4,0,0,0,0,0,0,0,0,3,3,2,2,1
NA1_5641280226,19,16.18.817.5716,2429,34790,33678,1112,41833,42542,-709,588,590,-2,13,11,2,2,2,0,2,0,2,2,4,0,0,0,0,0,0,0,0,3,3,2,2,1
NA1_5641280226,20,16.18.817.5716,2429,36612,35254,1358,44276,44188,88,618,606,12,14,12,2,2,2,0,2,0,2,2,4,0,0,0,0,0,0,0,0,3,3,2,2,1
NA1_5641280226,21,16.18.817.5716,2429,38586,36675,1911,47683,45535,2148,658,630,28,15,12,3,2,2,0,2,0,2,2,4,0,0,0,0,0,0,0,0,3,3,2,2,1
NA1_5641280226,22,16.18.817.5716,2429,41410,38975,2435,50325,48648,1677,687,668,19,17,13,4,3,2,1,2,0,2,2,4,0,0,0,0,0,0,0,0,3,3,2,2,1
NA1_5641280226,23,16.18.817.5716,2429,43711,42266,1445,52220,51791,429,713,685,28,18,16,2,3,2,1,2,0,2,2,4,0,0,0,0,0,0,0,0,3,3,2,2,1
NA1_5641280226,24,16.18.817.5716,2429,45714,46533,-819,54889,57293,-2404,744,716,28,19,21,-2,3,2,1,2,0,2,2,4,0,0,0,0,0,0,0,0,3,3,2,2,1
NA1_5641280226,25,16.18.817.5716,2429,46470,48635,-2165,55199,61095,-5896,748,730,18,19,21,-2,3,3,0,2,0,2,2,4,0,0,0,0,0,0,0,1,3,3,2,2,1
NA1_5641280226,26,16.18.817.5716,2429,48769,50934,-2165,57454,63574,-6120,750,744,6,22,24,-2,3,3,0,2,1,1,2,3,0,0,0,0,0,0,0,1,3,3,2,2,1
NA1_5641280226,27,16.18.817.5716,2429,49771,53369,-3598,58332,67392,-9060,763,769,-6,22,27,-5,3,3,0,2,1,1,2,3,0,0,0,0,0,0,0,1,3,3,2,2,1
NA1_5641280226,28,16.18.817.5716,2429,52436,55701,-3265,61974,69483,-7509,798,805,-7,23,27,-4,3,4,-1,2,1,1,2,3,0,0,0,0,0,0,0,1,3,3,2,2,1
NA1_5641280226,29,16.18.817.5716,2429,56753,57870,-1117,66226,72021,-5795,816,822,-6,26,29,-3,5,4,1,2,1,1,2,3,0,0,0,0,0,0,0,1,3,3,2,2,1
NA1_5641280226,30,16.18.817.5716,2429,57921,59144,-1223,67575,73542,-5967,838,846,-8,26,29,-3,5,4,1,2,1,1,2,3,0,0,0,0,0,0,0,1,3,3,2,2,1
NA1_5641280226,31,16.18.817.5716,2429,62704,61288,1416,73675,75749,-2074,860,851,9,31,32,-1,5,4,1,2,1,1,2,3,0,0,0,0,0,0,0,1,3,3,2,2,1
NA1_5641280226,32,16.18.817.5716,2429,65186,63200,1986,76617,78438,-1821,889,897,-8,32,32,0,6,4,2,3,1,2,1,3,0,0,0,0,0,0,0,1,3,3,2,2,1
NA1_5641280226,33,16.18.817.5716,2429,66199,66398,-199,77776,83457,-5681,903,932,-29,32,35,-3,6,4,2,3,1,2,1,3,0,0,0,0,0,0,0,1,3,3,2,2,1
NA1_5641280226,34,16.18.817.5716,2429,68076,69321,-1245,80378,88251,-7873,932,960,-28,33,35,-2,6,5,1,3,1,2,1,3,0,0,0,0,0,0,0,2,3,3,2,2,1
NA1_5641280226,35,16.18.817.5716,2429,70704,70939,-235,84409,89423,-5014,955,980,-25,35,35,0,6,5,1,3,1,2,1,3,0,0,0,0,0,0,0,2,3,2,2,2,1
NA1_5641280226,36,16.18.817.5716,2429,72514,72835,-321,85905,92284,-6379,986,1025,-39,35,35,0,6,5,1,3,1,2,1,3,0,0,0,0,0,0,0,2,3,2,2,2,1
NA1_5641280226,37,16.18.817.5716,2429,73924,74485,-561,87701,94481,-6780,994,1050,-56,36,36,0,6,5,1,4,1,3,0,3,1,0,0,0,0,0,0,2,3,2,2,2,1
NA1_5641280226,38,16.18.817.5716,2429,75778,75594,184,90042,95507,-5465,1031,1067,-36,36,36,0,6,5,1,4,1,3,0,3,1,0,0,0,0,0,0,2,3,2,2,2,1
NA1_5641280226,39,16.18.817.5716,2429,77180,77730,-550,91854,98013,-6159,1060,1090,-30,36,37,-1,6,5,1,4,1,3,0,3,1,0,0,0,0,0,0,2,3,2,2,2,1
NA1_5641280226,40,16.18.817.5716,2429,78828,79140,-312,93247,99417,-6170,1071,1117,-46,37,37,0,6,5,1,4,1,3,0,3,1,0,0,0,0,0,0,2,3,3,2,2,1
NA1_5641280226,40,16.18.817.5716,2429,81440,80126,1314,97912,100715,-2803,1078,1119,-41,41,38,3,6,5,1,4,1,3,0,3,1,0,0,0,0,0,0,2,3,3,2,2,1
NA1_5646529553,0,16.18.817.5716,1164,2500,2500,0,0,0,0,0,0,0,0,0,0,0,0,0,0,0,0,4,4,0,0,0,0,0,0,0,0,3,3,2,2,1
NA1_5646529553,1,16.18.817.5716,1164,2505,2505,0,0,0,0,0,0,0,0,0,0,0,0,0,0,0,0,4,4,0,0,0,0,0,0,0,0,3,3,2,2,1
NA1_5646529553,2,16.18.817.5716,1164,4361,3768,593,2409,2286,123,40,35,5,1,0,1,0,0,0,0,0,0,4,4,0,0,0,0,0,0,0,0,3,3,2,2,1
NA1_5646529553,3,16.18.817.5716,1164,6606,5311,1295,4582,3924,658,66,65,1,4,1,3,0,0,0,0,0,0,4,4,0,0,0,0,0,0,0,0,3,3,2,2,1
NA1_5646529553,4,16.18.817.5716,1164,8387,6336,2051,6440,5270,1170,92,83,9,6,1,5,0,0,0,0,0,0,4,4,0,0,0,0,0,0,0,0,3,3,2,2,1
NA1_5646529553,5,16.18.817.5716,1164,9616,7580,2036,8555,7312,1243,124,112,12,6,1,5,0,0,0,0,0,0,4,4,0,0,0,0,0,0,0,0,3,3,2,2,1
NA1_5646529553,6,16.18.817.5716,1164,11018,9436,1582,10472,9501,971,150,139,11,7,2,5,0,0,0,0,0,0,4,4,0,0,0,0,0,0,0,0,3,3,2,2,1
NA1_5646529553,7,16.18.817.5716,1164,12934,12037,897,12851,11988,863,184,172,12,8,4,4,0,0,0,0,0,0,4,4,0,0,0,0,0,0,0,0,3,3,2,2,1
NA1_5646529553,8,16.18.817.5716,1164,15165,13833,1332,15538,13934,1604,227,201,26,10,5,5,0,0,0,0,0,0,4,4,0,0,0,0,0,0,0,0,3,3,2,2,1
NA1_5646529553,9,16.18.817.5716,1164,17472,15575,1897,17948,15983,1965,259,239,20,12,5,7,0,0,0,0,0,0,4,4,0,0,0,0,0,0,0,0,3,3,2,2,1
NA1_5646529553,10,16.18.817.5716,1164,18982,16851,2131,20123,17981,2142,292,271,21,12,5,7,0,0,0,1,0,1,3,4,0,0,0,0,0,0,0,0,3,3,2,2,1
NA1_5646529553,11,16.18.817.5716,1164,20932,18730,2202,22889,19841,3048,333,296,37,13,6,7,0,0,0,1,0,1,3,4,0,0,0,0,0,0,0,0,3,3,2,2,1
NA1_5646529553,12,16.18.817.5716,1164,23060,20645,2415,26511,22762,3749,379,343,36,14,6,8,0,0,0,1,0,1,3,4,0,0,0,0,0,0,0,0,3,3,2,2,1
NA1_5646529553,13,16.18.817.5716,1164,25966,22660,3306,28839,24344,4495,412,363,49,15,7,8,1,0,1,1,0,1,3,4,0,0,0,0,0,0,0,0,3,3,2,2,1
NA1_5646529553,14,16.18.817.5716,1164,27646,23988,3658,31045,26560,4485,449,396,53,15,7,8,1,0,1,1,0,1,3,4,0,0,0,0,0,0,0,0,3,3,2,2,1
NA1_5646529553,15,16.18.817.5716,1164,29876,26323,3553,34015,30352,3663,487,428,59,16,8,8,2,0,2,2,0,2,2,4,0,0,0,0,0,0,0,0,3,3,2,2,1
NA1_5646529553,16,16.18.817.5716,1164,31945,27850,4095,36290,32188,4102,512,456,56,17,8,9,3,0,3,2,0,2,2,4,0,0,0,0,0,0,0,0,3,3,2,2,1
NA1_5646529553,17,16.18.817.5716,1164,36138,29201,6937,41391,33989,7402,570,489,81,20,8,12,4,0,4,2,0,2,2,4,0,0,0,0,1,0,0,0,3,3,2,2,1
NA1_5646529553,18,16.18.817.5716,1164,37638,30853,6785,43612,36847,6765,609,535,74,20,8,12,4,0,4,2,0,2,2,4,0,0,0,0,1,0,0,0,3,3,2,2,1
NA1_5646529553,19,16.18.817.5716,1164,40251,33250,7001,46913,39492,7421,650,569,81,22,9,13,4,0,4,2,0,2,2,4,0,0,0,0,1,0,0,0,3,3,2,2,1
NA1_5646529553,19,16.18.817.5716,1164,41333,33880,7453,49052,39879,9173,668,577,91,23,9,14,4,0,4,2,0,2,2,4,0,0,0,0,1,0,0,0,3,3,2,2,1
NA1_5646894770,0,16.18.817.5716,1718,2500,2500,0,0,0,0,0,0,0,0,0,0,0,0,0,0,0,0,4,4,0,0,0,0,0,0,0,0,3,3,2,2,1
NA1_5646894770,1,16.18.817.5716,1718,2518,2500,18,0,0,0,0,0,0,0,0,0,0,0,0,0,0,0,4,4,0,0,0,0,0,0,0,0,3,3,2,2,1
NA1_5646894770,2,16.18.817.5716,1718,3790,3887,-97,2482,2565,-83,37,42,-5,0,0,0,0,0,0,0,0,0,4,4,0,0,0,0,0,0,0,0,3,3,2,2,1
NA1_5646894770,3,16.18.817.5716,1718,5850,5407,443,5279,5066,213,82,82,0,1,0,1,0,0,0,0,0,0,4,4,0,0,0,0,0,0,0,0,3,3,2,2,1
NA1_5646894770,4,16.18.817.5716,1718,7637,6826,811,7207,6824,383,112,113,-1,2,0,2,0,0,0,0,0,0,4,4,0,0,0,0,0,0,0,0,3,3,2,2,1
NA1_5646894770,5,16.18.817.5716,1718,9468,8228,1240,9685,9065,620,157,153,4,3,0,3,0,0,0,0,0,0,4,4,0,0,0,0,0,0,0,0,3,3,2,2,1
NA1_5646894770,6,16.18.817.5716,1718,10982,9367,1615,12194,10819,1375,198,179,19,3,0,3,0,0,0,0,0,0,4,4,0,0,0,0,0,0,0,0,3,3,2,2,1
NA1_5646894770,7,16.18.817.5716,1718,12334,11168,1166,14093,13585,508,233,220,13,3,1,2,0,0,0,0,0,0,4,4,0,0,0,0,0,0,0,0,3,3,2,2,1
NA1_5646894770,8,16.18.817.5716,1718,14290,13248,1042,16480,16476,4,266,264,2,4,2,2,0,0,0,0,0,0,4,4,0,0,0,0,0,0,0,0,3,3,2,2,1
NA1_5646894770,9,16.18.817.5716,1718,16388,14850,1538,18412,18436,-24,299,301,-2,5,2,3,0,0,0,0,0,0,4,4,0,0,0,0,0,0,0,0,3,3,2,2,1
NA1_5646894770,10,16.18.817.5716,1718,17981,16053,1928,20252,20026,226,326,326,0,6,2,4,0,0,0,0,1,-1,4,3,0,0,0,0,0,0,0,0,3,3,2,2,1
NA1_5646894770,11,16.18.817.5716,1718,19486,18958,528,22139,23252,-1113,361,363,-2,6,5,1,0,0,0,0,1,-1,4,3,0,0,0,0,0,0,0,0,3,3,2,2,1
NA1_5646894770,12,16.18.817.5716,1718,21559,20629,930,24393,25227,-834,404,393,11,6,5,1,0,0,0,0,1,-1,4,3,0,0,0,0,0,0,0,0,3,3,2,2,1
NA1_5646894770,13,16.18.817.5716,1718,24741,22167,2574,28174,27716,458,429,414,15,9,6,3,0,0,0,0,1,-1,4,3,0,0,0,0,0,0,0,0,3,3,2,2,1
NA1_5646894770,14,16.18.817.5716,1718,26438,24046,2392,30293,29810,483,453,451,2,10,6,4,0,0,0,0,1,-1,4,3,0,0,0,0,0,0,0,0,3,3,2,2,1
NA1_5646894770,15,16.18.817.5716,1718,28736,25256,3480,33411,31630,1781,482,477,5,12,6,6,0,0,0,0,1,-1,4,3,0,0,0,0,0,0,0,0,3,3,2,2,1
NA1_5646894770,16,16.18.817.5716,1718,31859,27119,4740,37419,34551,2868,527,530,-3,14,6,8,1,0,1,0,1,-1,4,3,0,0,0,0,0,0,0,0,3,3,2,2,1
NA1_5646894770,17,16.18.817.5716,1718,34803,29040,5763,40769,37125,3644,567,558,9,16,7,9,2,0,2,0,1,-1,4,3,0,0,0,0,1,0,0,0,3,3,2,2,1
NA1_5646894770,18,16.18.817.5716,1718,36952,31069,5883,43922,40227,3695,614,595,19,18,8,10,2,0,2,1,1,0,3,3,0,0,0,0,1,0,0,0,3,3,2,2,1
NA1_5646894770,19,16.18.817.5716,1718,40671,33074,7597,47341,42916,4425,656,626,30,20,9,11,3,0,3,1,1,0,3,3,0,0,0,0,1,0,0,0,3,3,2,2,1
NA1_5646894770,20,16.18.817.5716,1718,42099,34923,7176,48630,46113,2517,673,681,-8,20,9,11,4,0,4,1,1,0,3,3,0,0,0,0,1,0,0,0,3,3,2,2,1
NA1_5646894770,21,16.18.817.5716,1718,43926,36971,6955,51517,48083,3434,729,712,17,20,9,11,4,1,3,1,1,0,3,3,0,0,0,0,1,0,0,0,3,3,2,2,1
NA1_5646894770,22,16.18.817.5716,1718,45480,39054,6426,53103,50306,2797,756,758,-2,20,9,11,5,2,3,1,1,0,3,3,0,0,0,0,1,0,0,0,3,3,2,2,1
NA1_5646894770,23,16.18.817.5716,1718,47320,41081,6239,55194,53424,1770,789,794,-5,20,10,10,6,2,4,2,1,1,2,3,0,0,0,0,1,0,0,0,3,3,2,2,1
NA1_5646894770,24,16.18.817.5716,1718,49729,43506,6223,57022,56478,544,802,832,-30,22,11,11,6,3,3,2,1,1,2,3,0,0,0,0,1,0,0,0,3,3,2,2,1
NA1_5646894770,25,16.18.817.5716,1718,52709,45184,7525,63317,58075,5242,836,864,-28,23,11,12,6,3,3,2,1,1,2,3,0,0,0,0,1,0,1,0,3,3,2,2,1
NA1_5646894770,26,16.18.817.5716,1718,55605,49505,6100,65625,61415,4210,862,870,-8,24,14,10,7,3,4,2,1,1,2,3,0,0,0,0,1,0,1,0,3,3,2,2,1
NA1_5646894770,27,16.18.817.5716,1718,56948,51426,5522,66996,64433,2563,887,920,-33,24,14,10,7,3,4,2,1,1,2,3,0,0,0,0,1,0,1,0,3,3,2,2,1
NA1_5646894770,28,16.18.817.5716,1718,60344,52908,7436,71117,65680,5437,919,940,-21,27,14,13,8,3,5,2,1,1,2,3,0,0,0,0,1,0,1,0,3,2,2,2,1
NA1_5646894770,29,16.18.817.5716,1718,63700,53422,10278,74698,66185,8513,931,947,-16,31,14,17,9,3,6,2,1,1,2,3,0,0,0,0,1,0,1,0,3,1,2,0,1
NA1_5639954332,0,16.18.816.5012,1376,2500,2500,0,0,0,0,0,0,0,0,0,0,0,0,0,0,0,0,4,4,0,0,0,0,0,0,0,0,3,3,2,2,0
NA1_5639954332,1,16.18.816.5012,1376,2520,2512,8,82,0,82,1,0,1,0,0,0,0,0,0,0,0,0,4,4,0,0,0,0,0,0,0,0,3,3,2,2,0
NA1_5639954332,2,16.18.816.5012,1376,3891,3874,17,2412,2601,-189,42,40,2,0,0,0,0,0,0,0,0,0,4,4,0,0,0,0,0,0,0,0,3,3,2,2,0
NA1_5639954332,3,16.18.816.5012,1376,5463,5358,105,5048,4866,182,88,81,7,0,0,0,0,0,0,0,0,0,4,4,0,0,0,0,0,0,0,0,3,3,2,2,0
NA1_5639954332,4,16.18.816.5012,1376,7249,6883,366,7360,7029,331,123,115,8,1,0,1,0,0,0,0,0,0,4,4,0,0,0,0,0,0,0,0,3,3,2,2,0
NA1_5639954332,5,16.18.816.5012,1376,8788,8626,162,9394,9095,299,159,149,10,1,1,0,0,0,0,0,0,0,4,4,0,0,0,0,0,0,0,0,3,3,2,2,0
NA1_5639954332,6,16.18.816.5012,1376,10089,10409,-320,11325,11373,-48,191,182,9,1,2,-1,0,0,0,0,0,0,4,4,0,0,0,0,0,0,0,0,3,3,2,2,0
NA1_5639954332,7,16.18.816.5012,1376,11573,12788,-1215,13603,13571,32,231,217,14,1,4,-3,0,0,0,0,1,-1,4,3,0,0,0,0,0,0,0,0,3,3,2,2,0
NA1_5639954332,8,16.18.816.5012,1376,12937,14434,-1497,15304,15665,-361,262,248,14,1,5,-4,0,0,0,0,1,-1,4,3,0,0,0,0,0,0,0,0,3,3,2,2,0
NA1_5639954332,9,16.18.816.5012,1376,14420,16918,-2498,17623,18629,-1006,287,290,-3,2,6,-4,0,0,0,0,1,-1,4,3,0,0,0,0,0,0,0,0,3,3,2,2,0
NA1_5639954332,10,16.18.816.5012,1376,16621,19280,-2659,19901,20776,-875,324,320,4,3,7,-4,0,1,-1,0,1,-1,4,3,0,0,0,0,0,0,0,0,3,3,2,2,0
NA1_5639954332,11,16.18.816.5012,1376,18221,22659,-4438,21475,23892,-2417,348,357,-9,4,10,-6,0,1,-1,0,1,-1,4,3,0,0,0,0,0,0,0,0,3,3,2,2,0
NA1_5639954332,12,16.18.816.5012,1376,19562,24288,-4726,23449,26038,-2589,377,397,-20,4,10,-6,0,1,-1,0,1,-1,4,3,0,0,0,0,0,0,0,0,3,3,2,2,0
NA1_5639954332,13,16.18.816.5012,1376,21746,26526,-4780,26781,29217,-2436,414,438,-24,5,11,-6,0,1,-1,0,2,-2,4,2,0,0,0,0,0,0,0,0,3,3,2,2,0
NA1_5639954332,14,16.18.816.5012,1376,24680,29268,-4588,29484,31826,-2342,437,468,-31,7,13,-6,0,1,-1,0,2,-2,4,2,0,0,0,0,0,0,0,0,3,3,2,2,0
NA1_5639954332,15,16.18.816.5012,1376,26340,31002,-4662,32172,34457,-2285,482,515,-33,7,13,-6,0,1,-1,0,2,-2,4,2,0,0,0,0,0,0,0,0,3,3,2,2,0
NA1_5639954332,16,16.18.816.5012,1376,28284,32670,-4386,34786,36946,-2160,525,554,-29,7,13,-6,0,1,-1,0,2,-2,4,2,0,0,0,0,0,0,0,0,3,3,2,2,0
NA1_5639954332,17,16.18.816.5012,1376,29496,37857,-8361,36476,41896,-5420,552,609,-57,7,17,-10,0,3,-3,0,2,-2,4,2,0,0,0,0,0,0,0,0,3,3,2,2,0
NA1_5639954332,18,16.18.816.5012,1376,33251,40656,-7405,40570,43911,-3341,580,630,-50,10,19,-9,1,4,-3,0,2,-2,4,2,0,0,0,0,0,1,0,0,3,3,2,2,0
NA1_5639954332,19,16.18.816.5012,1376,34806,43243,-8437,42149,47927,-5778,608,684,-76,10,20,-10,1,5,-4,0,3,-3,4,1,0,0,0,0,0,1,0,0,3,3,2,2,0
NA1_5639954332,20,16.18.816.5012,1376,36810,45701,-8891,44772,50842,-6070,647,711,-64,11,22,-11,1,5,-4,0,3,-3,4,1,0,0,0,0,0,1,0,0,3,3,2,2,0
NA1_5639954332,21,16.18.816.5012,1376,38097,48351,-10254,45829,56424,-10595,665,743,-78,11,23,-12,1,5,-4,0,3,-3,4,1,0,0,0,0,0,1,0,1,3,3,2,2,0
NA1_5639954332,22,16.18.816.5012,1376,39438,50719,-11281,47794,59262,-11468,693,795,-102,11,23,-12,1,5,-4,0,3,-3,4,1,0,0,0,0,0,1,0,1,3,3,2,2,0
NA1_5639954332,23,16.18.816.5012,1376,40573,54907,-14334,50146,65216,-15070,701,815,-114,12,26,-14,1,8,-7,0,3,-3,4,1,0,0,0,0,0,1,0,1,1,3,0,2,0
NA1_5643733395,0,16.18.817.5716,1486,2500,2500,0,0,0,0,0,0,0,0,0,0,0,0,0,0,0,0,4,4,0,0,0,0,0,0,0,0,3,3,2,2,0
NA1_5643733395,1,16.18.817.5716,1486,2500,2500,0,40,0,40,0,0,0,0,0,0,0,0,0,0,0,0,4,4,0,0,0,0,0,0,0,0,3,3,2,2,0
NA1_5643733395,2,16.18.817.5716,1486,3915,3768,147,2600,2101,499,45,33,12,0,0,0,0,0,0,0,0,0,4,4,0,0,0,0,0,0,0,0,3,3,2,2,0
NA1_5643733395,3,16.18.817.5716,1486,5434,5324,110,4888,5121,-233,79,76,3,0,0,0,0,0,0,0,0,0,4,4,0,0,0,0,0,0,0,0,3,3,2,2,0
NA1_5643733395,4,16.18.817.5716,1486,7986,6304,1682,7261,6419,842,113,95,18,2,0,2,0,0,0,0,0,0,4,4,0,0,0,0,0,0,0,0,3,3,2,2,0
NA1_5643733395,5,16.18.817.5716,1486,9251,8652,599,9360,9311,49,142,139,3,2,2,0,0,0,0,0,0,0,4,4,0,0,0,0,0,0,0,0,3,3,2,2,0
NA1_5643733395,6,16.18.817.5716,1486,11044,10408,636,11698,11324,374,170,165,5,3,3,0,0,0,0,0,1,-1,4,3,0,0,0,0,0,0,0,0,3,3,2,2,0
NA1_5643733395,7,16.18.817.5716,1486,12489,11577,912,13130,12769,361,190,190,0,4,3,1,0,0,0,0,1,-1,4,3,0,0,0,0,0,0,0,0,3,3,2,2,0
NA1_5643733395,8,16.18.817.5716,1486,14319,14136,183,14838,14667,171,218,217,1,5,6,-1,0,0,0,0,1,-1,4,3,0,0,0,0,0,0,0,0,3,3,2,2,0
NA1_5643733395,9,16.18.817.5716,1486,15982,16078,-96,16927,16843,84,243,247,-4,6,7,-1,0,0,0,0,1,-1,4,3,0,0,0,0,0,0,0,0,3,3,2,2,0
NA1_5643733395,10,16.18.817.5716,1486,17561,17630,-69,19171,18560,611,278,265,13,6,8,-2,0,0,0,0,1,-1,4,3,0,0,0,0,0,0,0,0,3,3,2,2,0
NA1_5643733395,11,16.18.817.5716,1486,19062,19349,-287,21437,21443,-6,314,305,9,6,9,-3,0,0,0,0,1,-1,4,3,0,0,0,0,0,0,0,0,3,3,2,2,0
NA1_5643733395,12,16.18.817.5716,1486,20663,22057,-1394,23063,24592,-1529,326,333,-7,7,12,-5,0,0,0,0,2,-2,4,2,0,0,0,0,0,0,0,0,3,3,2,2,0
NA1_5643733395,13,16.18.817.5716,1486,22786,23525,-739,26617,26388,229,361,363,-2,8,12,-4,0,0,0,0,2,-2,4,2,0,0,0,0,0,0,0,0,3,3,2,2,0
NA1_5643733395,14,16.18.817.5716,1486,24548,26156,-1608,27732,28817,-1085,367,381,-14,9,15,-6,0,0,0,0,2,-2,4,2,0,0,0,0,0,0,0,0,3,3,2,2,0
NA1_5643733395,15,16.18.817.5716,1486,27684,27936,-252,31590,31313,277,414,416,-2,10,16,-6,0,0,0,0,2,-2,4,2,0,0,0,0,0,0,0,0,3,3,2,2,0
NA1_5643733395,16,16.18.817.5716,1486,30150,30552,-402,34388,35120,-732,451,457,-6,11,18,-7,1,0,1,0,2,-2,4,2,0,0,0,0,0,0,0,0,3,3,2,2,0
NA1_5643733395,17,16.18.817.5716,1486,32031,32926,-895,36813,37536,-723,497,494,3,11,19,-8,1,1,0,0,2,-2,4,2,0,0,0,0,0,1,0,0,3,3,2,2,0
NA1_5643733395,18,16.18.817.5716,1486,33368,36513,-3145,37694,41271,-3577,517,534,-17,11,22,-11,2,3,-1,0,3,-3,4,1,0,0,0,0,0,1,0,0,3,3,2,2,0
NA1_5643733395,19,16.18.817.5716,1486,36639,39423,-2784,41647,44287,-2640,552,568,-16,13,24,-11,2,4,-2,0,3,-3,4,1,0,0,0,0,0,1,0,0,3,3,2,2,0
NA1_5643733395,20,16.18.817.5716,1486,40772,40521,251,46672,45054,1618,587,576,11,16,24,-8,4,4,0,0,3,-3,4,1,0,0,0,0,0,1,0,0,3,3,2,2,0
NA1_5643733395,21,16.18.817.5716,1486,42977,42855,122,49699,48726,973,641,627,14,16,25,-9,5,4,1,0,3,-3,4,1,0,0,0,0,0,1,0,0,3,3,2,2,0
NA1_5643733395,22,16.18.817.5716,1486,44283,45725,-1442,50928,54513,-3585,658,649,9,16,27,-11,5,4,1,0,3,-3,4,1,0,0,0,0,0,1,0,1,3,3,2,2,0
NA1_5643733395,23,16.18.817.5716,1486,45046,50442,-5396,51169,59537,-8368,664,678,-14,16,32,-16,5,5,0,0,3,-3,4,1,0,0,0,0,0,1,0,1,3,3,2,2,0
NA1_5643733395,24,16.18.817.5716,1486,46457,51940,-5483,53980,61500,-7520,696,706,-10,16,32,-16,5,5,0,0,4,-4,4,0,0,1,0,0,0,1,0,1,2,3,2,2,0
NA1_5643733395,25,16.18.817.5716,1486,47686,55085,-7399,54920,64730,-9810,712,722,-10,16,35,-19,5,7,-2,0,4,-4,4,0,0,1,0,0,0,1,0,1,2,3,2,2,0
NA1_5643834815,0,16.18.817.5716,1551,2500,2500,0,0,0,0,0,0,0,0,0,0,0,0,0,0,0,0,4,4,0,0,0,0,0,0,0,0,3,3,2,2,0
NA1_5643834815,1,16.18.817.5716,1551,2532,2500,32,0,0,0,1,0,1,0,0,0,0,0,0,0,0,0,4,4,0,0,0,0,0,0,0,0,3,3,2,2,0
NA1_5643834815,2,16.18.817.5716,1551,3933,3799,134,2578,2405,173,44,36,8,0,0,0,0,0,0,0,0,0,4,4,0,0,0,0,0,0,0,0,3,3,2,2,0
NA1_5643834815,3,16.18.817.5716,1551,5423,5458,-35,5029,5205,-176,83,87,-4,0,0,0,0,0,0,0,0,0,4,4,0,0,0,0,0,0,0,0,3,3,2,2,0
NA1_5643834815,4,16.18.817.5716,1551,7377,6664,713,7151,6943,208,114,115,-1,1,0,1,0,0,0,0,0,0,4,4,0,0,0,0,0,0,0,0,3,3,2,2,0
NA1_5643834815,5,16.18.817.5716,1551,9251,8866,385,9019,9378,-359,148,150,-2,2,2,0,0,0,0,0,0,0,4,4,0,0,0,0,0,0,0,0,3,3,2,2,0
NA1_5643834815,6,16.18.817.5716,1551,10833,10745,88,10481,11253,-772,169,176,-7,3,3,0,0,0,0,0,0,0,4,4,0,0,0,0,0,0,0,0,3,3,2,2,0
NA1_5643834815,7,16.18.817.5716,1551,12188,12741,-553,12800,13037,-237,205,204,1,3,4,-1,0,0,0,0,0,0,4,4,0,0,0,0,0,0,0,0,3,3,2,2,0
NA1_5643834815,8,16.18.817.5716,1551,13976,14756,-780,15041,15222,-181,232,239,-7,4,5,-1,0,0,0,0,0,0,4,4,0,0,0,0,0,0,0,0,3,3,2,2,0
NA1_5643834815,9,16.18.817.5716,1551,15218,16775,-1557,16932,18069,-1137,260,284,-24,4,6,-2,0,0,0,0,0,0,4,4,0,0,0,0,0,0,0,0,3,3,2,2,0
NA1_5643834815,10,16.18.817.5716,1551,17661,18741,-1080,19875,20154,-279,299,314,-15,6,7,-1,0,0,0,0,0,0,4,4,0,0,0,0,0,0,0,0,3,3,2,2,0
NA1_5643834815,11,16.18.817.5716,1551,18870,20109,-1239,22035,22163,-128,326,351,-25,6,7,-1,0,0,0,0,1,-1,4,3,0,0,0,0,0,0,0,0,3,3,2,2,0
NA1_5643834815,12,16.18.817.5716,1551,20524,22696,-2172,23779,25977,-2198,343,384,-41,7,9,-2,0,0,0,0,1,-1,4,3,0,0,0,0,0,0,0,0,3,3,2,2,0
NA1_5643834815,13,16.18.817.5716,1551,23172,25429,-2257,26255,28105,-1850,368,411,-43,9,10,-1,0,2,-2,0,1,-1,4,3,0,0,0,0,0,0,0,0,3,3,2,2,0
NA1_5643834815,14,16.18.817.5716,1551,25840,27044,-1204,29524,29552,-28,391,433,-42,12,10,2,0,2,-2,0,1,-1,4,3,0,0,0,0,0,0,0,0,3,3,2,2,0
NA1_5643834815,15,16.18.817.5716,1551,28508,29126,-618,33286,31954,1332,427,462,-35,14,11,3,0,2,-2,0,1,-1,4,3,0,0,0,0,0,0,0,0,3,3,2,2,0
NA1_5643834815,16,16.18.817.5716,1551,31369,32462,-1093,35958,35687,271,455,486,-31,16,15,1,1,2,-1,1,1,0,3,3,0,0,0,0,0,0,0,0,3,3,2,2,0
NA1_5643834815,17,16.18.817.5716,1551,32881,34526,-1645,37709,37614,95,490,517,-27,16,16,0,1,2,-1,1,1,0,3,3,0,0,0,0,0,0,0,0,3,3,2,2,0
NA1_5643834815,18,16.18.817.5716,1551,35524,37381,-1857,41298,40981,317,537,567,-30,17,17,0,2,3,-1,1,1,0,3,3,0,0,0,0,1,0,0,0,3,3,2,2,0
NA1_5643834815,19,16.18.817.5716,1551,37473,38839,-1366,44202,43231,971,569,601,-32,18,17,1,2,3,-1,1,1,0,3,3,0,0,0,0,1,0,0,0,3,3,2,2,0
NA1_5643834815,20,16.18.817.5716,1551,39523,40785,-1262,47162,45817,1345,601,643,-42,19,17,2,2,3,-1,1,1,0,3,3,0,0,0,0,1,0,0,0,3,3,2,2,0
NA1_5643834815,21,16.18.817.5716,1551,41325,43783,-2458,49144,49330,-186,628,658,-30,20,21,-1,2,3,-1,1,1,0,3,3,0,0,0,0,1,0,0,0,3,3,2,2,0
NA1_5643834815,22,16.18.817.5716,1551,43011,46550,-3539,51278,53587,-2309,648,710,-62,21,22,-1,2,4,-2,1,2,-1,3,2,0,0,0,0,1,0,0,0,3,3,2,2,0
NA1_5643834815,23,16.18.817.5716,1551,44535,48715,-4180,52414,55766,-3352,673,735,-62,21,24,-3,2,4,-2,1,2,-1,3,2,0,0,0,0,1,0,0,0,3,3,2,2,0
NA1_5643834815,24,16.18.817.5716,1551,46351,50750,-4399,55390,58628,-3238,722,786,-64,21,24,-3,2,4,-2,1,2,-1,3,2,0,0,0,0,1,0,0,0,3,3,2,2,0
NA1_5643834815,25,16.18.817.5716,1551,48324,53378,-5054,57999,61153,-3154,749,814,-65,22,25,-3,2,5,-3,1,2,-1,3,2,0,0,0,0,1,0,0,0,3,3,2,2,0
NA1_5643834815,26,16.18.817.5716,1551,49260,57719,-8459,58536,64947,-6411,749,833,-84,23,29,-6,2,7,-5,1,2,-1,3,2,0,0,0,0,1,0,0,0,3,3,2,2,0
